Id,TotalSteps,TotalDistance,TrackerDistance,LoggedActivitiesDistance,VeryActiveDistance,ModeratelyActiveDistance,LightActiveDistance,SedentaryActiveDistance,VeryActiveMinutes,FairlyActiveMinutes,LightlyActiveMinutes,SedentaryMinutes,Calories,Date,Hourly_Calories_Total,Hourly_Calories_Avg,Hourly_Calorie_Records,Hourly_Total_Intensity,Hourly_Avg_Intensity,Hourly_Max_Intensity,Hourly_Steps_Total,Hourly_Steps_Avg,Hourly_Max_Steps,Minute_Calories_Total,Minute_Calories_Avg,Minute_Calorie_Records,Minute_Intensity_Avg,Minute_Intensity_Total,Minute_Active_Count,Minute_VeryActive_Count,Minute_FairlyActive_Count,Minute_LightlyActive_Count,Minute_Sedentary_Count,METs_Avg,METs_Max,Minute_Steps_Total,Minute_Steps_Avg,Minute_Active_Step_Minutes,HeartRate_Avg,HeartRate_Min,HeartRate_Max,HeartRate_Median,HeartRate_Std,HeartRate_Readings,Sleep_Records,Sleep_Minutes,Time_In_Bed_Minutes,Sleep_Efficiency_Pct,Weight_Kg,Weight_Pounds,Body_Fat_Pct,BMI,Weight_Logs,Day_Of_Week,Day_Of_Week_Num,Is_Weekend,Month,Week,Total_Active_Minutes,Active_Minutes_Pct,Very_Active_Pct,Meets_10k_Steps,Sleep_7h_Target,BMI_Category
1503960366,13162,8.5,8.5,0.0,1.88,0.55,6.06,0.0,25,13,328,728,1985,2016-04-12,1988.0,82.833,24.0,429.0,0.298,58.0,13158.0,548.25,2063.0,1985.205,1.379,1440.0,0.298,429.0,366.0,25.0,13.0,328.0,1074.0,17.528,99.0,13158.0,9.138,366.0,,,,,,,1.0,327.0,346.0,94.509,,,,,,Tuesday,1,False,4,15,366,33.455,6.831,True,False,
1503960366,10735,6.97,6.97,0.0,1.57,0.69,4.71,0.0,21,19,217,776,1797,2016-04-13,1798.0,74.917,24.0,318.0,0.221,56.0,10735.0,447.292,1766.0,1797.86,1.249,1440.0,0.221,318.0,257.0,21.0,19.0,217.0,1183.0,15.874,111.0,10735.0,7.455,257.0,,,,,,,2.0,384.0,407.0,94.349,,,,,,Wednesday,2,False,4,15,257,24.879,8.171,True,False,
1503960366,10460,6.74,6.74,0.0,2.44,0.4,3.91,0.0,30,11,181,1218,1776,2016-04-14,1776.0,74.0,24.0,293.0,0.203,57.0,10460.0,435.833,2670.0,1776.625,1.234,1440.0,0.203,293.0,222.0,30.0,11.0,181.0,1218.0,15.687,97.0,10460.0,7.264,222.0,,,,,,,,,,,,,,,,Thursday,3,False,4,15,222,15.417,13.514,True,,
1503960366,9762,6.28,6.28,0.0,2.14,1.26,2.83,0.0,29,34,209,726,1745,2016-04-15,1745.0,72.708,24.0,364.0,0.253,95.0,9685.0,403.542,2768.0,1745.243,1.212,1440.0,0.253,364.0,272.0,29.0,34.0,209.0,1168.0,15.41,97.0,9685.0,6.726,272.0,,,,,,,1.0,412.0,442.0,93.213,,,,,,Friday,4,False,4,15,272,27.255,10.662,False,False,
1503960366,12669,8.16,8.16,0.0,2.71,0.41,5.04,0.0,36,10,221,773,1863,2016-04-16,1866.0,77.75,24.0,349.0,0.242,90.0,12669.0,527.875,3616.0,1863.533,1.294,1440.0,0.242,349.0,267.0,36.0,10.0,221.0,1173.0,16.454,103.0,12669.0,8.798,267.0,,,,,,,2.0,340.0,367.0,92.643,,,,,,Saturday,5,True,4,15,267,25.673,13.483,True,False,
1503960366,9705,6.48,6.48,0.0,3.19,0.78,2.51,0.0,38,20,164,539,1728,2016-04-17,1730.0,72.083,24.0,318.0,0.221,87.0,9705.0,404.375,2955.0,1728.098,1.2,1440.0,0.221,318.0,222.0,38.0,20.0,164.0,1218.0,15.258,95.0,9705.0,6.74,222.0,,,,,,,1.0,700.0,712.0,98.315,,,,,,Sunday,6,True,4,15,222,29.172,17.117,False,True,
1503960366,13019,8.59,8.59,0.0,3.25,0.64,4.71,0.0,42,16,233,1149,1921,2016-04-18,1920.0,80.0,24.0,391.0,0.272,114.0,13019.0,542.458,4074.0,1921.655,1.334,1440.0,0.272,391.0,291.0,42.0,16.0,233.0,1149.0,16.967,107.0,13019.0,9.041,291.0,,,,,,,,,,,,,,,,Monday,0,False,4,16,291,20.208,14.433,True,,
1503960366,15506,9.88,9.88,0.0,3.53,1.32,5.03,0.0,50,31,264,775,2035,2016-04-19,2034.0,84.75,24.0,476.0,0.331,69.0,15506.0,646.083,2697.0,2035.698,1.414,1440.0,0.331,476.0,345.0,50.0,31.0,264.0,1095.0,17.974,109.0,15506.0,10.768,345.0,,,,,,,1.0,304.0,320.0,95.0,,,,,,Tuesday,1,False,4,16,345,30.804,14.493,True,False,
1503960366,10544,6.68,6.68,0.0,1.96,0.48,4.24,0.0,28,12,205,818,1786,2016-04-20,1785.0,74.375,24.0,313.0,0.217,50.0,10544.0,439.333,1993.0,1786.613,1.241,1440.0,0.217,313.0,245.0,28.0,12.0,205.0,1195.0,15.775,84.0,10544.0,7.322,245.0,,,,,,,1.0,360.0,377.0,95.491,,,,,,Wednesday,2,False,4,16,245,23.048,11.429,True,False,
1503960366,9819,6.34,6.34,0.0,1.34,0.35,4.65,0.0,19,8,211,838,1775,2016-04-21,1777.0,74.042,24.0,284.0,0.197,92.0,9819.0,409.125,3541.0,1775.681,1.233,1440.0,0.197,284.0,238.0,19.0,8.0,211.0,1202.0,15.678,103.0,9819.0,6.819,238.0,,,,,,,1.0,325.0,364.0,89.286,,,,,,Thursday,3,False,4,16,238,22.119,7.983,False,False,
1503960366,12764,8.13,8.13,0.0,4.76,1.12,2.24,0.0,66,27,130,1217,1827,2016-04-22,1825.0,76.042,24.0,382.0,0.265,159.0,12764.0,531.833,5934.0,1827.983,1.269,1440.0,0.265,382.0,223.0,66.0,27.0,130.0,1217.0,16.14,93.0,12764.0,8.864,223.0,,,,,,,,,,,,,,,,Friday,4,False,4,16,223,15.486,29.596,True,,
1503960366,14371,9.04,9.04,0.0,2.81,0.87,5.36,0.0,41,21,262,732,1949,2016-04-23,1948.0,81.167,24.0,427.0,0.297,66.0,14371.0,598.792,2569.0,1949.419,1.354,1440.0,0.297,427.0,324.0,41.0,21.0,262.0,1116.0,17.212,80.0,14371.0,9.98,324.0,,,,,,,1.0,361.0,384.0,94.01,,,,,,Saturday,5,True,4,16,324,30.682,12.654,True,False,
1503960366,10039,6.41,6.41,0.0,2.92,0.21,3.28,0.0,39,5,238,709,1788,2016-04-24,1790.0,74.583,24.0,365.0,0.253,131.0,10039.0,418.292,4871.0,1788.973,1.242,1440.0,0.253,365.0,282.0,39.0,5.0,238.0,1158.0,15.796,93.0,10039.0,6.972,282.0,,,,,,,1.0,430.0,449.0,95.768,,,,,,Sunday,6,True,4,16,282,28.456,13.83,True,True,
1503960366,15355,9.8,9.8,0.0,5.29,0.57,3.94,0.0,73,14,216,814,2013,2016-04-25,2010.0,83.75,24.0,463.0,0.322,132.0,15355.0,639.792,4895.0,2013.125,1.398,1440.0,0.322,463.0,303.0,73.0,14.0,216.0,1137.0,17.775,95.0,15355.0,10.663,303.0,,,,,,,1.0,277.0,323.0,85.759,,,,,,Monday,0,False,4,17,303,27.126,24.092,True,False,
1503960366,13755,8.79,8.79,0.0,2.33,0.92,5.54,0.0,31,23,279,833,1970,2016-04-26,1973.0,82.208,24.0,418.0,0.29,72.0,13755.0,573.125,2513.0,1970.654,1.369,1440.0,0.29,418.0,333.0,31.0,23.0,279.0,1107.0,17.4,93.0,13755.0,9.552,333.0,,,,,,,1.0,245.0,274.0,89.416,,,,,,Tuesday,1,False,4,17,333,28.559,9.309,True,False,
1503960366,18134,12.21,12.21,0.0,6.4,0.41,5.41,0.0,78,11,243,1108,2159,2016-04-27,2159.0,89.958,24.0,499.0,0.347,150.0,18125.0,755.208,5786.0,2159.021,1.499,1440.0,0.347,499.0,332.0,78.0,11.0,243.0,1108.0,19.063,97.0,18125.0,12.587,332.0,,,,,,,,,,,,,,,,Wednesday,2,False,4,17,332,23.056,23.494,True,,
1503960366,13154,8.53,8.53,0.0,3.54,1.16,3.79,0.0,48,28,189,782,1898,2016-04-28,1901.0,79.208,24.0,389.0,0.27,56.0,13091.0,545.458,2122.0,1898.69,1.319,1440.0,0.27,389.0,265.0,48.0,28.0,189.0,1175.0,16.765,103.0,13091.0,9.091,265.0,,,,,,,1.0,366.0,393.0,93.13,,,,,,Thursday,3,False,4,17,265,25.31,18.113,True,False,
1503960366,11181,7.15,7.15,0.0,1.06,0.5,5.58,0.0,16,12,243,815,1837,2016-04-29,1839.0,76.625,24.0,315.0,0.219,56.0,11181.0,465.875,1820.0,1837.657,1.276,1440.0,0.219,315.0,271.0,16.0,12.0,243.0,1169.0,16.226,99.0,11181.0,7.765,271.0,,,,,,,1.0,341.0,354.0,96.328,,,,,,Friday,4,False,4,17,271,24.954,5.904,True,False,
1503960366,14673,9.25,9.25,0.0,3.56,1.42,4.27,0.0,52,34,217,712,1947,2016-04-30,1947.0,81.125,24.0,441.0,0.306,99.0,14673.0,611.375,3388.0,1947.61,1.353,1440.0,0.306,441.0,303.0,52.0,34.0,217.0,1137.0,17.197,88.0,14673.0,10.19,303.0,,,,,,,1.0,404.0,425.0,95.059,,,,,,Saturday,5,True,4,17,303,29.852,17.162,True,False,
1503960366,10602,6.81,6.81,0.0,2.29,1.6,2.92,0.0,33,35,246,730,1820,2016-05-01,1828.0,76.167,24.0,415.0,0.288,76.0,10602.0,441.75,2557.0,1831.129,1.272,1440.0,0.288,415.0,314.0,33.0,35.0,246.0,1126.0,16.168,95.0,10602.0,7.362,314.0,,,,,,,1.0,369.0,396.0,93.182,,,,,,Sunday,6,True,5,17,314,30.077,10.51,True,False,
1503960366,14727,9.71,9.71,0.0,3.21,0.57,5.92,0.0,41,15,277,798,2004,2016-05-02,2016.0,84.0,24.0,430.0,0.299,105.0,14710.0,612.917,3903.0,2017.766,1.401,1440.0,0.299,430.0,333.0,41.0,15.0,277.0,1107.0,17.816,105.0,14710.0,10.215,333.0,,,,,,,1.0,277.0,309.0,89.644,52.6,115.963,22.0,22.65,1.0,Monday,0,False,5,18,333,29.443,12.312,True,False,Healthy
1503960366,15103,9.66,9.66,0.0,3.73,1.05,4.88,0.0,50,24,254,816,1990,2016-05-03,1992.0,83.0,24.0,452.0,0.314,86.0,15103.0,629.292,3119.0,1990.773,1.382,1440.0,0.314,452.0,328.0,50.0,24.0,254.0,1112.0,17.692,93.0,15103.0,10.488,328.0,,,,,,,1.0,273.0,296.0,92.23,52.6,115.963,,22.65,1.0,Tuesday,1,False,5,18,328,28.671,15.244,True,False,Healthy
1503960366,11100,7.15,7.15,0.0,2.46,0.87,3.82,0.0,36,22,203,1179,1819,2016-05-04,1819.0,75.792,24.0,355.0,0.247,67.0,11100.0,462.5,2284.0,1819.646,1.264,1440.0,0.247,355.0,261.0,36.0,22.0,203.0,1179.0,16.172,101.0,11100.0,7.708,261.0,,,,,,,,,,,,,,,,Wednesday,2,False,5,18,261,18.125,13.793,True,,
1503960366,14070,8.9,8.9,0.0,2.92,1.08,4.88,0.0,45,24,250,857,1959,2016-05-05,1960.0,81.667,24.0,433.0,0.301,113.0,14047.0,585.292,3897.0,1959.908,1.361,1440.0,0.301,433.0,319.0,45.0,24.0,250.0,1121.0,17.418,105.0,14047.0,9.755,319.0,,,,,,,1.0,247.0,264.0,93.561,,,,,,Thursday,3,False,5,18,319,27.126,14.107,True,False,
1503960366,12159,8.03,8.03,0.0,1.97,0.25,5.81,0.0,24,6,289,754,1896,2016-05-06,1897.0,79.042,24.0,373.0,0.259,55.0,12159.0,506.625,2500.0,1896.614,1.317,1440.0,0.259,373.0,319.0,24.0,6.0,289.0,1121.0,16.856,107.0,12159.0,8.444,319.0,,,,,,,1.0,334.0,367.0,91.008,,,,,,Friday,4,False,5,18,319,29.73,7.524,True,False,
1503960366,11992,7.71,7.71,0.0,2.46,2.12,3.13,0.0,37,46,175,833,1821,2016-05-07,1819.0,75.792,24.0,378.0,0.263,108.0,11992.0,499.667,3696.0,1821.522,1.265,1440.0,0.262,378.0,258.0,37.0,46.0,175.0,1182.0,16.188,99.0,11992.0,8.328,258.0,,,,,,,1.0,331.0,349.0,94.842,,,,,,Saturday,5,True,5,18,258,23.648,14.341,True,False,
1503960366,10060,6.58,6.58,0.0,3.53,0.32,2.73,0.0,44,8,203,574,1740,2016-05-08,1740.0,72.5,24.0,351.0,0.244,115.0,10060.0,419.167,4472.0,1740.569,1.209,1440.0,0.244,351.0,255.0,44.0,8.0,203.0,1185.0,15.469,97.0,10060.0,6.986,255.0,,,,,,,1.0,594.0,611.0,97.218,,,,,,Sunday,6,True,5,18,255,30.76,17.255,True,True,
1503960366,12022,7.72,7.72,0.0,3.45,0.53,3.74,0.0,46,11,206,835,1819,2016-05-09,1820.0,75.833,24.0,366.0,0.254,75.0,12022.0,500.917,2692.0,1819.802,1.264,1440.0,0.254,366.0,263.0,46.0,11.0,206.0,1177.0,16.173,93.0,12022.0,8.349,263.0,,,,,,,1.0,338.0,342.0,98.83,,,,,,Monday,0,False,5,19,263,23.953,17.49,True,False,
1503960366,12207,7.77,7.77,0.0,3.35,1.16,3.26,0.0,46,31,214,746,1859,2016-05-10,1861.0,77.542,24.0,414.0,0.288,73.0,12207.0,508.625,2494.0,1859.576,1.291,1440.0,0.288,414.0,291.0,46.0,31.0,214.0,1149.0,16.526,93.0,12207.0,8.477,291.0,,,,,,,1.0,383.0,403.0,95.037,,,,,,Tuesday,1,False,5,19,291,28.062,15.808,True,False,
1503960366,12770,8.13,8.13,0.0,2.56,1.01,4.55,0.0,36,23,251,669,1783,2016-05-11,1724.0,82.095,21.0,393.0,0.312,102.0,11890.0,566.19,3449.0,1723.221,1.368,1260.0,0.312,393.0,298.0,36.0,23.0,239.0,962.0,17.502,101.0,11890.0,9.437,298.0,,,,,,,1.0,285.0,306.0,93.137,,,,,,Wednesday,2,False,5,19,310,31.665,11.613,True,False,
1503960366,0,0.0,0.0,0.0,0.0,0.0,0.0,0.0,0,0,0,1440,0,2016-05-12,,,,,,,,,,,,,,,,,,,,,,,,,,,,,,,,,,,,,,,,Thursday,3,False,5,19,0,0.0,0.0,False,,
1624580081,8163,5.31,5.31,0.0,0.0,0.0,5.31,0.0,0,0,146,1294,1432,2016-04-12,1433.0,59.708,24.0,146.0,0.101,60.0,8163.0,340.125,5375.0,1432.145,0.995,1440.0,0.101,146.0,146.0,0.0,0.0,146.0,1294.0,11.968,72.0,8163.0,5.669,127.0,,,,,,,,,,,,,,,,Tuesday,1,False,4,15,146,10.139,0.0,False,,
1624580081,7007,4.55,4.55,0.0,0.0,0.0,4.55,0.0,0,0,148,1292,1411,2016-04-13,1412.0,58.833,24.0,148.0,0.103,45.0,7007.0,291.958,3685.0,1411.869,0.98,1440.0,0.103,148.0,148.0,0.0,0.0,148.0,1292.0,11.799,82.0,7007.0,4.866,122.0,,,,,,,,,,,,,,,,Wednesday,2,False,4,15,148,10.278,0.0,False,,
1624580081,9107,5.92,5.92,0.0,0.0,0.0,5.91,0.01,0,0,236,1204,1572,2016-04-14,1575.0,65.625,24.0,236.0,0.164,45.0,9107.0,379.458,4148.0,1572.086,1.092,1440.0,0.164,236.0,236.0,0.0,0.0,236.0,1204.0,13.138,74.0,9107.0,6.324,169.0,,,,,,,,,,,,,,,,Thursday,3,False,4,15,236,16.389,0.0,False,,
1624580081,1510,0.98,0.98,0.0,0.0,0.0,0.97,0.0,0,0,96,1344,1344,2016-04-15,1346.0,56.083,24.0,96.0,0.067,25.0,1490.0,62.083,415.0,1344.059,0.933,1440.0,0.067,96.0,96.0,0.0,0.0,96.0,1344.0,11.232,66.0,1490.0,1.035,63.0,,,,,,,,,,,,,,,,Friday,4,False,4,15,96,6.667,0.0,False,,
1624580081,5370,3.49,3.49,0.0,0.0,0.0,3.49,0.0,0,0,176,1264,1463,2016-04-16,1466.0,61.083,24.0,176.0,0.122,44.0,5370.0,223.75,1962.0,1463.723,1.016,1440.0,0.122,176.0,176.0,0.0,0.0,176.0,1264.0,12.232,72.0,5370.0,3.729,145.0,,,,,,,,,,,,,,,,Saturday,5,True,4,15,176,12.222,0.0,False,,
1624580081,6175,4.06,4.06,0.0,1.03,1.52,1.49,0.01,15,22,127,1276,1554,2016-04-17,1555.0,64.792,24.0,216.0,0.15,50.0,6150.0,256.25,2047.0,1554.469,1.079,1440.0,0.15,216.0,164.0,15.0,22.0,127.0,1276.0,12.99,86.0,6150.0,4.271,107.0,,,,,,,,,,,,,,,,Sunday,6,True,4,15,164,11.389,9.146,False,,
1624580081,10536,7.41,7.41,0.0,2.15,0.62,4.62,0.01,17,7,202,1214,1604,2016-04-18,1604.0,66.833,24.0,267.0,0.185,70.0,10536.0,439.0,4120.0,1604.495,1.114,1440.0,0.185,267.0,226.0,17.0,7.0,202.0,1214.0,13.408,79.0,10536.0,7.317,173.0,,,,,,,,,,,,,,,,Monday,0,False,4,16,226,15.694,7.522,True,,
1624580081,2916,1.9,1.9,0.0,0.0,0.0,1.9,0.0,0,0,141,1299,1435,2016-04-19,1438.0,59.917,24.0,141.0,0.098,30.0,2916.0,121.5,826.0,1435.469,0.997,1440.0,0.098,141.0,141.0,0.0,0.0,141.0,1299.0,11.996,84.0,2916.0,2.025,92.0,,,,,,,,,,,,,,,,Tuesday,1,False,4,16,141,9.792,0.0,False,,
1624580081,4974,3.23,3.23,0.0,0.0,0.0,3.23,0.0,0,0,151,1289,1446,2016-04-20,1448.0,60.333,24.0,151.0,0.105,44.0,4974.0,207.25,2608.0,1446.106,1.004,1440.0,0.105,151.0,151.0,0.0,0.0,151.0,1289.0,12.085,104.0,4974.0,3.454,124.0,,,,,,,,,,,,,,,,Wednesday,2,False,4,16,151,10.486,0.0,False,,
1624580081,6349,4.13,4.13,0.0,0.0,0.0,4.11,0.02,0,0,186,1254,1467,2016-04-21,1468.0,61.167,24.0,186.0,0.129,56.0,6349.0,264.542,2880.0,1466.715,1.019,1440.0,0.129,186.0,186.0,0.0,0.0,186.0,1254.0,12.257,102.0,6349.0,4.409,153.0,,,,,,,,,,,,,,,,Thursday,3,False,4,16,186,12.917,0.0,False,,
1624580081,4026,2.62,2.62,0.0,0.0,0.0,2.6,0.0,0,0,199,1241,1470,2016-04-22,1471.0,61.292,24.0,199.0,0.138,32.0,4002.0,166.75,1013.0,1470.87,1.021,1440.0,0.138,199.0,199.0,0.0,0.0,199.0,1241.0,12.292,66.0,4002.0,2.779,123.0,,,,,,,,,,,,,,,,Friday,4,False,4,16,199,13.819,0.0,False,,
1624580081,8538,5.55,5.55,0.0,0.0,0.0,5.54,0.01,0,0,227,1213,1562,2016-04-23,1561.0,65.042,24.0,227.0,0.158,51.0,8538.0,355.75,2666.0,1562.945,1.085,1440.0,0.158,227.0,227.0,0.0,0.0,227.0,1213.0,13.061,84.0,8538.0,5.929,188.0,,,,,,,,,,,,,,,,Saturday,5,True,4,16,227,15.764,0.0,False,,
1624580081,6076,3.95,3.95,0.0,1.15,0.91,1.89,0.0,16,18,185,1221,1617,2016-04-24,1618.0,67.417,24.0,269.0,0.187,56.0,6076.0,253.167,1604.0,1617.126,1.123,1440.0,0.187,269.0,219.0,16.0,18.0,185.0,1221.0,13.514,88.0,6076.0,4.219,136.0,,,,,,,,,,,,,,,,Sunday,6,True,4,16,219,15.208,7.306,False,,
1624580081,6497,4.22,4.22,0.0,0.0,0.0,4.2,0.02,0,0,202,1238,1492,2016-04-25,1493.0,62.208,24.0,202.0,0.14,36.0,6487.0,270.292,2401.0,1492.476,1.036,1440.0,0.14,202.0,202.0,0.0,0.0,202.0,1238.0,12.472,54.0,6487.0,4.505,164.0,,,,,,,,,,,,,,,,Monday,0,False,4,17,202,14.028,0.0,False,,
1624580081,2826,1.84,1.84,0.0,0.0,0.0,1.83,0.01,0,0,140,1300,1402,2016-04-26,1402.0,58.417,24.0,140.0,0.097,19.0,2826.0,117.75,470.0,1402.229,0.974,1440.0,0.097,140.0,140.0,0.0,0.0,140.0,1300.0,11.718,50.0,2826.0,1.962,94.0,,,,,,,,,,,,,,,,Tuesday,1,False,4,17,140,9.722,0.0,False,,
1624580081,8367,5.44,5.44,0.0,1.11,1.87,2.46,0.0,17,36,154,1233,1670,2016-04-27,1672.0,69.667,24.0,277.0,0.192,112.0,8367.0,348.625,4016.0,1670.144,1.16,1440.0,0.192,277.0,207.0,17.0,36.0,154.0,1233.0,13.957,74.0,8367.0,5.81,138.0,,,,,,,,,,,,,,,,Wednesday,2,False,4,17,207,14.375,8.213,False,,
1624580081,2759,1.79,1.79,0.0,0.0,0.2,1.6,0.0,0,5,115,1320,1401,2016-04-28,1404.0,58.5,24.0,125.0,0.087,25.0,2759.0,114.958,635.0,1401.897,0.974,1440.0,0.087,125.0,120.0,0.0,5.0,115.0,1320.0,11.715,84.0,2759.0,1.916,96.0,,,,,,,,,,,,,,,,Thursday,3,False,4,17,120,8.333,0.0,False,,
1624580081,2390,1.55,1.55,0.0,0.0,0.0,1.55,0.0,0,0,150,1290,1404,2016-04-29,1406.0,58.583,24.0,150.0,0.104,24.0,2390.0,99.583,790.0,1404.39,0.975,1440.0,0.104,150.0,150.0,0.0,0.0,150.0,1290.0,11.736,52.0,2390.0,1.66,90.0,,,,,,,,,,,,,,,,Friday,4,False,4,17,150,10.417,0.0,False,,
1624580081,6474,4.3,4.3,0.0,0.9,1.28,2.12,0.01,11,23,224,1182,1655,2016-04-30,1656.0,69.0,24.0,303.0,0.21,87.0,6474.0,269.75,3579.0,1655.518,1.15,1440.0,0.21,303.0,258.0,11.0,23.0,224.0,1182.0,13.835,87.0,6474.0,4.496,146.0,,,,,,,,,,,,,,,,Saturday,5,True,4,17,258,17.917,4.264,False,,
1624580081,36019,28.03,28.03,0.0,21.92,4.19,1.91,0.02,186,63,171,1020,2690,2016-05-01,2692.0,112.167,24.0,855.0,0.594,169.0,36019.0,1500.792,8976.0,2690.778,1.869,1440.0,0.594,855.0,420.0,186.0,63.0,171.0,1020.0,22.486,107.0,36019.0,25.013,341.0,,,,,,,,,,,,,,,,Sunday,6,True,5,17,420,29.167,44.286,True,,
1624580081,7155,4.93,4.93,0.0,0.86,0.59,3.47,0.0,7,6,166,1261,1497,2016-05-02,1497.0,62.375,24.0,199.0,0.138,58.0,7155.0,298.125,3261.0,1497.13,1.04,1440.0,0.138,199.0,179.0,7.0,6.0,166.0,1261.0,12.511,87.0,7155.0,4.969,137.0,,,,,,,,,,,,,,,,Monday,0,False,5,18,179,12.431,3.911,False,,
1624580081,2100,1.37,1.37,0.0,0.0,0.0,1.34,0.02,0,0,96,1344,1334,2016-05-03,1334.0,55.583,24.0,96.0,0.067,23.0,2100.0,87.5,585.0,1334.254,0.927,1440.0,0.067,96.0,96.0,0.0,0.0,96.0,1344.0,11.15,42.0,2100.0,1.458,69.0,,,,,,,,,,,,,,,,Tuesday,1,False,5,18,96,6.667,0.0,False,,
1624580081,2193,1.43,1.43,0.0,0.0,0.0,1.42,0.0,0,0,118,1322,1368,2016-05-04,1372.0,57.167,24.0,118.0,0.082,27.0,2193.0,91.375,634.0,1368.823,0.951,1440.0,0.082,118.0,118.0,0.0,0.0,118.0,1322.0,11.439,54.0,2193.0,1.523,83.0,,,,,,,,,,,,,,,,Wednesday,2,False,5,18,118,8.194,0.0,False,,
1624580081,2470,1.61,1.61,0.0,0.0,0.0,1.58,0.02,0,0,117,1323,1370,2016-05-05,1372.0,57.167,24.0,117.0,0.081,26.0,2470.0,102.917,523.0,1370.818,0.952,1440.0,0.081,117.0,117.0,0.0,0.0,117.0,1323.0,11.456,60.0,2470.0,1.715,84.0,,,,,,,,,,,,,,,,Thursday,3,False,5,18,117,8.125,0.0,False,,
1624580081,1727,1.12,1.12,0.0,0.0,0.0,1.12,0.01,0,0,102,1338,1341,2016-05-06,1341.0,55.875,24.0,102.0,0.071,17.0,1727.0,71.958,230.0,1341.234,0.931,1440.0,0.071,102.0,102.0,0.0,0.0,102.0,1338.0,11.208,52.0,1727.0,1.199,67.0,,,,,,,,,,,,,,,,Friday,4,False,5,18,102,7.083,0.0,False,,
1624580081,2104,1.37,1.37,0.0,0.0,0.0,1.37,0.0,0,0,182,1258,1474,2016-05-07,1474.0,61.417,24.0,182.0,0.126,31.0,2104.0,87.667,417.0,1474.028,1.024,1440.0,0.126,182.0,182.0,0.0,0.0,182.0,1258.0,12.318,72.0,2104.0,1.461,84.0,,,,,,,,,,,,,,,,Saturday,5,True,5,18,182,12.639,0.0,False,,
1624580081,3427,2.23,2.23,0.0,0.0,0.0,2.22,0.0,0,0,152,1288,1427,2016-05-08,1426.0,59.417,24.0,152.0,0.106,18.0,3427.0,142.792,588.0,1427.326,0.991,1440.0,0.106,152.0,152.0,0.0,0.0,152.0,1288.0,11.928,48.0,3427.0,2.38,116.0,,,,,,,,,,,,,,,,Sunday,6,True,5,18,152,10.556,0.0,False,,
1624580081,1732,1.13,1.13,0.0,0.0,0.0,1.13,0.0,0,0,91,1349,1328,2016-05-09,1329.0,55.375,24.0,91.0,0.063,19.0,1732.0,72.167,309.0,1328.603,0.923,1440.0,0.063,91.0,91.0,0.0,0.0,91.0,1349.0,11.103,42.0,1732.0,1.203,66.0,,,,,,,,,,,,,,,,Monday,0,False,5,19,91,6.319,0.0,False,,
1624580081,2969,1.93,1.93,0.0,0.0,0.0,1.92,0.01,0,0,139,1301,1393,2016-05-10,1393.0,58.042,24.0,139.0,0.097,32.0,2969.0,123.708,1376.0,1393.255,0.968,1440.0,0.097,139.0,139.0,0.0,0.0,139.0,1301.0,11.643,44.0,2969.0,2.062,91.0,,,,,,,,,,,,,,,,Tuesday,1,False,5,19,139,9.653,0.0,False,,
1624580081,3134,2.04,2.04,0.0,0.0,0.0,2.04,0.0,0,0,112,1328,1359,2016-05-11,1363.0,56.792,24.0,112.0,0.078,22.0,3134.0,130.583,861.0,1359.017,0.944,1440.0,0.078,112.0,112.0,0.0,0.0,112.0,1328.0,11.357,42.0,3134.0,2.176,77.0,,,,,,,,,,,,,,,,Wednesday,2,False,5,19,112,7.778,0.0,False,,
1624580081,2971,1.93,1.93,0.0,0.0,0.0,1.92,0.01,0,0,107,890,1002,2016-05-12,959.0,59.938,16.0,99.0,0.103,35.0,2739.0,171.188,1795.0,957.977,0.998,960.0,0.103,99.0,99.0,0.0,0.0,99.0,861.0,12.008,56.0,2739.0,2.853,65.0,,,,,,,,,,,,,,,,Thursday,3,False,5,19,107,10.732,0.0,False,,
1644430081,10694,7.77,7.77,0.0,0.14,2.3,5.33,0.0,2,51,256,1131,3199,2016-04-12,3200.0,133.333,24.0,364.0,0.253,65.0,10694.0,445.583,2076.0,3199.587,2.222,1440.0,0.253,364.0,309.0,2.0,51.0,256.0,1131.0,15.811,76.0,10694.0,7.426,310.0,,,,,,,,,,,,,,,,Tuesday,1,False,4,15,309,21.458,0.647,True,,
1644430081,8001,5.82,5.82,0.0,2.28,0.9,2.64,0.0,30,16,135,1259,2902,2016-04-13,2899.0,120.792,24.0,257.0,0.178,130.0,8001.0,333.375,4660.0,2902.788,2.016,1440.0,0.178,257.0,181.0,30.0,16.0,135.0,1259.0,14.344,82.0,8001.0,5.556,181.0,,,,,,,,,,,,,,,,Wednesday,2,False,4,15,181,12.569,16.575,False,,
1644430081,11037,8.02,8.02,0.0,0.36,2.56,5.1,0.0,5,58,252,1125,3226,2016-04-14,3224.0,134.333,24.0,383.0,0.266,69.0,11037.0,459.875,2162.0,3226.569,2.241,1440.0,0.266,383.0,315.0,5.0,58.0,252.0,1125.0,15.944,76.0,11037.0,7.665,315.0,,,,,,,,,,,,,,,,Thursday,3,False,4,15,315,21.875,1.587,True,,
1644430081,5263,3.83,3.83,0.0,0.22,0.15,3.45,0.0,3,4,170,1263,2750,2016-04-15,2748.0,114.5,24.0,187.0,0.13,27.0,5263.0,219.292,1337.0,2750.453,1.91,1440.0,0.13,187.0,177.0,3.0,4.0,170.0,1263.0,13.592,80.0,5263.0,3.655,177.0,,,,,,,,,,,,,,,,Friday,4,False,4,15,177,12.292,1.695,False,,
1644430081,15300,11.12,11.12,0.0,4.1,1.88,5.09,0.0,51,42,212,1135,3493,2016-04-16,3489.0,145.375,24.0,449.0,0.312,98.0,15223.0,634.292,3434.0,3493.576,2.426,1440.0,0.312,449.0,305.0,51.0,42.0,212.0,1135.0,17.264,80.0,15223.0,10.572,305.0,,,,,,,,,,,,,,,,Saturday,5,True,4,15,305,21.181,16.721,True,,
1644430081,8757,6.37,6.37,0.0,2.25,0.57,3.55,0.0,29,13,186,1212,3011,2016-04-17,3007.0,125.292,24.0,299.0,0.208,93.0,8757.0,364.875,3195.0,3010.996,2.091,1440.0,0.208,299.0,228.0,29.0,13.0,186.0,1212.0,14.879,78.0,8757.0,6.081,228.0,,,,,,,,,,,,,,,,Sunday,6,True,4,15,228,15.833,12.719,False,,
1644430081,7132,5.19,5.19,0.0,1.07,1.67,2.45,0.0,15,33,121,1271,2806,2016-04-18,2804.0,116.833,24.0,232.0,0.161,115.0,7132.0,297.167,3815.0,2806.665,1.949,1440.0,0.161,232.0,169.0,15.0,33.0,121.0,1271.0,13.869,76.0,7132.0,4.953,169.0,,,,,,,,,,,,,,,,Monday,0,False,4,16,169,11.736,8.876,False,,
1644430081,11256,8.18,8.18,0.0,0.36,2.53,5.3,0.0,5,58,278,1099,3300,2016-04-19,3253.0,135.542,24.0,385.0,0.267,76.0,11231.0,467.958,2402.0,3254.394,2.26,1440.0,0.267,385.0,317.0,5.0,58.0,254.0,1123.0,16.082,78.0,11231.0,7.799,317.0,,,,,,,,,,,,,,,,Tuesday,1,False,4,16,341,23.681,1.466,True,,
1644430081,2436,1.77,1.77,0.0,0.0,0.0,1.76,0.01,0,0,125,1315,2430,2016-04-20,2430.0,101.25,24.0,125.0,0.087,13.0,2436.0,101.5,483.0,2430.326,1.688,1440.0,0.087,125.0,125.0,0.0,0.0,125.0,1315.0,12.01,70.0,2436.0,1.692,131.0,,,,,,,,,,,,,,,,Wednesday,2,False,4,16,125,8.681,0.0,False,,
1644430081,1223,0.89,0.89,0.0,0.0,0.0,0.88,0.01,0,0,38,1402,2140,2016-04-21,2135.0,88.958,24.0,38.0,0.026,14.0,1223.0,50.958,506.0,2140.553,1.486,1440.0,0.026,38.0,38.0,0.0,0.0,38.0,1402.0,10.578,72.0,1223.0,0.849,41.0,,,,,,,,,,,,,,,,Thursday,3,False,4,16,38,2.639,0.0,False,,
1644430081,3673,2.67,2.67,0.0,0.0,0.0,2.66,0.01,0,0,86,1354,2344,2016-04-22,2341.0,97.542,24.0,86.0,0.06,19.0,3673.0,153.042,819.0,2344.321,1.628,1440.0,0.06,86.0,86.0,0.0,0.0,86.0,1354.0,11.585,78.0,3673.0,2.551,89.0,,,,,,,,,,,,,,,,Friday,4,False,4,16,86,5.972,0.0,False,,
1644430081,6637,4.83,4.83,0.0,0.0,0.58,4.25,0.0,0,15,160,1265,2677,2016-04-23,2672.0,111.333,24.0,190.0,0.132,64.0,6637.0,276.542,2098.0,2677.378,1.859,1440.0,0.132,190.0,175.0,0.0,15.0,160.0,1265.0,13.231,66.0,6637.0,4.609,176.0,,,,,,,,,,,,,,,,Saturday,5,True,4,16,175,12.153,0.0,False,,
1644430081,3321,2.41,2.41,0.0,0.0,0.0,2.41,0.0,0,0,89,1351,2413,2016-04-24,2410.0,100.417,24.0,89.0,0.062,16.0,3321.0,138.375,871.0,2413.743,1.676,1440.0,0.062,89.0,89.0,0.0,0.0,89.0,1351.0,11.928,78.0,3321.0,2.306,89.0,,,,,,,,,,,,,,,,Sunday,6,True,4,16,89,6.181,0.0,False,,
1644430081,3580,2.6,2.6,0.0,0.59,0.06,1.95,0.0,8,1,94,1337,2497,2016-04-25,2493.0,103.875,24.0,120.0,0.083,33.0,3580.0,149.167,981.0,2497.499,1.734,1440.0,0.083,120.0,103.0,8.0,1.0,94.0,1337.0,12.342,78.0,3580.0,2.486,103.0,,,,,,,,,,,,,,,,Monday,0,False,4,17,103,7.153,7.767,False,,
1644430081,9919,7.21,7.21,0.0,0.8,1.72,4.69,0.0,11,41,223,1165,3123,2016-04-26,3118.0,129.917,24.0,338.0,0.235,83.0,9919.0,413.292,2810.0,3123.139,2.169,1440.0,0.235,338.0,275.0,11.0,41.0,223.0,1165.0,15.433,72.0,9919.0,6.888,275.0,,,,,,,,,,,,,,,,Tuesday,1,False,4,17,275,19.097,4.0,False,,
1644430081,3032,2.2,2.2,0.0,0.0,0.0,2.2,0.0,0,0,118,1322,2489,2016-04-27,2488.0,103.667,24.0,118.0,0.082,20.0,3032.0,126.333,553.0,2489.629,1.729,1440.0,0.082,118.0,118.0,0.0,0.0,118.0,1322.0,12.303,76.0,3032.0,2.106,118.0,,,,,,,,,,,,,,,,Wednesday,2,False,4,17,118,8.194,0.0,False,,
1644430081,9405,6.84,6.84,0.0,0.2,2.32,4.31,0.0,3,53,227,1157,3108,2016-04-28,3106.0,129.417,24.0,342.0,0.238,63.0,9405.0,391.875,2035.0,3108.805,2.159,1440.0,0.238,342.0,283.0,3.0,53.0,227.0,1157.0,15.362,72.0,9405.0,6.531,283.0,,,,,,,,,,,,,,,,Thursday,3,False,4,17,283,19.653,1.06,False,,
1644430081,3176,2.31,2.31,0.0,0.0,0.0,2.31,0.0,0,0,120,1193,2498,2016-04-29,2495.0,103.958,24.0,120.0,0.083,17.0,3176.0,132.333,755.0,2498.061,1.735,1440.0,0.083,120.0,120.0,0.0,0.0,120.0,1320.0,12.344,72.0,3176.0,2.206,120.0,,,,,,,1.0,119.0,127.0,93.701,,,,,,Friday,4,False,4,17,120,9.139,0.0,False,False,
1644430081,18213,13.24,13.24,0.0,0.63,3.14,9.46,0.0,9,71,402,816,3846,2016-04-30,3843.0,160.125,24.0,571.0,0.397,94.0,18213.0,758.875,2743.0,3846.306,2.671,1440.0,0.397,571.0,482.0,9.0,71.0,402.0,958.0,19.007,74.0,18213.0,12.648,482.0,,,,,,,1.0,124.0,142.0,87.324,,,,,,Saturday,5,True,4,17,482,37.134,1.867,True,False,
1644430081,6132,4.46,4.46,0.0,0.24,0.99,3.23,0.0,3,24,146,908,2696,2016-05-01,2690.0,112.083,24.0,203.0,0.141,44.0,6132.0,255.5,1234.0,2696.209,1.872,1440.0,0.141,203.0,173.0,3.0,24.0,146.0,1267.0,13.324,76.0,6132.0,4.258,173.0,,,,,,,,,,,,,,,,Sunday,6,True,5,17,173,16.004,1.734,False,,
1644430081,3758,2.73,2.73,0.0,0.07,0.31,2.35,0.0,1,7,148,682,2580,2016-05-02,2533.0,105.542,24.0,142.0,0.099,30.0,3728.0,155.333,803.0,2536.285,1.761,1440.0,0.099,142.0,133.0,1.0,7.0,125.0,1307.0,12.533,76.0,3728.0,2.589,133.0,,,,,,,1.0,796.0,961.0,82.83,,,,,,Monday,0,False,5,18,156,18.616,0.641,False,True,
1644430081,12850,9.34,9.34,0.0,0.72,4.09,4.54,0.0,10,94,221,1115,3324,2016-05-03,3320.0,138.333,24.0,436.0,0.303,90.0,12789.0,532.875,2700.0,3321.005,2.306,1440.0,0.303,436.0,322.0,10.0,94.0,218.0,1118.0,16.411,78.0,12789.0,8.881,322.0,,,,,,,,,,,,,,,,Tuesday,1,False,5,18,325,22.569,3.077,True,,
1644430081,2309,1.68,1.68,0.0,0.0,0.0,1.66,0.02,0,0,52,1388,2222,2016-05-04,2219.0,92.458,24.0,52.0,0.036,17.0,2309.0,96.208,708.0,2222.904,1.544,1440.0,0.036,52.0,52.0,0.0,0.0,52.0,1388.0,10.985,78.0,2309.0,1.603,59.0,,,,,,,,,,,,,,,,Wednesday,2,False,5,18,52,3.611,0.0,False,,
1644430081,4363,3.19,3.19,0.0,0.52,0.54,2.13,0.01,6,12,81,1341,2463,2016-05-05,2459.0,102.458,24.0,123.0,0.085,38.0,4363.0,181.792,1375.0,2463.913,1.711,1440.0,0.085,123.0,99.0,6.0,12.0,81.0,1341.0,12.176,81.0,4363.0,3.03,101.0,,,,,,,,,,,,,,,,Thursday,3,False,5,18,99,6.875,6.061,False,,
1644430081,9787,7.12,7.12,0.0,0.82,0.27,6.01,0.02,11,6,369,1054,3328,2016-05-06,3382.0,140.917,24.0,424.0,0.294,41.0,9758.0,406.583,1780.0,3384.243,2.35,1440.0,0.294,424.0,398.0,9.0,8.0,381.0,1042.0,16.724,78.0,9758.0,6.776,406.0,,,,,,,,,,,,,,,,Friday,4,False,5,18,386,26.806,2.85,False,,
1644430081,13372,9.72,9.72,0.0,3.26,0.79,5.67,0.01,41,17,243,1139,3404,2016-05-07,3402.0,141.75,24.0,400.0,0.278,61.0,13372.0,557.167,1936.0,3404.058,2.364,1440.0,0.278,400.0,301.0,41.0,17.0,243.0,1139.0,16.822,80.0,13372.0,9.286,302.0,,,,,,,,,,,,,,,,Saturday,5,True,5,18,301,20.903,13.621,True,,
1644430081,6724,4.89,4.89,0.0,0.0,0.0,4.88,0.0,0,0,295,991,2987,2016-05-08,2987.0,124.458,24.0,295.0,0.205,24.0,6724.0,280.167,867.0,2987.949,2.075,1440.0,0.205,295.0,295.0,0.0,0.0,295.0,1145.0,14.765,80.0,6724.0,4.669,301.0,,,,,,,1.0,137.0,154.0,88.961,,,,,,Sunday,6,True,5,18,295,22.939,0.0,False,False,
1644430081,6643,4.83,4.83,0.0,2.39,0.35,2.09,0.01,32,6,303,1099,3008,2016-05-09,3004.0,125.167,24.0,411.0,0.285,115.0,6643.0,276.792,4084.0,3008.466,2.089,1440.0,0.285,411.0,341.0,32.0,6.0,303.0,1099.0,14.867,78.0,6643.0,4.613,349.0,,,,,,,,,,,,,,,,Monday,0,False,5,19,341,23.681,9.384,False,,
1644430081,9167,6.66,6.66,0.0,0.88,0.81,4.97,0.01,12,19,155,1254,2799,2016-05-10,2795.0,116.458,24.0,229.0,0.159,71.0,9167.0,381.958,2213.0,2799.92,1.944,1440.0,0.159,229.0,186.0,12.0,19.0,155.0,1254.0,13.836,84.0,9167.0,6.366,190.0,,,,,,,,,,,,,,,,Tuesday,1,False,5,19,186,12.917,6.452,False,,
1644430081,1329,0.97,0.97,0.0,0.0,0.0,0.95,0.01,0,0,49,713,1276,2016-05-11,1179.0,98.25,12.0,40.0,0.056,11.0,989.0,82.417,463.0,1179.047,1.638,720.0,0.056,40.0,40.0,0.0,0.0,40.0,680.0,11.653,72.0,989.0,1.374,43.0,,,,,,,,,,,,,,,,Wednesday,2,False,5,19,49,6.43,0.0,False,,
1844505072,6697,4.43,4.43,0.0,0.0,0.0,4.43,0.0,0,0,339,1101,2030,2016-04-12,2031.0,84.625,24.0,339.0,0.235,37.0,6697.0,279.042,814.0,2030.843,1.41,1440.0,0.235,339.0,339.0,0.0,0.0,339.0,1101.0,15.072,66.0,6697.0,4.651,339.0,,,,,,,,,,,,,,,,Tuesday,1,False,4,15,339,23.542,0.0,False,,
1844505072,4929,3.26,3.26,0.0,0.0,0.0,3.26,0.0,0,0,248,1192,1860,2016-04-13,1860.0,77.5,24.0,248.0,0.172,28.0,4929.0,205.375,744.0,1860.172,1.292,1440.0,0.172,248.0,248.0,0.0,0.0,248.0,1192.0,13.806,48.0,4929.0,3.423,248.0,,,,,,,,,,,,,,,,Wednesday,2,False,4,15,248,17.222,0.0,False,,
1844505072,7937,5.25,5.25,0.0,0.0,0.0,5.23,0.0,0,0,373,843,2130,2016-04-14,2128.0,88.667,24.0,373.0,0.259,43.0,7905.0,329.375,1290.0,2130.776,1.48,1440.0,0.259,373.0,373.0,0.0,0.0,373.0,1067.0,15.814,74.0,7905.0,5.49,373.0,,,,,,,,,,,,,,,,Thursday,3,False,4,15,373,30.674,0.0,False,,
1844505072,3844,2.54,2.54,0.0,0.0,0.0,2.54,0.0,0,0,176,527,1725,2016-04-15,1723.0,71.792,24.0,176.0,0.122,21.0,3844.0,160.167,494.0,1725.992,1.199,1440.0,0.122,176.0,176.0,0.0,0.0,176.0,1264.0,12.81,70.0,3844.0,2.669,176.0,,,,,,,1.0,644.0,961.0,67.014,,,,,,Friday,4,False,4,15,176,25.036,0.0,False,True,
1844505072,3414,2.26,2.26,0.0,0.0,0.0,2.26,0.0,0,0,147,1293,1657,2016-04-16,1656.0,69.0,24.0,147.0,0.102,41.0,3414.0,142.25,1150.0,1657.686,1.151,1440.0,0.102,147.0,147.0,0.0,0.0,147.0,1293.0,12.303,56.0,3414.0,2.371,147.0,,,,,,,,,,,,,,,,Saturday,5,True,4,15,147,10.208,0.0,False,,
1844505072,4525,2.99,2.99,0.0,0.14,0.26,2.59,0.0,2,8,199,1231,1793,2016-04-17,1792.0,74.667,24.0,221.0,0.153,50.0,4525.0,188.542,1450.0,1793.924,1.246,1440.0,0.153,221.0,209.0,2.0,8.0,199.0,1231.0,13.314,74.0,4525.0,3.142,209.0,,,,,,,,,,,,,,,,Sunday,6,True,4,15,209,14.514,0.957,False,,
1844505072,4597,3.04,3.04,0.0,0.0,0.48,2.56,0.0,0,12,217,1211,1814,2016-04-18,1814.0,75.583,24.0,241.0,0.167,44.0,4597.0,191.542,1104.0,1813.761,1.26,1440.0,0.167,241.0,229.0,0.0,12.0,217.0,1211.0,13.461,56.0,4597.0,3.192,229.0,,,,,,,,,,,,,,,,Monday,0,False,4,16,229,15.903,0.0,False,,
1844505072,197,0.13,0.13,0.0,0.0,0.0,0.13,0.0,0,0,10,1430,1366,2016-04-19,1364.0,56.833,24.0,10.0,0.007,7.0,197.0,8.208,138.0,1366.496,0.949,1440.0,0.007,10.0,10.0,0.0,0.0,10.0,1430.0,10.142,36.0,197.0,0.137,10.0,,,,,,,,,,,,,,,,Tuesday,1,False,4,16,10,0.694,0.0,False,,
1844505072,8,0.01,0.01,0.0,0.0,0.0,0.01,0.0,0,0,1,1439,1349,2016-04-20,1346.0,56.083,24.0,1.0,0.001,1.0,8.0,0.333,8.0,1349.467,0.937,1440.0,0.001,1.0,1.0,0.0,0.0,1.0,1439.0,10.015,26.0,8.0,0.006,1.0,,,,,,,,,,,,,,,,Wednesday,2,False,4,16,1,0.069,0.0,False,,
1844505072,8054,5.32,5.32,0.0,0.12,0.52,4.68,0.0,2,13,308,1117,2062,2016-04-21,2063.0,85.958,24.0,340.0,0.236,67.0,8054.0,335.583,2043.0,2062.844,1.433,1440.0,0.236,340.0,323.0,2.0,13.0,308.0,1117.0,15.31,68.0,8054.0,5.593,323.0,,,,,,,,,,,,,,,,Thursday,3,False,4,16,323,22.431,0.619,False,,
1844505072,5372,3.55,3.55,0.0,0.0,0.0,3.55,0.0,0,0,220,1220,1827,2016-04-22,1828.0,76.167,24.0,220.0,0.153,34.0,5372.0,223.833,797.0,1827.984,1.269,1440.0,0.153,220.0,220.0,0.0,0.0,220.0,1220.0,13.567,64.0,5372.0,3.731,220.0,,,,,,,,,,,,,,,,Friday,4,False,4,16,220,15.278,0.0,False,,
1844505072,3570,2.36,2.36,0.0,0.0,0.0,2.36,0.0,0,0,139,1301,1645,2016-04-23,1643.0,68.458,24.0,139.0,0.097,35.0,3570.0,148.75,947.0,1645.148,1.142,1440.0,0.097,139.0,139.0,0.0,0.0,139.0,1301.0,12.21,54.0,3570.0,2.479,139.0,,,,,,,,,,,,,,,,Saturday,5,True,4,16,139,9.653,0.0,False,,
1844505072,0,0.0,0.0,0.0,0.0,0.0,0.0,0.0,0,0,0,1440,1347,2016-04-24,1344.0,56.0,24.0,0.0,0.0,0.0,0.0,0.0,0.0,1347.408,0.936,1440.0,0.0,0.0,0.0,0.0,0.0,0.0,1440.0,10.0,10.0,0.0,0.0,0.0,,,,,,,,,,,,,,,,Sunday,6,True,4,16,0,0.0,0.0,False,,
1844505072,0,0.0,0.0,0.0,0.0,0.0,0.0,0.0,0,0,0,1440,1347,2016-04-25,1344.0,56.0,24.0,0.0,0.0,0.0,0.0,0.0,0.0,1347.408,0.936,1440.0,0.0,0.0,0.0,0.0,0.0,0.0,1440.0,10.0,10.0,0.0,0.0,0.0,,,,,,,,,,,,,,,,Monday,0,False,4,17,0,0.0,0.0,False,,
1844505072,0,0.0,0.0,0.0,0.0,0.0,0.0,0.0,0,0,0,1440,1347,2016-04-26,1344.0,56.0,24.0,0.0,0.0,0.0,0.0,0.0,0.0,1347.408,0.936,1440.0,0.0,0.0,0.0,0.0,0.0,0.0,1440.0,10.0,10.0,0.0,0.0,0.0,,,,,,,,,,,,,,,,Tuesday,1,False,4,17,0,0.0,0.0,False,,
1844505072,4,0.0,0.0,0.0,0.0,0.0,0.0,0.0,0,0,1,1439,1348,2016-04-27,1346.0,56.083,24.0,1.0,0.001,1.0,4.0,0.167,4.0,1348.905,0.937,1440.0,0.001,1.0,1.0,0.0,0.0,1.0,1439.0,10.011,24.0,4.0,0.003,1.0,,,,,,,,,,,,,,,,Wednesday,2,False,4,17,1,0.069,0.0,False,,
1844505072,6907,4.57,4.57,0.0,0.0,0.0,4.56,0.0,0,0,302,1138,1992,2016-04-28,1993.0,83.042,24.0,302.0,0.21,50.0,6899.0,287.458,1001.0,1992.48,1.384,1440.0,0.21,302.0,302.0,0.0,0.0,302.0,1138.0,14.788,68.0,6899.0,4.791,302.0,,,,,,,,,,,,,,,,Thursday,3,False,4,17,302,20.972,0.0,False,,
1844505072,4920,3.25,3.25,0.0,0.0,0.0,3.25,0.0,0,0,247,1082,1856,2016-04-29,1855.0,77.292,24.0,247.0,0.172,36.0,4920.0,205.0,845.0,1856.429,1.289,1440.0,0.172,247.0,247.0,0.0,0.0,247.0,1193.0,13.778,56.0,4920.0,3.417,247.0,,,,,,,,,,,,,,,,Friday,4,False,4,17,247,18.585,0.0,False,,
1844505072,4014,2.67,2.67,0.0,0.0,0.0,2.65,0.0,0,0,184,218,1763,2016-04-30,1763.0,73.458,24.0,184.0,0.128,28.0,4014.0,167.25,612.0,1763.233,1.224,1440.0,0.128,184.0,184.0,0.0,0.0,184.0,1256.0,13.086,62.0,4014.0,2.788,184.0,,,,,,,1.0,722.0,961.0,75.13,,,,,,Saturday,5,True,4,17,184,45.771,0.0,False,True,
1844505072,2573,1.7,1.7,0.0,0.0,0.26,1.45,0.0,0,7,75,585,1541,2016-05-01,1539.0,64.125,24.0,89.0,0.062,39.0,2573.0,107.208,1193.0,1541.659,1.071,1440.0,0.062,89.0,82.0,0.0,7.0,75.0,1358.0,11.442,68.0,2573.0,1.787,82.0,,,,,,,1.0,590.0,961.0,61.394,,,,,,Sunday,6,True,5,17,82,12.294,0.0,False,True,
1844505072,0,0.0,0.0,0.0,0.0,0.0,0.0,0.0,0,0,0,1440,1348,2016-05-02,1345.0,56.042,24.0,0.0,0.0,0.0,0.0,0.0,0.0,1348.157,0.936,1440.0,0.0,0.0,0.0,0.0,0.0,0.0,1440.0,10.006,12.0,0.0,0.0,0.0,,,,,,,,,,,,,,,,Monday,0,False,5,18,0,0.0,0.0,False,,
1844505072,4059,2.68,2.68,0.0,0.0,0.0,2.68,0.0,0,0,184,1256,1742,2016-05-03,1742.0,72.583,24.0,184.0,0.128,32.0,4059.0,169.125,769.0,1742.835,1.21,1440.0,0.128,184.0,184.0,0.0,0.0,184.0,1256.0,12.935,58.0,4059.0,2.819,184.0,,,,,,,,,,,,,,,,Tuesday,1,False,5,18,184,12.778,0.0,False,,
1844505072,2080,1.37,1.37,0.0,0.0,0.0,1.37,0.0,0,0,87,1353,1549,2016-05-04,1547.0,64.458,24.0,87.0,0.06,29.0,2080.0,86.667,720.0,1549.706,1.076,1440.0,0.06,87.0,87.0,0.0,0.0,87.0,1353.0,11.501,62.0,2080.0,1.444,87.0,,,,,,,,,,,,,,,,Wednesday,2,False,5,18,87,6.042,0.0,False,,
1844505072,2237,1.48,1.48,0.0,0.0,0.0,1.48,0.0,0,0,120,1320,1589,2016-05-05,1587.0,66.125,24.0,120.0,0.083,27.0,2237.0,93.208,542.0,1589.941,1.104,1440.0,0.083,120.0,120.0,0.0,0.0,120.0,1320.0,11.8,40.0,2237.0,1.553,120.0,,,,,,,,,,,,,,,,Thursday,3,False,5,18,120,8.333,0.0,False,,
1844505072,44,0.03,0.03,0.0,0.0,0.0,0.03,0.0,0,0,2,1438,1351,2016-05-06,1348.0,56.167,24.0,2.0,0.001,2.0,44.0,1.833,44.0,1351.338,0.938,1440.0,0.001,2.0,2.0,0.0,0.0,2.0,1438.0,10.029,34.0,44.0,0.031,2.0,,,,,,,,,,,,,,,,Friday,4,False,5,18,2,0.139,0.0,False,,
1844505072,0,0.0,0.0,0.0,0.0,0.0,0.0,0.0,0,0,0,1440,1347,2016-05-07,1344.0,56.0,24.0,0.0,0.0,0.0,0.0,0.0,0.0,1347.595,0.936,1440.0,0.0,0.0,0.0,0.0,0.0,0.0,1440.0,10.001,12.0,0.0,0.0,0.0,,,,,,,,,,,,,,,,Saturday,5,True,5,18,0,0.0,0.0,False,,
1844505072,0,0.0,0.0,0.0,0.0,0.0,0.0,0.0,0,0,0,1440,1347,2016-05-08,1344.0,56.0,24.0,0.0,0.0,0.0,0.0,0.0,0.0,1347.595,0.936,1440.0,0.0,0.0,0.0,0.0,0.0,0.0,1440.0,10.001,12.0,0.0,0.0,0.0,,,,,,,,,,,,,,,,Sunday,6,True,5,18,0,0.0,0.0,False,,
1844505072,0,0.0,0.0,0.0,0.0,0.0,0.0,0.0,0,0,0,1440,1347,2016-05-09,1344.0,56.0,24.0,0.0,0.0,0.0,0.0,0.0,0.0,1347.408,0.936,1440.0,0.0,0.0,0.0,0.0,0.0,0.0,1440.0,10.0,10.0,0.0,0.0,0.0,,,,,,,,,,,,,,,,Monday,0,False,5,19,0,0.0,0.0,False,,
1844505072,0,0.0,0.0,0.0,0.0,0.0,0.0,0.0,0,0,0,1440,1347,2016-05-10,1344.0,56.0,24.0,0.0,0.0,0.0,0.0,0.0,0.0,1347.408,0.936,1440.0,0.0,0.0,0.0,0.0,0.0,0.0,1440.0,10.0,10.0,0.0,0.0,0.0,,,,,,,,,,,,,,,,Tuesday,1,False,5,19,0,0.0,0.0,False,,
1844505072,0,0.0,0.0,0.0,0.0,0.0,0.0,0.0,0,0,0,1440,1347,2016-05-11,1344.0,56.0,24.0,0.0,0.0,0.0,0.0,0.0,0.0,1347.408,0.936,1440.0,0.0,0.0,0.0,0.0,0.0,0.0,1440.0,10.0,10.0,0.0,0.0,0.0,,,,,,,,,,,,,,,,Wednesday,2,False,5,19,0,0.0,0.0,False,,
1844505072,0,0.0,0.0,0.0,0.0,0.0,0.0,0.0,0,0,0,711,665,2016-05-12,616.0,56.0,11.0,0.0,0.0,0.0,0.0,0.0,0.0,617.562,0.936,660.0,0.0,0.0,0.0,0.0,0.0,0.0,660.0,10.0,10.0,0.0,0.0,0.0,,,,,,,,,,,,,,,,Thursday,3,False,5,19,0,0.0,0.0,False,,
1927972279,678,0.47,0.47,0.0,0.0,0.0,0.47,0.0,0,0,55,734,2220,2016-04-12,2195.0,91.458,24.0,55.0,0.038,13.0,678.0,28.25,169.0,2193.219,1.523,1440.0,0.038,55.0,55.0,0.0,0.0,55.0,1385.0,10.833,32.0,678.0,0.471,55.0,,,,,,,3.0,750.0,775.0,96.774,,,,,,Tuesday,1,False,4,15,55,6.971,0.0,False,True,
1927972279,356,0.25,0.25,0.0,0.0,0.0,0.25,0.0,0,0,32,986,2151,2016-04-13,2150.0,89.583,24.0,32.0,0.022,9.0,356.0,14.833,115.0,2151.056,1.494,1440.0,0.022,32.0,32.0,0.0,0.0,32.0,1408.0,10.426,38.0,356.0,0.247,32.0,,,,,,,1.0,398.0,422.0,94.313,133.5,294.317,,47.54,1.0,Wednesday,2,False,4,15,32,3.143,0.0,False,False,Obese
1927972279,2163,1.5,1.5,0.0,0.0,0.4,1.1,0.0,0,9,88,1292,2383,2016-04-14,2382.0,99.25,24.0,106.0,0.074,34.0,2163.0,90.125,959.0,2383.01,1.655,1440.0,0.074,106.0,97.0,0.0,9.0,88.0,1343.0,11.551,56.0,2163.0,1.502,97.0,,,,,,,,,,,,,,,,Thursday,3,False,4,15,97,6.983,0.0,False,,
1927972279,980,0.68,0.68,0.0,0.0,0.0,0.68,0.0,0,0,51,941,2221,2016-04-15,2222.0,92.583,24.0,51.0,0.035,19.0,980.0,40.833,403.0,2221.831,1.543,1440.0,0.035,51.0,51.0,0.0,0.0,51.0,1389.0,10.769,50.0,980.0,0.681,51.0,,,,,,,2.0,475.0,499.0,95.19,,,,,,Friday,4,False,4,15,51,5.141,0.0,False,True,
1927972279,0,0.0,0.0,0.0,0.0,0.0,0.0,0.0,0,0,0,1440,2064,2016-04-16,2064.0,86.0,24.0,0.0,0.0,0.0,0.0,0.0,0.0,2063.088,1.433,1440.0,0.0,0.0,0.0,0.0,0.0,0.0,1440.0,10.0,10.0,0.0,0.0,0.0,,,,,,,,,,,,,,,,Saturday,5,True,4,15,0,0.0,0.0,False,,
1927972279,0,0.0,0.0,0.0,0.0,0.0,0.0,0.0,0,0,0,1440,2063,2016-04-17,2064.0,86.0,24.0,0.0,0.0,0.0,0.0,0.0,0.0,2063.375,1.433,1440.0,0.0,0.0,0.0,0.0,0.0,0.0,1440.0,10.001,11.0,0.0,0.0,0.0,,,,,,,,,,,,,,,,Sunday,6,True,4,15,0,0.0,0.0,False,,
1927972279,244,0.17,0.17,0.0,0.0,0.0,0.17,0.0,0,0,17,1423,2111,2016-04-18,2112.0,88.0,24.0,17.0,0.012,10.0,244.0,10.167,158.0,2111.227,1.466,1440.0,0.012,17.0,17.0,0.0,0.0,17.0,1423.0,10.233,34.0,244.0,0.169,17.0,,,,,,,,,,,,,,,,Monday,0,False,4,16,17,1.181,0.0,False,,
1927972279,0,0.0,0.0,0.0,0.0,0.0,0.0,0.0,0,0,0,1440,2063,2016-04-19,2064.0,86.0,24.0,0.0,0.0,0.0,0.0,0.0,0.0,2063.088,1.433,1440.0,0.0,0.0,0.0,0.0,0.0,0.0,1440.0,10.0,10.0,0.0,0.0,0.0,,,,,,,,,,,,,,,,Tuesday,1,False,4,16,0,0.0,0.0,False,,
1927972279,0,0.0,0.0,0.0,0.0,0.0,0.0,0.0,0,0,0,1440,2063,2016-04-20,2064.0,86.0,24.0,0.0,0.0,0.0,0.0,0.0,0.0,2063.088,1.433,1440.0,0.0,0.0,0.0,0.0,0.0,0.0,1440.0,10.0,10.0,0.0,0.0,0.0,,,,,,,,,,,,,,,,Wednesday,2,False,4,16,0,0.0,0.0,False,,
1927972279,0,0.0,0.0,0.0,0.0,0.0,0.0,0.0,0,0,0,1440,2064,2016-04-21,2065.0,86.042,24.0,0.0,0.0,0.0,0.0,0.0,0.0,2064.091,1.433,1440.0,0.0,0.0,0.0,0.0,0.0,0.0,1440.0,10.005,12.0,0.0,0.0,0.0,,,,,,,,,,,,,,,,Thursday,3,False,4,16,0,0.0,0.0,False,,
1927972279,149,0.1,0.1,0.0,0.0,0.0,0.1,0.0,0,0,10,1430,2093,2016-04-22,2094.0,87.25,24.0,10.0,0.007,8.0,149.0,6.208,133.0,2093.461,1.454,1440.0,0.007,10.0,10.0,0.0,0.0,10.0,1430.0,10.147,36.0,149.0,0.103,10.0,,,,,,,,,,,,,,,,Friday,4,False,4,16,10,0.694,0.0,False,,
1927972279,2945,2.04,2.04,0.0,0.0,0.0,2.04,0.0,0,0,145,1295,2499,2016-04-23,2500.0,104.167,24.0,145.0,0.101,32.0,2945.0,122.708,967.0,2499.202,1.736,1440.0,0.101,145.0,145.0,0.0,0.0,145.0,1295.0,12.114,50.0,2945.0,2.045,145.0,,,,,,,,,,,,,,,,Saturday,5,True,4,16,145,10.069,0.0,False,,
1927972279,2090,1.45,1.45,0.0,0.07,0.24,1.14,0.0,1,6,75,1358,2324,2016-04-24,2326.0,96.917,24.0,90.0,0.063,31.0,2090.0,87.083,1038.0,2324.842,1.614,1440.0,0.062,90.0,82.0,1.0,6.0,75.0,1358.0,11.269,64.0,2090.0,1.451,82.0,,,,,,,,,,,,,,,,Sunday,6,True,4,16,82,5.694,1.22,False,,
1927972279,152,0.11,0.11,0.0,0.0,0.0,0.11,0.0,0,0,12,1303,2100,2016-04-25,2100.0,87.5,24.0,12.0,0.008,9.0,152.0,6.333,123.0,2098.906,1.458,1440.0,0.008,12.0,12.0,0.0,0.0,12.0,1428.0,10.174,38.0,152.0,0.106,12.0,,,,,,,,,,,,,,,,Monday,0,False,4,17,12,0.913,0.0,False,,
1927972279,3761,2.6,2.6,0.0,0.0,0.0,2.6,0.0,0,0,192,1058,2638,2016-04-26,2638.0,109.917,24.0,192.0,0.133,36.0,3761.0,156.708,977.0,2638.46,1.832,1440.0,0.133,192.0,192.0,0.0,0.0,192.0,1248.0,12.789,58.0,3761.0,2.612,192.0,,,,,,,1.0,296.0,315.0,93.968,,,,,,Tuesday,1,False,4,17,192,15.36,0.0,False,False,
1927972279,0,0.0,0.0,0.0,0.0,0.0,0.0,0.0,0,0,0,1440,2063,2016-04-27,2064.0,86.0,24.0,0.0,0.0,0.0,0.0,0.0,0.0,2063.375,1.433,1440.0,0.0,0.0,0.0,0.0,0.0,0.0,1440.0,10.001,11.0,0.0,0.0,0.0,,,,,,,,,,,,,,,,Wednesday,2,False,4,17,0,0.0,0.0,False,,
1927972279,1675,1.16,1.16,0.0,0.0,0.0,1.16,0.0,0,0,95,1167,2351,2016-04-28,2351.0,97.958,24.0,95.0,0.066,16.0,1675.0,69.792,437.0,2351.204,1.633,1440.0,0.066,95.0,95.0,0.0,0.0,95.0,1345.0,11.397,40.0,1675.0,1.163,95.0,,,,,,,1.0,166.0,178.0,93.258,,,,,,Thursday,3,False,4,17,95,7.528,0.0,False,False,
1927972279,0,0.0,0.0,0.0,0.0,0.0,0.0,0.0,0,0,0,1440,2063,2016-04-29,2064.0,86.0,24.0,0.0,0.0,0.0,0.0,0.0,0.0,2063.088,1.433,1440.0,0.0,0.0,0.0,0.0,0.0,0.0,1440.0,10.0,10.0,0.0,0.0,0.0,,,,,,,,,,,,,,,,Friday,4,False,4,17,0,0.0,0.0,False,,
1927972279,0,0.0,0.0,0.0,0.0,0.0,0.0,0.0,0,0,0,1440,2064,2016-04-30,2064.0,86.0,24.0,0.0,0.0,0.0,0.0,0.0,0.0,2063.088,1.433,1440.0,0.0,0.0,0.0,0.0,0.0,0.0,1440.0,10.0,10.0,0.0,0.0,0.0,,,,,,,,,,,,,,,,Saturday,5,True,4,17,0,0.0,0.0,False,,
1927972279,2704,1.87,1.87,0.0,1.01,0.03,0.83,0.0,14,1,70,1355,2411,2016-05-01,2411.0,100.458,24.0,114.0,0.079,55.0,2704.0,112.667,1783.0,2411.521,1.675,1440.0,0.079,114.0,85.0,14.0,1.0,70.0,1355.0,11.689,74.0,2704.0,1.878,85.0,,,,,,,,,,,,,,,,Sunday,6,True,5,17,85,5.903,16.471,False,,
1927972279,3790,2.62,2.62,0.0,1.16,0.3,1.16,0.0,16,8,94,1322,2505,2016-05-02,2506.0,104.417,24.0,158.0,0.11,63.0,3790.0,157.917,2109.0,2505.076,1.74,1440.0,0.11,158.0,118.0,16.0,8.0,94.0,1322.0,12.142,76.0,3790.0,2.632,118.0,,,,,,,,,,,,,,,,Monday,0,False,5,18,118,8.194,13.559,False,,
1927972279,1326,0.92,0.92,0.0,0.73,0.0,0.18,0.0,10,0,17,1413,2195,2016-05-03,2197.0,91.542,24.0,47.0,0.033,40.0,1326.0,55.25,1245.0,2195.899,1.525,1440.0,0.033,47.0,27.0,10.0,0.0,17.0,1413.0,10.644,74.0,1326.0,0.921,27.0,,,,,,,,,,,,,,,,Tuesday,1,False,5,18,27,1.875,37.037,False,,
1927972279,1786,1.24,1.24,0.0,0.0,0.0,1.24,0.0,0,0,87,1353,2338,2016-05-04,2340.0,97.5,24.0,87.0,0.06,34.0,1786.0,74.417,926.0,2338.74,1.624,1440.0,0.06,87.0,87.0,0.0,0.0,87.0,1353.0,11.336,52.0,1786.0,1.24,87.0,,,,,,,,,,,,,,,,Wednesday,2,False,5,18,87,6.042,0.0,False,,
1927972279,0,0.0,0.0,0.0,0.0,0.0,0.0,0.0,0,0,0,1440,2063,2016-05-05,2064.0,86.0,24.0,0.0,0.0,0.0,0.0,0.0,0.0,2063.088,1.433,1440.0,0.0,0.0,0.0,0.0,0.0,0.0,1440.0,10.0,10.0,0.0,0.0,0.0,,,,,,,,,,,,,,,,Thursday,3,False,5,18,0,0.0,0.0,False,,
1927972279,2091,1.45,1.45,0.0,0.0,0.0,1.45,0.0,0,0,108,1332,2383,2016-05-06,2384.0,99.333,24.0,108.0,0.075,47.0,2091.0,87.125,1215.0,2383.01,1.655,1440.0,0.075,108.0,108.0,0.0,0.0,108.0,1332.0,11.551,44.0,2091.0,1.452,108.0,,,,,,,,,,,,,,,,Friday,4,False,5,18,108,7.5,0.0,False,,
1927972279,1510,1.04,1.04,0.0,0.0,0.0,1.04,0.0,0,0,48,1392,2229,2016-05-07,2230.0,92.917,24.0,48.0,0.033,30.0,1510.0,62.917,1061.0,2229.998,1.549,1440.0,0.033,48.0,48.0,0.0,0.0,48.0,1392.0,10.809,62.0,1510.0,1.049,48.0,,,,,,,,,,,,,,,,Saturday,5,True,5,18,48,3.333,0.0,False,,
1927972279,0,0.0,0.0,0.0,0.0,0.0,0.0,0.0,0,0,0,1440,2063,2016-05-08,2064.0,86.0,24.0,0.0,0.0,0.0,0.0,0.0,0.0,2063.231,1.433,1440.0,0.0,0.0,0.0,0.0,0.0,0.0,1440.0,10.001,11.0,0.0,0.0,0.0,,,,,,,,,,,,,,,,Sunday,6,True,5,18,0,0.0,0.0,False,,
1927972279,0,0.0,0.0,0.0,0.0,0.0,0.0,0.0,0,0,0,1440,2063,2016-05-09,2064.0,86.0,24.0,0.0,0.0,0.0,0.0,0.0,0.0,2063.088,1.433,1440.0,0.0,0.0,0.0,0.0,0.0,0.0,1440.0,10.0,10.0,0.0,0.0,0.0,,,,,,,,,,,,,,,,Monday,0,False,5,19,0,0.0,0.0,False,,
1927972279,0,0.0,0.0,0.0,0.0,0.0,0.0,0.0,0,0,0,1440,2063,2016-05-10,2064.0,86.0,24.0,0.0,0.0,0.0,0.0,0.0,0.0,2063.088,1.433,1440.0,0.0,0.0,0.0,0.0,0.0,0.0,1440.0,10.0,10.0,0.0,0.0,0.0,,,,,,,,,,,,,,,,Tuesday,1,False,5,19,0,0.0,0.0,False,,
1927972279,0,0.0,0.0,0.0,0.0,0.0,0.0,0.0,0,0,0,1440,2063,2016-05-11,2064.0,86.0,24.0,0.0,0.0,0.0,0.0,0.0,0.0,2063.088,1.433,1440.0,0.0,0.0,0.0,0.0,0.0,0.0,1440.0,10.0,10.0,0.0,0.0,0.0,,,,,,,,,,,,,,,,Wednesday,2,False,5,19,0,0.0,0.0,False,,
1927972279,0,0.0,0.0,0.0,0.0,0.0,0.0,0.0,0,0,0,966,1383,2016-05-12,1376.0,86.0,16.0,0.0,0.0,0.0,0.0,0.0,0.0,1375.392,1.433,960.0,0.0,0.0,0.0,0.0,0.0,0.0,960.0,10.0,10.0,0.0,0.0,0.0,,,,,,,,,,,,,,,,Thursday,3,False,5,19,0,0.0,0.0,False,,
2022484408,11875,8.34,8.34,0.0,3.31,0.77,4.26,0.0,42,14,227,1157,2390,2016-04-12,2386.0,99.417,24.0,381.0,0.265,143.0,11875.0,494.792,5243.0,2390.342,1.66,1440.0,0.265,381.0,283.0,42.0,14.0,227.0,1157.0,15.997,82.0,11875.0,8.247,282.0,75.804,52.0,134.0,72.0,16.292,4836.0,,,,,,,,,,Tuesday,1,False,4,15,283,19.653,14.841,True,,
2022484408,12024,8.5,8.5,0.0,2.99,0.1,5.41,0.0,43,5,292,1100,2601,2016-04-13,2599.0,108.292,24.0,431.0,0.299,145.0,12024.0,501.0,4453.0,2601.929,1.807,1440.0,0.299,431.0,340.0,43.0,5.0,292.0,1100.0,17.412,104.0,12024.0,8.35,330.0,80.338,51.0,156.0,76.0,18.193,5332.0,,,,,,,,,,Wednesday,2,False,4,15,340,23.611,12.647,True,,
2022484408,10690,7.5,7.5,0.0,2.48,0.21,4.82,0.0,32,3,257,1148,2312,2016-04-14,2310.0,96.25,24.0,359.0,0.249,104.0,10690.0,445.417,3833.0,2312.93,1.606,1440.0,0.249,359.0,292.0,32.0,3.0,257.0,1148.0,15.478,68.0,10690.0,7.424,292.0,72.629,50.0,127.0,70.0,13.482,5560.0,,,,,,,,,,Thursday,3,False,4,15,292,20.278,10.959,True,,
2022484408,11034,8.03,8.03,0.0,1.94,0.31,5.78,0.0,27,9,282,1122,2525,2016-04-15,2525.0,105.208,24.0,381.0,0.265,117.0,11034.0,459.75,3853.0,2525.969,1.754,1440.0,0.265,381.0,318.0,27.0,9.0,282.0,1122.0,16.904,126.0,11034.0,7.662,313.0,80.437,53.0,189.0,76.0,17.901,5302.0,,,,,,,,,,Friday,4,False,4,15,318,22.083,8.491,True,,
2022484408,10100,7.09,7.09,0.0,3.15,0.55,3.39,0.0,41,11,151,1237,2177,2016-04-16,2174.0,90.583,24.0,296.0,0.206,133.0,10100.0,420.833,4833.0,2177.51,1.512,1440.0,0.206,296.0,203.0,41.0,11.0,151.0,1237.0,14.572,86.0,10100.0,7.014,202.0,75.961,49.0,136.0,71.0,16.745,3143.0,,,,,,,,,,Saturday,5,True,4,15,203,14.097,20.197,True,,
2022484408,15112,11.4,11.4,0.0,3.87,0.66,6.88,0.0,28,29,331,1052,2782,2016-04-17,2781.0,115.875,24.0,473.0,0.328,114.0,15112.0,629.667,5317.0,2782.489,1.932,1440.0,0.328,473.0,388.0,28.0,29.0,331.0,1052.0,18.621,117.0,15112.0,10.494,385.0,83.917,52.0,161.0,80.0,17.862,4948.0,,,,,,,,,,Sunday,6,True,4,15,388,26.944,7.216,True,,
2022484408,14131,10.07,10.07,0.0,3.64,0.12,6.3,0.0,48,3,311,1078,2770,2016-04-18,2768.0,115.333,24.0,461.0,0.32,157.0,14131.0,588.792,5400.0,2770.867,1.924,1440.0,0.32,461.0,362.0,48.0,3.0,311.0,1078.0,18.543,105.0,14131.0,9.813,348.0,82.713,54.0,153.0,77.0,19.706,5589.0,,,,,,,,,,Monday,0,False,4,16,362,25.139,13.26,True,,
2022484408,11548,8.53,8.53,0.0,3.29,0.24,5.0,0.0,31,7,250,1152,2489,2016-04-19,2484.0,103.5,24.0,357.0,0.248,121.0,11548.0,481.167,4709.0,2488.405,1.728,1440.0,0.248,357.0,288.0,31.0,7.0,250.0,1152.0,16.653,117.0,11548.0,8.019,282.0,81.954,54.0,162.0,78.0,18.411,4500.0,,,,,,,,,,Tuesday,1,False,4,16,288,20.0,10.764,True,,
2022484408,15112,10.67,10.67,0.0,3.34,1.93,5.4,0.0,48,63,276,1053,2897,2016-04-20,2896.0,120.667,24.0,546.0,0.379,139.0,15112.0,629.667,4293.0,2897.258,2.012,1440.0,0.379,546.0,387.0,48.0,63.0,276.0,1053.0,19.389,114.0,15112.0,10.494,378.0,83.444,50.0,166.0,78.0,19.359,6040.0,,,,,,,,,,Wednesday,2,False,4,16,387,26.875,12.403,True,,
2022484408,12453,8.74,8.74,0.0,3.33,1.11,4.31,0.0,104,53,255,1028,3158,2016-04-21,3157.0,131.542,24.0,673.0,0.467,102.0,12453.0,518.875,3571.0,3158.551,2.193,1440.0,0.467,673.0,412.0,104.0,53.0,255.0,1028.0,21.138,146.0,12453.0,8.648,340.0,86.375,53.0,203.0,80.0,23.016,5544.0,,,,,,,,,,Thursday,3,False,4,16,412,28.611,25.243,True,,
2022484408,12954,9.33,9.33,0.0,4.43,0.42,4.47,0.0,52,10,273,1105,2638,2016-04-22,2637.0,109.875,24.0,449.0,0.312,151.0,12954.0,539.75,5596.0,2638.975,1.833,1440.0,0.312,449.0,335.0,52.0,10.0,273.0,1105.0,17.66,97.0,12954.0,8.996,329.0,80.125,52.0,153.0,74.0,19.038,5636.0,,,,,,,,,,Friday,4,False,4,16,335,23.264,15.522,True,,
2022484408,6001,4.21,4.21,0.0,0.0,0.0,4.21,0.0,0,0,249,1191,2069,2016-04-23,2065.0,86.042,24.0,249.0,0.173,40.0,6001.0,250.042,1232.0,2069.174,1.437,1440.0,0.173,249.0,249.0,0.0,0.0,249.0,1191.0,13.847,62.0,6001.0,4.167,248.0,71.756,50.0,109.0,70.0,10.703,4178.0,,,,,,,,,,Saturday,5,True,4,16,249,17.292,0.0,False,,
2022484408,13481,10.28,10.28,0.0,4.55,1.15,4.58,0.0,37,26,216,1161,2529,2016-04-24,2526.0,105.25,24.0,379.0,0.263,84.0,13481.0,561.708,3130.0,2529.705,1.757,1440.0,0.263,379.0,279.0,37.0,26.0,216.0,1161.0,16.929,121.0,13481.0,9.362,278.0,82.421,53.0,163.0,76.0,20.613,4209.0,,,,,,,,,,Sunday,6,True,4,16,279,19.375,13.262,True,,
2022484408,11369,8.01,8.01,0.0,3.33,0.22,4.46,0.0,44,8,217,1171,2470,2016-04-25,2466.0,102.75,24.0,365.0,0.253,155.0,11369.0,473.708,5257.0,2470.245,1.715,1440.0,0.253,365.0,269.0,44.0,8.0,217.0,1171.0,16.531,108.0,11369.0,7.895,266.0,82.599,49.0,159.0,78.0,23.23,3812.0,,,,,,,,,,Monday,0,False,4,17,269,18.681,16.357,True,,
2022484408,10119,7.19,7.19,0.0,1.43,0.66,5.11,0.0,55,24,275,1086,2793,2016-04-26,2790.0,116.25,24.0,488.0,0.339,157.0,10119.0,421.625,1967.0,2793.281,1.94,1440.0,0.339,488.0,354.0,55.0,24.0,275.0,1086.0,18.693,109.0,10119.0,7.027,333.0,83.278,51.0,154.0,78.0,20.793,5586.0,,,,,,,,,,Tuesday,1,False,4,17,354,24.583,15.537,True,,
2022484408,10159,7.13,7.13,0.0,1.04,0.97,5.12,0.0,19,20,282,1119,2463,2016-04-27,2458.0,102.417,24.0,379.0,0.263,83.0,10159.0,423.292,2917.0,2463.189,1.711,1440.0,0.263,379.0,321.0,19.0,20.0,282.0,1119.0,16.484,82.0,10159.0,7.055,310.0,80.899,38.0,145.0,79.0,15.446,4441.0,,,,,,,,,,Wednesday,2,False,4,17,321,22.292,5.919,True,,
2022484408,10140,7.12,7.12,0.0,0.41,1.33,5.39,0.0,6,20,291,1123,2296,2016-04-28,2295.0,95.625,24.0,349.0,0.242,71.0,10140.0,422.5,2735.0,2296.015,1.594,1440.0,0.242,349.0,317.0,6.0,20.0,291.0,1123.0,15.365,62.0,10140.0,7.042,317.0,71.251,51.0,114.0,69.0,10.618,5561.0,,,,,,,,,,Thursday,3,False,4,17,317,22.014,1.893,True,,
2022484408,10245,7.19,7.19,0.0,0.48,1.21,5.5,0.0,21,40,281,1098,2611,2016-04-29,2608.0,108.667,24.0,424.0,0.294,112.0,10245.0,426.875,1655.0,2611.476,1.814,1440.0,0.294,424.0,342.0,21.0,40.0,281.0,1098.0,17.476,78.0,10245.0,7.115,322.0,83.413,50.0,134.0,82.0,16.765,4832.0,,,,,,,,,,Friday,4,False,4,17,342,23.75,6.14,True,,
2022484408,18387,12.91,12.91,0.0,0.94,1.4,10.57,0.0,13,23,361,1043,2732,2016-04-30,2729.0,113.708,24.0,446.0,0.31,88.0,18387.0,766.125,3286.0,2732.264,1.897,1440.0,0.31,446.0,397.0,13.0,23.0,361.0,1043.0,18.285,68.0,18387.0,12.769,397.0,77.549,51.0,123.0,75.0,12.49,5486.0,,,,,,,,,,Saturday,5,True,4,17,397,27.569,3.275,True,,
2022484408,10538,7.4,7.4,0.0,1.94,0.96,4.5,0.0,25,28,245,1142,2380,2016-05-01,2377.0,99.042,24.0,376.0,0.261,111.0,10538.0,439.083,3757.0,2380.484,1.653,1440.0,0.261,376.0,298.0,25.0,28.0,245.0,1142.0,15.931,72.0,10538.0,7.318,295.0,73.531,44.0,118.0,70.0,16.615,4482.0,,,,,,,,,,Sunday,6,True,5,17,298,20.694,8.389,True,,
2022484408,10379,7.29,7.29,0.0,2.61,0.34,4.33,0.0,36,8,277,1119,2473,2016-05-02,2472.0,103.0,24.0,401.0,0.278,126.0,10379.0,432.458,4178.0,2473.981,1.718,1440.0,0.278,401.0,321.0,36.0,8.0,277.0,1119.0,16.556,86.0,10379.0,7.208,303.0,77.172,50.0,137.0,74.0,15.855,7814.0,,,,,,,,,,Monday,0,False,5,18,321,22.292,11.215,True,,
2022484408,12183,8.74,8.74,0.0,3.99,0.46,4.28,0.0,72,14,250,1104,2752,2016-05-03,2750.0,114.583,24.0,494.0,0.343,134.0,12183.0,507.625,3398.0,2752.292,1.911,1440.0,0.343,494.0,336.0,72.0,14.0,250.0,1104.0,18.419,97.0,12183.0,8.46,317.0,83.02,51.0,169.0,77.0,19.034,5708.0,,,,,,,,,,Tuesday,1,False,5,18,336,23.333,21.429,True,,
2022484408,11768,8.29,8.29,0.0,2.51,0.93,4.85,0.0,36,27,272,1105,2649,2016-05-04,2647.0,110.292,24.0,434.0,0.301,118.0,11768.0,490.333,3647.0,2649.663,1.84,1440.0,0.301,434.0,335.0,36.0,27.0,272.0,1105.0,17.732,106.0,11768.0,8.172,319.0,82.803,54.0,159.0,79.0,15.079,6225.0,,,,,,,,,,Wednesday,2,False,5,18,335,23.264,10.746,True,,
2022484408,11895,8.35,8.35,0.0,2.79,0.86,4.7,0.0,55,20,253,1112,2609,2016-05-05,2606.0,108.583,24.0,458.0,0.318,100.0,11895.0,495.625,2384.0,2609.297,1.812,1440.0,0.318,458.0,328.0,55.0,20.0,253.0,1112.0,17.462,102.0,11895.0,8.26,322.0,80.71,55.0,156.0,77.0,15.477,6749.0,,,,,,,,,,Thursday,3,False,5,18,328,22.778,16.768,True,,
2022484408,10227,7.18,7.18,0.0,1.87,0.67,4.64,0.0,24,17,295,1104,2498,2016-05-06,2497.0,104.042,24.0,401.0,0.278,106.0,10227.0,426.125,4084.0,2498.678,1.735,1440.0,0.278,401.0,336.0,24.0,17.0,295.0,1104.0,16.722,66.0,10227.0,7.102,322.0,81.722,60.0,118.0,79.0,11.992,5358.0,,,,,,,,,,Friday,4,False,5,18,336,23.333,7.143,True,,
2022484408,6708,4.71,4.71,0.0,1.61,0.08,3.02,0.0,20,2,149,1269,1995,2016-05-07,1992.0,83.0,24.0,213.0,0.148,71.0,6708.0,279.5,2617.0,1995.705,1.386,1440.0,0.148,213.0,171.0,20.0,2.0,149.0,1269.0,13.356,78.0,6708.0,4.658,171.0,76.068,52.0,128.0,74.0,15.57,2596.0,,,,,,,,,,Saturday,5,True,5,18,171,11.875,11.696,False,,
2022484408,3292,2.31,2.31,0.0,0.0,0.0,2.31,0.0,0,0,135,1305,1848,2016-05-08,1842.0,76.75,24.0,135.0,0.094,33.0,3292.0,137.167,1127.0,1847.21,1.283,1440.0,0.094,135.0,135.0,0.0,0.0,135.0,1305.0,12.362,62.0,3292.0,2.286,127.0,76.959,53.0,127.0,75.0,13.453,1720.0,,,,,,,,,,Sunday,6,True,5,18,135,9.375,0.0,False,,
2022484408,13379,9.39,9.39,0.0,2.12,1.63,5.64,0.0,35,47,297,1061,2709,2016-05-09,2709.0,112.875,24.0,496.0,0.344,112.0,13379.0,557.458,3804.0,2709.331,1.881,1440.0,0.344,496.0,379.0,35.0,47.0,297.0,1061.0,18.131,74.0,13379.0,9.291,368.0,81.514,51.0,133.0,77.0,15.754,6249.0,,,,,,,,,,Monday,0,False,5,19,379,26.319,9.235,True,,
2022484408,12798,8.98,8.98,0.0,2.22,1.21,5.56,0.0,57,28,271,1084,2797,2016-05-10,2795.0,116.458,24.0,498.0,0.346,108.0,12798.0,533.25,3553.0,2797.328,1.943,1440.0,0.346,498.0,356.0,57.0,28.0,271.0,1084.0,18.72,112.0,12798.0,8.888,340.0,86.585,57.0,166.0,82.0,19.231,4894.0,,,,,,,,,,Tuesday,1,False,5,19,356,24.722,16.011,True,,
2022484408,13272,9.32,9.32,0.0,4.18,1.15,3.99,0.0,58,25,224,1133,2544,2016-05-11,2542.0,105.917,24.0,448.0,0.311,142.0,13272.0,553.0,4838.0,2544.648,1.767,1440.0,0.311,448.0,307.0,58.0,25.0,224.0,1133.0,17.029,90.0,13272.0,9.217,302.0,83.523,55.0,138.0,81.0,16.23,4247.0,,,,,,,,,,Wednesday,2,False,5,19,307,21.319,18.893,True,,
2022484408,9117,6.41,6.41,0.0,1.28,0.67,4.44,0.0,16,16,236,728,1853,2016-05-12,1750.0,109.375,16.0,295.0,0.307,83.0,8339.0,521.188,2689.0,1622.963,1.803,900.0,0.298,268.0,220.0,16.0,16.0,188.0,680.0,17.378,97.0,7674.0,8.527,212.0,81.414,55.0,152.0,78.0,16.35,3527.0,,,,,,,,,,Thursday,3,False,5,19,268,26.908,5.97,False,,
2026352035,4414,2.74,2.74,0.0,0.19,0.35,2.2,0.0,3,8,181,706,1459,2016-04-12,1460.0,60.833,24.0,206.0,0.143,35.0,4414.0,183.917,1174.0,1459.513,1.014,1440.0,0.143,206.0,192.0,3.0,8.0,181.0,1248.0,13.076,70.0,4414.0,3.065,192.0,,,,,,,1.0,503.0,546.0,92.125,,,,,,Tuesday,1,False,4,15,192,21.381,1.562,False,True,
2026352035,4993,3.1,3.1,0.0,0.0,0.0,3.1,0.0,0,0,238,663,1521,2016-04-13,1523.0,63.458,24.0,238.0,0.165,31.0,4993.0,208.042,861.0,1521.986,1.057,1440.0,0.165,238.0,238.0,0.0,0.0,238.0,1202.0,13.636,76.0,4993.0,3.467,238.0,,,,,,,1.0,531.0,565.0,93.982,,,,,,Wednesday,2,False,4,15,238,26.415,0.0,False,True,
2026352035,3335,2.07,2.07,0.0,0.0,0.0,2.05,0.0,0,0,197,653,1431,2016-04-14,1435.0,59.792,24.0,197.0,0.137,32.0,3305.0,137.708,717.0,1430.912,0.994,1440.0,0.137,197.0,197.0,0.0,0.0,197.0,1243.0,12.82,50.0,3305.0,2.295,197.0,,,,,,,1.0,545.0,568.0,95.951,,,,,,Thursday,3,False,4,15,197,23.176,0.0,False,True,
2026352035,3821,2.37,2.37,0.0,0.0,0.0,2.37,0.0,0,0,188,687,1444,2016-04-15,1445.0,60.208,24.0,188.0,0.131,21.0,3821.0,159.208,758.0,1444.941,1.003,1440.0,0.131,188.0,188.0,0.0,0.0,188.0,1252.0,12.946,68.0,3821.0,2.653,188.0,,,,,,,1.0,523.0,573.0,91.274,,,,,,Friday,4,False,4,15,188,21.486,0.0,False,True,
2026352035,2547,1.58,1.58,0.0,0.0,0.0,1.58,0.0,0,0,150,728,1373,2016-04-16,1375.0,57.292,24.0,150.0,0.104,18.0,2547.0,106.125,499.0,1373.787,0.954,1440.0,0.104,150.0,150.0,0.0,0.0,150.0,1290.0,12.308,58.0,2547.0,1.769,150.0,,,,,,,1.0,524.0,567.0,92.416,,,,,,Saturday,5,True,4,15,150,17.084,0.0,False,True,
2026352035,838,0.52,0.52,0.0,0.0,0.0,0.52,0.0,0,0,60,1053,1214,2016-04-17,1221.0,50.875,24.0,60.0,0.042,15.0,838.0,34.917,214.0,1214.969,0.844,1440.0,0.042,60.0,60.0,0.0,0.0,60.0,1380.0,10.885,40.0,838.0,0.582,60.0,68.656,63.0,80.0,68.0,3.486,192.0,1.0,437.0,498.0,87.751,,,,,,Sunday,6,True,4,15,60,5.391,0.0,False,True,
2026352035,3325,2.06,2.06,0.0,0.0,0.0,2.06,0.0,0,0,182,1062,1419,2016-04-18,1424.0,59.333,24.0,182.0,0.126,19.0,3325.0,138.542,569.0,1419.053,0.985,1440.0,0.126,182.0,182.0,0.0,0.0,182.0,1258.0,12.714,52.0,3325.0,2.309,182.0,,,,,,,,,,,,,,,,Monday,0,False,4,16,182,14.63,0.0,False,,
2026352035,2424,1.5,1.5,0.0,0.0,0.0,1.5,0.0,0,0,141,785,1356,2016-04-19,1357.0,56.542,24.0,141.0,0.098,24.0,2424.0,101.0,477.0,1356.115,0.942,1440.0,0.098,141.0,141.0,0.0,0.0,141.0,1299.0,12.15,42.0,2424.0,1.683,141.0,,,,,,,1.0,498.0,540.0,92.222,,,,,,Tuesday,1,False,4,16,141,15.227,0.0,False,True,
2026352035,7222,4.48,4.48,0.0,0.0,0.0,4.48,0.0,0,0,327,623,1667,2016-04-20,1668.0,69.5,24.0,327.0,0.227,37.0,7222.0,300.917,1001.0,1667.163,1.158,1440.0,0.227,327.0,327.0,0.0,0.0,327.0,1113.0,14.937,70.0,7222.0,5.015,327.0,,,,,,,1.0,461.0,510.0,90.392,,,,,,Wednesday,2,False,4,16,327,34.421,0.0,False,True,
2026352035,2467,1.53,1.53,0.0,0.0,0.0,1.53,0.0,0,0,153,749,1370,2016-04-21,1371.0,57.125,24.0,153.0,0.106,26.0,2467.0,102.792,440.0,1370.609,0.952,1440.0,0.106,153.0,153.0,0.0,0.0,153.0,1287.0,12.28,52.0,2467.0,1.713,153.0,,,,,,,1.0,477.0,514.0,92.802,,,,,,Thursday,3,False,4,16,153,16.962,0.0,False,True,
2026352035,2915,1.81,1.81,0.0,0.0,0.0,1.81,0.0,0,0,162,712,1399,2016-04-22,1403.0,58.458,24.0,162.0,0.113,22.0,2915.0,121.458,838.0,1399.288,0.972,1440.0,0.112,162.0,162.0,0.0,0.0,162.0,1278.0,12.537,76.0,2915.0,2.024,162.0,,,,,,,1.0,520.0,545.0,95.413,,,,,,Friday,4,False,4,16,162,18.535,0.0,False,True,
2026352035,12357,7.71,7.71,0.0,0.0,0.0,7.71,0.0,0,0,432,458,1916,2016-04-23,1917.0,79.875,24.0,432.0,0.3,46.0,12357.0,514.875,2315.0,1915.892,1.33,1440.0,0.3,432.0,432.0,0.0,0.0,432.0,1008.0,17.165,81.0,12357.0,8.581,432.0,,,,,,,1.0,522.0,554.0,94.224,,,,,,Saturday,5,True,4,16,432,48.539,0.0,True,True,
2026352035,3490,2.16,2.16,0.0,0.0,0.0,2.16,0.0,0,0,164,704,1401,2016-04-24,1403.0,58.458,24.0,164.0,0.114,19.0,3490.0,145.417,432.0,1401.381,0.973,1440.0,0.114,164.0,164.0,0.0,0.0,164.0,1276.0,12.556,50.0,3490.0,2.424,164.0,,,,,,,1.0,555.0,591.0,93.909,,,,,,Sunday,6,True,4,16,164,18.894,0.0,False,True,
2026352035,6017,3.73,3.73,0.0,0.0,0.0,3.73,0.0,0,0,260,821,1576,2016-04-25,1582.0,65.917,24.0,260.0,0.181,38.0,6017.0,250.708,962.0,1576.941,1.095,1440.0,0.181,260.0,260.0,0.0,0.0,260.0,1180.0,14.128,66.0,6017.0,4.178,248.0,99.506,70.0,125.0,98.0,7.663,516.0,1.0,506.0,531.0,95.292,,,,,,Monday,0,False,4,17,260,24.052,0.0,False,True,
2026352035,5933,3.68,3.68,0.0,0.0,0.0,3.68,0.0,0,0,288,1018,1595,2016-04-26,1599.0,66.625,24.0,288.0,0.2,32.0,5933.0,247.208,1224.0,1595.311,1.108,1440.0,0.2,288.0,288.0,0.0,0.0,288.0,1152.0,14.293,76.0,5933.0,4.12,288.0,,,,,,,,,,,,,,,,Tuesday,1,False,4,17,288,22.052,0.0,False,,
2026352035,6088,3.77,3.77,0.0,0.0,0.0,3.77,0.0,0,0,286,586,1593,2016-04-27,1593.0,66.375,24.0,286.0,0.199,38.0,6088.0,253.667,895.0,1593.451,1.107,1440.0,0.199,286.0,286.0,0.0,0.0,286.0,1154.0,14.276,70.0,6088.0,4.228,286.0,,,,,,,1.0,508.0,545.0,93.211,,,,,,Wednesday,2,False,4,17,286,32.798,0.0,False,True,
2026352035,6375,3.95,3.95,0.0,0.0,0.0,3.95,0.0,0,0,331,626,1649,2016-04-28,1651.0,68.792,24.0,331.0,0.23,45.0,6375.0,265.625,1049.0,1649.8,1.146,1440.0,0.23,331.0,331.0,0.0,0.0,331.0,1109.0,14.781,60.0,6375.0,4.427,331.0,,,,,,,1.0,513.0,545.0,94.128,,,,,,Thursday,3,False,4,17,331,34.587,0.0,False,True,
2026352035,7604,4.71,4.71,0.0,0.0,0.0,4.71,0.0,0,0,352,492,1692,2016-04-29,1696.0,70.667,24.0,352.0,0.244,43.0,7604.0,316.833,1052.0,1692.896,1.176,1440.0,0.244,352.0,352.0,0.0,0.0,352.0,1088.0,15.167,66.0,7604.0,5.281,352.0,,,,,,,1.0,490.0,510.0,96.078,,,,,,Friday,4,False,4,17,352,41.706,0.0,False,True,
2026352035,4729,2.93,2.93,0.0,0.0,0.0,2.93,0.0,0,0,233,594,1506,2016-04-30,1508.0,62.833,24.0,233.0,0.162,38.0,4729.0,197.042,1102.0,1506.407,1.046,1440.0,0.162,233.0,233.0,0.0,0.0,233.0,1207.0,13.497,70.0,4729.0,3.284,233.0,,,,,,,1.0,573.0,607.0,94.399,,,,,,Saturday,5,True,4,17,233,28.174,0.0,False,True,
2026352035,3609,2.28,2.28,0.0,0.0,0.0,2.28,0.0,0,0,191,716,1447,2016-05-01,1449.0,60.375,24.0,191.0,0.133,30.0,3609.0,150.375,1116.0,1447.654,1.005,1440.0,0.133,191.0,191.0,0.0,0.0,191.0,1249.0,12.97,81.0,3609.0,2.506,191.0,,,,,,,1.0,527.0,546.0,96.52,,,,,,Sunday,6,True,5,17,191,21.058,0.0,False,True,
2026352035,7018,4.35,4.35,0.0,0.0,0.0,4.35,0.0,0,0,355,716,1690,2016-05-02,1695.0,70.625,24.0,355.0,0.247,37.0,7018.0,292.417,1038.0,1690.338,1.174,1440.0,0.247,355.0,355.0,0.0,0.0,355.0,1085.0,15.144,62.0,7018.0,4.874,355.0,84.135,70.0,122.0,81.0,9.092,431.0,1.0,511.0,543.0,94.107,,,,,,Monday,0,False,5,18,355,33.147,0.0,False,True,
2026352035,5992,3.72,3.72,0.0,0.0,0.0,3.72,0.0,0,0,304,981,1604,2016-05-03,1608.0,67.0,24.0,304.0,0.211,35.0,5992.0,249.667,815.0,1604.302,1.114,1440.0,0.211,304.0,304.0,0.0,0.0,304.0,1136.0,14.374,70.0,5992.0,4.161,304.0,,,,,,,,,,,,,,,,Tuesday,1,False,5,18,304,23.658,0.0,False,,
2026352035,6564,4.07,4.07,0.0,0.0,0.0,4.07,0.0,0,0,345,530,1658,2016-05-04,1660.0,69.167,24.0,345.0,0.24,37.0,6564.0,273.5,860.0,1658.404,1.152,1440.0,0.24,345.0,345.0,0.0,0.0,345.0,1095.0,14.858,62.0,6564.0,4.558,345.0,,,,,,,1.0,538.0,560.0,96.071,,,,,,Wednesday,2,False,5,18,345,39.429,0.0,False,True,
2026352035,12167,7.54,7.54,0.0,0.0,0.0,7.54,0.0,0,0,475,479,1926,2016-05-05,1928.0,80.333,24.0,475.0,0.33,43.0,12167.0,506.958,1494.0,1926.511,1.338,1440.0,0.33,475.0,475.0,0.0,0.0,475.0,965.0,17.26,72.0,12167.0,8.449,475.0,,,,,,,1.0,468.0,485.0,96.495,,,,,,Thursday,3,False,5,18,475,49.79,0.0,True,True,
2026352035,8198,5.08,5.08,0.0,0.0,0.0,5.08,0.0,0,0,383,511,1736,2016-05-06,1739.0,72.458,24.0,383.0,0.266,37.0,8198.0,341.583,1008.0,1736.922,1.206,1440.0,0.266,383.0,383.0,0.0,0.0,383.0,1057.0,15.562,66.0,8198.0,5.693,383.0,,,,,,,1.0,524.0,548.0,95.62,,,,,,Friday,4,False,5,18,383,42.841,0.0,False,True,
2026352035,4193,2.6,2.6,0.0,0.0,0.0,2.6,0.0,0,0,229,665,1491,2016-05-07,1493.0,62.208,24.0,229.0,0.159,29.0,4193.0,174.708,632.0,1491.37,1.036,1440.0,0.159,229.0,229.0,0.0,0.0,229.0,1211.0,13.362,50.0,4193.0,2.912,229.0,,,,,,,1.0,511.0,521.0,98.081,,,,,,Saturday,5,True,5,18,229,25.615,0.0,False,True,
2026352035,5528,3.45,3.45,0.0,0.0,0.0,3.45,0.0,0,0,258,610,1555,2016-05-08,1559.0,64.958,24.0,258.0,0.179,35.0,5528.0,230.333,1338.0,1555.161,1.08,1440.0,0.179,258.0,258.0,0.0,0.0,258.0,1182.0,13.933,81.0,5528.0,3.839,258.0,,,,,,,1.0,541.0,568.0,95.246,,,,,,Sunday,6,True,5,18,258,29.724,0.0,False,True,
2026352035,10685,6.62,6.62,0.0,0.0,0.0,6.6,0.0,0,0,401,543,1869,2016-05-09,1867.0,77.792,24.0,401.0,0.278,56.0,10652.0,443.833,1960.0,1866.286,1.296,1440.0,0.278,401.0,401.0,0.0,0.0,401.0,1039.0,16.721,70.0,10652.0,7.397,396.0,98.234,70.0,123.0,98.0,9.534,1351.0,1.0,531.0,556.0,95.504,,,,,,Monday,0,False,5,19,401,42.479,0.0,True,True,
2026352035,254,0.16,0.16,0.0,0.0,0.0,0.16,0.0,0,0,17,1002,1141,2016-05-10,1150.0,47.917,24.0,17.0,0.012,7.0,254.0,10.583,118.0,1141.412,0.793,1440.0,0.012,17.0,17.0,0.0,0.0,17.0,1423.0,10.226,30.0,254.0,0.176,17.0,,,,,,,1.0,357.0,380.0,93.947,,,,,,Tuesday,1,False,5,19,17,1.668,0.0,False,False,
2026352035,8580,5.32,5.32,0.0,0.0,0.0,5.32,0.0,0,0,330,569,1698,2016-05-11,1699.0,70.792,24.0,330.0,0.229,55.0,8580.0,357.5,2375.0,1698.632,1.18,1440.0,0.229,330.0,330.0,0.0,0.0,330.0,1110.0,15.219,66.0,8580.0,5.958,330.0,,,,,,,1.0,523.0,553.0,94.575,,,,,,Wednesday,2,False,5,19,330,36.707,0.0,False,True,
2026352035,8891,5.51,5.51,0.0,0.0,0.0,5.51,0.0,0,0,343,330,1364,2016-05-12,1297.0,81.062,16.0,320.0,0.333,41.0,8449.0,528.062,1261.0,1296.2,1.35,960.0,0.333,320.0,320.0,0.0,0.0,320.0,640.0,17.42,62.0,8449.0,8.801,320.0,,,,,,,1.0,456.0,485.0,94.021,,,,,,Thursday,3,False,5,19,343,50.966,0.0,False,True,
2320127002,10725,7.49,7.49,0.0,1.17,0.31,6.01,0.0,13,9,306,1112,2124,2016-04-12,2122.0,88.417,24.0,363.0,0.252,67.0,10725.0,446.875,2208.0,2124.28,1.475,1440.0,0.252,363.0,328.0,13.0,9.0,306.0,1112.0,16.035,103.0,10725.0,7.448,328.0,,,,,,,,,,,,,,,,Tuesday,1,False,4,15,328,22.778,3.963,True,,
2320127002,7275,4.9,4.9,0.0,0.0,0.0,4.9,0.0,0,0,335,1105,2003,2016-04-13,2003.0,83.458,24.0,335.0,0.233,36.0,7275.0,303.125,959.0,2003.944,1.392,1440.0,0.233,335.0,335.0,0.0,0.0,335.0,1105.0,15.126,56.0,7275.0,5.052,335.0,,,,,,,,,,,,,,,,Wednesday,2,False,4,15,335,23.264,0.0,False,,
2320127002,3973,2.68,2.68,0.0,0.0,0.0,2.68,0.0,0,0,191,1249,1696,2016-04-14,1695.0,70.625,24.0,191.0,0.133,30.0,3973.0,165.542,638.0,1696.112,1.178,1440.0,0.133,191.0,191.0,0.0,0.0,191.0,1249.0,12.803,42.0,3973.0,2.759,191.0,,,,,,,,,,,,,,,,Thursday,3,False,4,15,191,13.264,0.0,False,,
2320127002,5205,3.51,3.51,0.0,0.0,0.0,3.51,0.0,0,0,245,1195,1801,2016-04-15,1800.0,75.0,24.0,245.0,0.17,30.0,5205.0,216.875,571.0,1801.912,1.251,1440.0,0.17,245.0,245.0,0.0,0.0,245.0,1195.0,13.601,42.0,5205.0,3.615,245.0,,,,,,,,,,,,,,,,Friday,4,False,4,15,245,17.014,0.0,False,,
2320127002,5057,3.41,3.41,0.0,0.0,0.0,3.4,0.0,0,0,195,1245,1724,2016-04-16,1722.0,71.75,24.0,195.0,0.135,26.0,5044.0,210.167,714.0,1724.264,1.197,1440.0,0.135,195.0,195.0,0.0,0.0,195.0,1245.0,13.015,60.0,5044.0,3.503,195.0,,,,,,,,,,,,,,,,Saturday,5,True,4,15,195,13.542,0.0,False,,
2320127002,6198,4.18,4.18,0.0,0.0,0.0,4.18,0.0,0,0,249,1191,1852,2016-04-17,1850.0,77.083,24.0,249.0,0.173,31.0,6198.0,258.25,749.0,1852.88,1.287,1440.0,0.173,249.0,249.0,0.0,0.0,249.0,1191.0,13.986,74.0,6198.0,4.304,249.0,,,,,,,,,,,,,,,,Sunday,6,True,4,15,249,17.292,0.0,False,,
2320127002,6559,4.42,4.42,0.0,0.0,0.26,4.14,0.0,0,7,260,1173,1905,2016-04-18,1903.0,79.292,24.0,274.0,0.19,28.0,6538.0,272.417,852.0,1905.136,1.323,1440.0,0.19,274.0,267.0,0.0,7.0,260.0,1173.0,14.381,62.0,6538.0,4.54,267.0,,,,,,,,,,,,,,,,Monday,0,False,4,16,267,18.542,0.0,False,,
2320127002,5997,4.04,4.04,0.0,0.0,0.38,3.66,0.0,0,11,228,1201,1811,2016-04-19,1808.0,75.333,24.0,250.0,0.174,47.0,5997.0,249.875,1154.0,1811.664,1.258,1440.0,0.174,250.0,239.0,0.0,11.0,228.0,1201.0,13.675,56.0,5997.0,4.165,239.0,,,,,,,,,,,,,,,,Tuesday,1,False,4,16,239,16.597,0.0,False,,
2320127002,7192,4.85,4.85,0.0,0.0,0.49,4.34,0.0,0,11,283,1146,1922,2016-04-20,1920.0,80.0,24.0,305.0,0.212,52.0,7162.0,298.417,1813.0,1922.616,1.335,1440.0,0.212,305.0,294.0,0.0,11.0,283.0,1146.0,14.512,66.0,7162.0,4.974,294.0,,,,,,,,,,,,,,,,Wednesday,2,False,4,16,294,20.417,0.0,False,,
2320127002,3404,2.29,2.29,0.0,0.06,0.42,1.81,0.0,1,10,127,1302,1610,2016-04-21,1608.0,67.0,24.0,150.0,0.104,36.0,3404.0,141.833,974.0,1610.92,1.119,1440.0,0.104,150.0,138.0,1.0,10.0,127.0,1302.0,12.16,60.0,3404.0,2.364,138.0,,,,,,,,,,,,,,,,Thursday,3,False,4,16,138,9.583,0.725,False,,
2320127002,5583,3.76,3.76,0.0,0.0,0.0,3.76,0.0,0,0,266,1174,1851,2016-04-22,1848.0,77.0,24.0,266.0,0.185,36.0,5583.0,232.625,1128.0,1851.96,1.286,1440.0,0.185,266.0,266.0,0.0,0.0,266.0,1174.0,13.979,60.0,5583.0,3.877,266.0,,,,,,,,,,,,,,,,Friday,4,False,4,16,266,18.472,0.0,False,,
2320127002,5079,3.42,3.42,0.0,0.0,0.0,3.42,0.0,0,0,242,1129,1804,2016-04-23,1801.0,75.042,24.0,242.0,0.168,27.0,5079.0,211.625,594.0,1804.304,1.253,1440.0,0.168,242.0,242.0,0.0,0.0,242.0,1198.0,13.619,44.0,5079.0,3.527,242.0,,,,,,,1.0,61.0,69.0,88.406,,,,,,Saturday,5,True,4,16,242,17.651,0.0,False,False,
2320127002,4165,2.81,2.81,0.0,0.0,0.0,2.8,0.0,0,0,204,1236,1725,2016-04-24,1725.0,71.875,24.0,204.0,0.142,33.0,4159.0,173.292,784.0,1725.184,1.198,1440.0,0.142,204.0,204.0,0.0,0.0,204.0,1236.0,13.022,44.0,4159.0,2.888,204.0,,,,,,,,,,,,,,,,Sunday,6,True,4,16,204,14.167,0.0,False,,
2320127002,3588,2.42,2.42,0.0,0.23,0.2,1.99,0.0,3,5,152,1280,1654,2016-04-25,1653.0,68.875,24.0,171.0,0.119,40.0,3588.0,149.5,1013.0,1654.344,1.149,1440.0,0.119,171.0,160.0,3.0,5.0,152.0,1280.0,12.488,76.0,3588.0,2.492,160.0,,,,,,,,,,,,,,,,Monday,0,False,4,17,160,11.111,1.875,False,,
2320127002,3409,2.3,2.3,0.0,0.0,0.0,2.3,0.0,0,0,147,1293,1632,2016-04-26,1629.0,67.875,24.0,147.0,0.102,23.0,3409.0,142.042,758.0,1632.816,1.134,1440.0,0.102,147.0,147.0,0.0,0.0,147.0,1293.0,12.325,78.0,3409.0,2.367,147.0,,,,,,,,,,,,,,,,Tuesday,1,False,4,17,147,10.208,0.0,False,,
2320127002,1715,1.16,1.16,0.0,0.0,0.0,1.16,0.0,0,0,82,1358,1481,2016-04-27,1479.0,61.625,24.0,82.0,0.057,33.0,1715.0,71.458,829.0,1481.384,1.029,1440.0,0.057,82.0,82.0,0.0,0.0,82.0,1358.0,11.182,44.0,1715.0,1.191,82.0,,,,,,,,,,,,,,,,Wednesday,2,False,4,17,82,5.694,0.0,False,,
2320127002,1532,1.03,1.03,0.0,0.0,0.0,1.03,0.0,0,0,76,1364,1473,2016-04-28,1469.0,61.208,24.0,76.0,0.053,20.0,1532.0,63.833,412.0,1473.288,1.023,1440.0,0.053,76.0,76.0,0.0,0.0,76.0,1364.0,11.121,50.0,1532.0,1.064,76.0,,,,,,,,,,,,,,,,Thursday,3,False,4,17,76,5.278,0.0,False,,
2320127002,924,0.62,0.62,0.0,0.0,0.0,0.62,0.0,0,0,45,1395,1410,2016-04-29,1407.0,58.625,24.0,45.0,0.031,27.0,924.0,38.5,577.0,1410.728,0.98,1440.0,0.031,45.0,45.0,0.0,0.0,45.0,1395.0,10.649,38.0,924.0,0.642,45.0,,,,,,,,,,,,,,,,Friday,4,False,4,17,45,3.125,0.0,False,,
2320127002,4571,3.08,3.08,0.0,0.0,0.0,3.07,0.0,0,0,234,1206,1779,2016-04-30,1776.0,74.0,24.0,234.0,0.162,24.0,4558.0,189.917,582.0,1779.096,1.235,1440.0,0.162,234.0,234.0,0.0,0.0,234.0,1206.0,13.429,68.0,4558.0,3.165,234.0,,,,,,,,,,,,,,,,Saturday,5,True,4,17,234,16.25,0.0,False,,
2320127002,772,0.52,0.52,0.0,0.0,0.0,0.52,0.0,0,0,40,1400,1403,2016-05-01,1400.0,58.333,24.0,40.0,0.028,15.0,772.0,32.167,326.0,1403.736,0.975,1440.0,0.028,40.0,40.0,0.0,0.0,40.0,1400.0,10.596,42.0,772.0,0.536,40.0,,,,,,,,,,,,,,,,Sunday,6,True,5,17,40,2.778,0.0,False,,
2320127002,3634,2.45,2.45,0.0,0.36,0.21,1.88,0.0,5,6,123,1306,1613,2016-05-02,1609.0,67.042,24.0,150.0,0.104,41.0,3634.0,151.417,1054.0,1613.496,1.12,1440.0,0.104,150.0,134.0,5.0,6.0,123.0,1306.0,12.179,76.0,3634.0,2.524,134.0,,,,,,,,,,,,,,,,Monday,0,False,5,18,134,9.306,3.731,False,,
2320127002,7443,5.02,5.02,0.0,1.49,0.37,3.16,0.0,20,10,206,1204,1878,2016-05-03,1876.0,78.167,24.0,286.0,0.199,61.0,7443.0,310.125,1940.0,1878.824,1.305,1440.0,0.199,286.0,236.0,20.0,10.0,206.0,1204.0,14.182,78.0,7443.0,5.169,236.0,,,,,,,,,,,,,,,,Tuesday,1,False,5,18,236,16.389,8.475,False,,
2320127002,1201,0.81,0.81,0.0,0.0,0.0,0.81,0.0,0,0,52,1388,1426,2016-05-04,1422.0,59.25,24.0,52.0,0.036,33.0,1201.0,50.042,874.0,1426.736,0.991,1440.0,0.036,52.0,52.0,0.0,0.0,52.0,1388.0,10.769,44.0,1201.0,0.834,52.0,,,,,,,,,,,,,,,,Wednesday,2,False,5,18,52,3.611,0.0,False,,
2320127002,5202,3.51,3.51,0.0,0.0,0.39,3.11,0.0,0,11,223,1206,1780,2016-05-05,1779.0,74.125,24.0,245.0,0.17,34.0,5202.0,216.75,782.0,1780.752,1.237,1440.0,0.17,245.0,234.0,0.0,11.0,223.0,1206.0,13.442,42.0,5202.0,3.612,234.0,,,,,,,,,,,,,,,,Thursday,3,False,5,18,234,16.25,0.0,False,,
2320127002,4878,3.29,3.29,0.0,0.0,0.0,3.29,0.0,0,0,204,1236,1742,2016-05-06,1738.0,72.417,24.0,204.0,0.142,29.0,4878.0,203.25,843.0,1742.664,1.21,1440.0,0.142,204.0,204.0,0.0,0.0,204.0,1236.0,13.154,66.0,4878.0,3.388,204.0,,,,,,,,,,,,,,,,Friday,4,False,5,18,204,14.167,0.0,False,,
2320127002,7379,4.97,4.97,0.0,0.0,0.0,4.97,0.0,0,0,319,1121,1972,2016-05-07,1973.0,82.208,24.0,319.0,0.222,33.0,7379.0,307.458,954.0,1972.664,1.37,1440.0,0.222,319.0,319.0,0.0,0.0,319.0,1121.0,14.89,70.0,7379.0,5.124,319.0,,,,,,,,,,,,,,,,Saturday,5,True,5,18,319,22.153,0.0,False,,
2320127002,5161,3.48,3.48,0.0,0.0,0.0,3.47,0.0,0,0,247,1193,1821,2016-05-08,1820.0,75.833,24.0,247.0,0.172,27.0,5153.0,214.708,633.0,1821.968,1.265,1440.0,0.172,247.0,247.0,0.0,0.0,247.0,1193.0,13.753,72.0,5153.0,3.578,247.0,,,,,,,,,,,,,,,,Sunday,6,True,5,18,247,17.153,0.0,False,,
2320127002,3090,2.08,2.08,0.0,0.0,0.0,2.08,0.0,0,0,145,1295,1630,2016-05-09,1627.0,67.792,24.0,145.0,0.101,22.0,3090.0,128.75,713.0,1630.24,1.132,1440.0,0.101,145.0,145.0,0.0,0.0,145.0,1295.0,12.306,50.0,3090.0,2.146,145.0,,,,,,,,,,,,,,,,Monday,0,False,5,19,145,10.069,0.0,False,,
2320127002,6227,4.2,4.2,0.0,0.0,0.0,4.2,0.0,0,0,290,1150,1899,2016-05-10,1899.0,79.125,24.0,290.0,0.201,38.0,6227.0,259.458,1122.0,1899.064,1.319,1440.0,0.201,290.0,290.0,0.0,0.0,290.0,1150.0,14.335,62.0,6227.0,4.324,290.0,,,,,,,,,,,,,,,,Tuesday,1,False,5,19,290,20.139,0.0,False,,
2320127002,6424,4.33,4.33,0.0,0.0,0.0,4.33,0.0,0,0,300,1140,1903,2016-05-11,1904.0,79.333,24.0,300.0,0.208,34.0,6424.0,267.667,999.0,1903.664,1.322,1440.0,0.208,300.0,300.0,0.0,0.0,300.0,1140.0,14.369,48.0,6424.0,4.461,300.0,,,,,,,,,,,,,,,,Wednesday,2,False,5,19,300,20.833,0.0,False,,
2320127002,2661,1.79,1.79,0.0,0.0,0.0,1.79,0.0,0,0,128,830,1125,2016-05-12,1063.0,70.867,15.0,124.0,0.138,30.0,2564.0,170.933,817.0,1064.256,1.183,900.0,0.138,124.0,124.0,0.0,0.0,124.0,776.0,12.853,44.0,2564.0,2.849,124.0,,,,,,,,,,,,,,,,Thursday,3,False,5,19,128,13.361,0.0,False,,
2347167796,10113,6.83,6.83,0.0,2.0,0.62,4.2,0.0,28,13,320,964,2344,2016-04-12,2342.0,97.583,24.0,430.0,0.299,73.0,10113.0,421.375,3229.0,2344.351,1.628,1440.0,0.299,430.0,361.0,28.0,13.0,320.0,1079.0,17.308,106.0,10113.0,7.023,290.0,86.082,57.0,172.0,82.0,16.843,6753.0,,,,,,,,,,Tuesday,1,False,4,15,361,27.245,7.756,True,,
2347167796,10352,7.01,7.01,0.0,1.66,1.94,3.41,0.0,19,32,195,676,2038,2016-04-13,2039.0,84.958,24.0,316.0,0.219,62.0,10352.0,431.333,2581.0,2038.75,1.416,1440.0,0.219,316.0,246.0,19.0,32.0,195.0,1194.0,15.052,95.0,10352.0,7.189,243.0,73.813,55.0,158.0,71.0,13.015,9268.0,1.0,467.0,531.0,87.947,,,,,,Wednesday,2,False,4,15,246,26.681,7.724,True,True,
2347167796,10129,6.7,6.7,0.0,0.02,2.74,3.94,0.0,1,48,206,705,2010,2016-04-14,2012.0,83.833,24.0,305.0,0.212,72.0,10129.0,422.042,2706.0,2010.627,1.396,1440.0,0.212,305.0,255.0,1.0,48.0,206.0,1185.0,14.844,72.0,10129.0,7.034,253.0,72.579,52.0,154.0,70.0,10.278,9153.0,1.0,445.0,489.0,91.002,,,,,,Thursday,3,False,4,15,255,26.562,0.392,True,True,
2347167796,10465,6.92,6.92,0.0,0.07,1.42,5.43,0.0,1,24,284,720,2133,2016-04-15,2136.0,89.0,24.0,335.0,0.233,69.0,10465.0,436.042,2813.0,2133.375,1.482,1440.0,0.233,335.0,309.0,1.0,24.0,284.0,1131.0,15.751,73.0,10465.0,7.267,297.0,75.685,55.0,136.0,71.0,13.723,9557.0,1.0,452.0,504.0,89.683,,,,,,Friday,4,False,4,15,309,30.029,0.324,True,True,
2347167796,22244,15.08,15.08,0.0,5.45,4.1,5.53,0.0,66,72,268,968,2670,2016-04-16,2667.0,111.125,24.0,610.0,0.424,132.0,22244.0,926.833,5291.0,2670.551,1.855,1440.0,0.424,610.0,406.0,66.0,72.0,268.0,1034.0,19.717,103.0,22244.0,15.447,405.0,96.624,58.0,168.0,93.0,22.984,9035.0,,,,,,,,,,Saturday,5,True,4,15,406,29.549,16.256,True,,
2347167796,5472,3.62,3.62,0.0,0.08,0.28,3.26,0.0,1,7,249,508,1882,2016-04-17,1884.0,78.5,24.0,266.0,0.185,48.0,5472.0,228.0,1489.0,1882.611,1.307,1440.0,0.185,266.0,257.0,1.0,7.0,249.0,1183.0,13.899,62.0,5472.0,3.8,257.0,75.362,55.0,134.0,74.0,9.52,8990.0,1.0,556.0,602.0,92.359,,,,,,Sunday,6,True,4,15,257,33.595,0.389,False,True,
2347167796,8247,5.45,5.45,0.0,0.79,0.86,3.79,0.0,11,16,206,678,1944,2016-04-18,1947.0,81.125,24.0,271.0,0.188,64.0,8247.0,343.625,2497.0,1944.596,1.35,1440.0,0.188,271.0,233.0,11.0,16.0,206.0,1207.0,14.357,72.0,8247.0,5.727,232.0,71.232,53.0,134.0,67.0,12.57,9339.0,1.0,500.0,557.0,89.767,,,,,,Monday,0,False,4,16,233,25.576,4.721,False,True,
2347167796,6711,4.44,4.44,0.0,0.0,0.0,4.44,0.0,0,7,382,648,2346,2016-04-19,2344.0,97.667,24.0,396.0,0.275,57.0,6711.0,279.625,1170.0,2346.045,1.629,1440.0,0.275,396.0,389.0,0.0,7.0,382.0,1051.0,17.321,120.0,6711.0,4.66,250.0,81.301,53.0,195.0,77.0,18.328,7824.0,1.0,465.0,514.0,90.467,,,,,,Tuesday,1,False,4,16,389,37.512,0.0,False,True,
2347167796,10999,7.27,7.27,0.0,0.68,1.81,4.78,0.0,11,43,269,1011,2198,2016-04-20,2195.0,91.458,24.0,388.0,0.269,68.0,10999.0,458.292,2534.0,2198.276,1.527,1440.0,0.269,388.0,323.0,11.0,43.0,269.0,1117.0,16.23,94.0,10999.0,7.638,309.0,78.182,53.0,161.0,74.0,15.759,7156.0,,,,,,,,,,Wednesday,2,False,4,16,323,24.213,3.406,True,,
2347167796,10080,6.75,6.75,0.0,1.85,1.53,3.38,0.0,23,26,208,761,2048,2016-04-21,2051.0,85.458,24.0,329.0,0.228,88.0,10080.0,420.0,3410.0,2048.815,1.423,1440.0,0.228,329.0,257.0,23.0,26.0,208.0,1183.0,15.126,104.0,10080.0,7.0,257.0,73.414,51.0,171.0,70.0,13.509,9289.0,1.0,460.0,484.0,95.041,,,,,,Thursday,3,False,4,16,257,25.246,8.949,True,True,
2347167796,7804,5.16,5.16,0.0,0.56,1.68,2.92,0.0,9,27,206,781,1946,2016-04-22,1947.0,81.125,24.0,287.0,0.199,95.0,7804.0,325.167,3724.0,1946.195,1.352,1440.0,0.199,287.0,242.0,9.0,27.0,206.0,1198.0,14.369,102.0,7804.0,5.419,240.0,71.996,53.0,165.0,70.0,11.747,9172.0,1.0,405.0,461.0,87.852,,,,,,Friday,4,False,4,16,242,23.656,3.719,False,False,
2347167796,16901,11.37,11.37,0.0,2.78,1.45,7.15,0.0,32,35,360,591,2629,2016-04-23,2628.0,109.5,24.0,526.0,0.365,105.0,16901.0,704.208,4214.0,2629.259,1.826,1440.0,0.365,526.0,427.0,32.0,35.0,360.0,1013.0,19.412,99.0,16901.0,11.737,407.0,83.433,53.0,157.0,82.0,18.443,9543.0,1.0,374.0,386.0,96.891,,,,,,Saturday,5,True,4,16,427,41.945,7.494,True,False,
2347167796,9471,6.26,6.26,0.0,0.0,0.0,6.26,0.0,0,0,360,584,2187,2016-04-24,2187.0,91.125,24.0,360.0,0.25,49.0,9471.0,394.625,1835.0,2186.613,1.518,1440.0,0.25,360.0,360.0,0.0,0.0,360.0,1080.0,16.144,64.0,9471.0,6.577,348.0,77.576,54.0,127.0,76.0,12.725,8832.0,1.0,442.0,459.0,96.296,,,,,,Sunday,6,True,4,16,360,38.136,0.0,False,True,
2347167796,9482,6.38,6.38,0.0,1.27,0.52,4.6,0.0,15,11,277,653,2095,2016-04-25,2093.0,87.208,24.0,344.0,0.239,67.0,9482.0,395.083,2882.0,2095.186,1.455,1440.0,0.239,344.0,303.0,15.0,11.0,277.0,1137.0,15.469,99.0,9482.0,6.585,297.0,73.861,53.0,160.0,71.0,12.903,9528.0,1.0,433.0,471.0,91.932,,,,,,Monday,0,False,4,17,303,31.695,4.95,False,True,
2347167796,5980,3.95,3.95,0.0,0.0,0.0,3.95,0.0,0,0,227,732,1861,2016-04-26,1861.0,77.542,24.0,227.0,0.158,37.0,5980.0,249.167,1347.0,1861.165,1.292,1440.0,0.158,227.0,227.0,0.0,0.0,227.0,1213.0,13.741,58.0,5980.0,4.153,227.0,71.732,49.0,122.0,70.0,9.507,9023.0,1.0,436.0,490.0,88.98,,,,,,Tuesday,1,False,4,17,227,23.67,0.0,False,True,
2347167796,11423,7.58,7.58,0.0,1.86,0.4,5.32,0.0,26,9,295,623,2194,2016-04-27,2195.0,91.458,24.0,391.0,0.272,117.0,11423.0,475.958,4359.0,2194.232,1.524,1440.0,0.272,391.0,330.0,26.0,9.0,295.0,1110.0,16.2,85.0,11423.0,7.933,327.0,75.194,51.0,144.0,73.0,14.162,8842.0,1.0,448.0,499.0,89.78,,,,,,Wednesday,2,False,4,17,330,34.627,7.879,True,True,
2347167796,5439,3.6,3.6,0.0,0.0,0.0,3.6,0.0,0,0,229,764,1854,2016-04-28,1856.0,77.333,24.0,229.0,0.159,34.0,5439.0,226.625,1264.0,1854.769,1.288,1440.0,0.159,229.0,229.0,0.0,0.0,229.0,1211.0,13.694,62.0,5439.0,3.777,229.0,73.409,55.0,138.0,71.0,8.628,9015.0,1.0,408.0,450.0,90.667,,,,,,Thursday,3,False,4,17,229,23.061,0.0,False,False,
2347167796,42,0.03,0.03,0.0,0.0,0.0,0.03,0.0,0,0,4,2,403,2016-04-29,345.0,57.5,6.0,2.0,0.006,1.0,25.0,4.167,17.0,344.73,0.958,360.0,0.006,2.0,2.0,0.0,0.0,2.0,358.0,10.181,26.0,25.0,0.069,2.0,62.87,54.0,85.0,62.0,4.292,2364.0,1.0,411.0,473.0,86.892,,,,,,Friday,4,False,4,17,4,66.667,0.0,False,False,
2873212765,8796,5.91,5.91,0.0,0.11,0.93,4.88,0.0,2,21,356,1061,1982,2016-04-12,1985.0,82.708,24.0,404.0,0.281,58.0,8796.0,366.5,1373.0,1982.323,1.377,1440.0,0.281,404.0,379.0,2.0,21.0,356.0,1061.0,15.674,68.0,8796.0,6.108,292.0,,,,,,,,,,,,,,,,Tuesday,1,False,4,15,379,26.319,0.528,False,,
2873212765,7618,5.12,5.12,0.0,0.0,0.22,4.88,0.02,0,8,404,1028,2004,2016-04-13,2007.0,83.625,24.0,420.0,0.292,47.0,7618.0,317.417,873.0,2004.281,1.392,1440.0,0.292,420.0,412.0,0.0,8.0,404.0,1028.0,15.847,90.0,7618.0,5.29,289.0,,,,,,,,,,,,,,,,Wednesday,2,False,4,15,412,28.611,0.0,False,,
2873212765,7910,5.32,5.32,0.0,0.0,0.0,5.32,0.0,0,0,331,1109,1893,2016-04-14,1895.0,78.958,24.0,331.0,0.23,43.0,7910.0,329.583,1403.0,1893.263,1.315,1440.0,0.23,331.0,331.0,0.0,0.0,331.0,1109.0,14.969,86.0,7910.0,5.493,226.0,,,,,,,,,,,,,,,,Thursday,3,False,4,15,331,22.986,0.0,False,,
2873212765,8482,5.7,5.7,0.0,0.0,0.0,5.69,0.01,0,0,448,992,2063,2016-04-15,2066.0,86.083,24.0,448.0,0.311,43.0,8482.0,353.417,1031.0,2063.654,1.433,1440.0,0.311,448.0,448.0,0.0,0.0,448.0,992.0,16.317,74.0,8482.0,5.89,316.0,,,,,,,,,,,,,,,,Friday,4,False,4,15,448,31.111,0.0,False,,
2873212765,9685,6.65,6.65,0.0,3.11,0.02,3.51,0.01,47,1,305,1087,2148,2016-04-16,2150.0,89.583,24.0,448.0,0.311,99.0,9677.0,403.208,2650.0,2148.571,1.492,1440.0,0.311,448.0,353.0,47.0,1.0,305.0,1087.0,17.003,96.0,9677.0,6.72,245.0,,,,,,,,,,,,,,,,Saturday,5,True,4,15,353,24.514,13.314,False,,
2873212765,2524,1.7,1.7,0.0,0.0,0.35,1.34,0.0,0,8,160,1272,1529,2016-04-17,1533.0,63.875,24.0,176.0,0.122,42.0,2524.0,105.167,1079.0,1529.999,1.062,1440.0,0.122,176.0,168.0,0.0,8.0,160.0,1272.0,12.097,58.0,2524.0,1.753,110.0,,,,,,,,,,,,,,,,Sunday,6,True,4,15,168,11.667,0.0,False,,
2873212765,7762,5.24,5.24,0.0,0.07,0.28,4.89,0.0,1,6,311,1122,1890,2016-04-18,1893.0,78.875,24.0,326.0,0.226,51.0,7762.0,323.417,1325.0,1890.189,1.313,1440.0,0.226,326.0,318.0,1.0,6.0,311.0,1122.0,14.945,87.0,7762.0,5.39,234.0,,,,,,,,,,,,,,,,Monday,0,False,4,16,318,22.083,0.314,False,,
2873212765,7948,5.37,5.37,0.0,0.0,0.0,5.36,0.0,0,0,389,1051,1956,2016-04-19,1957.0,81.542,24.0,389.0,0.27,45.0,7948.0,331.167,1328.0,1956.94,1.359,1440.0,0.27,389.0,389.0,0.0,0.0,389.0,1051.0,15.473,93.0,7948.0,5.519,269.0,,,,,,,,,,,,,,,,Tuesday,1,False,4,16,389,27.014,0.0,False,,
2873212765,9202,6.3,6.3,0.0,1.51,0.12,4.66,0.01,22,5,378,1035,2094,2016-04-20,2106.0,87.75,24.0,454.0,0.315,77.0,9202.0,383.417,2181.0,2102.773,1.46,1440.0,0.315,454.0,405.0,22.0,5.0,378.0,1035.0,16.625,95.0,9202.0,6.39,301.0,,,,,,,,,,,,,,,,Wednesday,2,False,4,16,405,28.125,5.432,False,,
2873212765,8859,5.98,5.98,0.0,0.13,0.37,5.47,0.01,2,10,371,1057,1970,2016-04-21,1967.0,81.958,24.0,397.0,0.276,42.0,8859.0,369.125,1422.0,1970.161,1.368,1440.0,0.276,397.0,383.0,2.0,10.0,371.0,1057.0,15.645,77.0,8859.0,6.152,288.0,,,,,,,,,,,56.7,125.002,,21.45,1.0,Thursday,3,False,4,16,383,26.597,0.522,False,,Healthy
2873212765,7286,4.9,4.9,0.0,0.46,0.0,4.42,0.02,46,0,366,1028,2241,2016-04-22,1950.0,81.25,24.0,389.0,0.27,43.0,7286.0,303.583,978.0,1950.485,1.355,1440.0,0.27,389.0,389.0,0.0,0.0,389.0,1051.0,15.489,68.0,7286.0,5.06,277.0,,,,,,,,,,,,,,,,Friday,4,False,4,16,412,28.611,11.165,False,,
2873212765,9317,6.35,6.35,0.0,2.09,0.23,4.02,0.01,28,5,330,1077,2021,2016-04-23,2016.0,84.0,24.0,424.0,0.294,115.0,9317.0,388.208,4333.0,2021.057,1.404,1440.0,0.294,424.0,363.0,28.0,5.0,330.0,1077.0,16.049,149.0,9317.0,6.47,246.0,,,,,,,,,,,,,,,,Saturday,5,True,4,16,363,25.208,7.713,False,,
2873212765,6873,4.68,4.68,0.0,3.0,0.06,1.62,0.0,46,1,190,1203,1898,2016-04-24,1890.0,78.75,24.0,330.0,0.229,148.0,6873.0,286.375,4534.0,1898.16,1.318,1440.0,0.229,330.0,237.0,46.0,1.0,190.0,1203.0,15.067,95.0,6873.0,4.773,153.0,,,,,,,,,,,,,,,,Sunday,6,True,4,16,237,16.458,19.409,False,,
2873212765,7373,4.95,4.95,0.0,0.0,0.0,4.95,0.0,0,0,359,1081,1907,2016-04-25,1904.0,79.333,24.0,359.0,0.249,49.0,7373.0,307.208,973.0,1907.11,1.324,1440.0,0.249,359.0,359.0,0.0,0.0,359.0,1081.0,15.144,96.0,7373.0,5.12,277.0,,,,,,,,,,,,,,,,Monday,0,False,4,17,359,24.931,0.0,False,,
2873212765,8242,5.54,5.54,0.0,0.12,0.18,5.24,0.0,2,5,309,1124,1882,2016-04-26,1877.0,78.208,24.0,325.0,0.226,38.0,8242.0,343.417,1298.0,1882.973,1.308,1440.0,0.226,325.0,316.0,2.0,5.0,309.0,1124.0,14.953,90.0,8242.0,5.724,259.0,,,,,,,,,,,,,,,,Tuesday,1,False,4,17,316,21.944,0.633,False,,
2873212765,3516,2.36,2.36,0.0,0.0,0.0,2.36,0.0,46,0,197,1197,1966,2016-04-27,1963.0,81.792,24.0,335.0,0.233,96.0,3516.0,146.5,894.0,1966.546,1.366,1440.0,0.233,335.0,243.0,46.0,0.0,197.0,1197.0,15.61,95.0,3516.0,2.442,117.0,,,,,,,,,,,,,,,,Wednesday,2,False,4,17,243,16.875,18.93,False,,
2873212765,7913,5.41,5.41,0.0,2.16,0.34,2.91,0.0,28,7,213,1192,1835,2016-04-28,1831.0,76.292,24.0,311.0,0.216,92.0,7913.0,329.708,3108.0,1835.838,1.275,1440.0,0.216,311.0,248.0,28.0,7.0,213.0,1192.0,14.578,98.0,7913.0,5.495,170.0,,,,,,,,,,,,,,,,Thursday,3,False,4,17,248,17.222,11.29,False,,
2873212765,7365,4.95,4.95,0.0,1.36,1.41,2.18,0.0,20,23,206,1191,1780,2016-04-29,1778.0,74.083,24.0,312.0,0.217,108.0,7365.0,306.875,3995.0,1780.482,1.236,1440.0,0.217,312.0,249.0,20.0,23.0,206.0,1191.0,14.139,80.0,7365.0,5.115,164.0,,,,,,,,,,,,,,,,Friday,4,False,4,17,249,17.292,8.032,False,,
2873212765,8452,5.68,5.68,0.0,0.33,1.08,4.26,0.01,5,20,248,1167,1830,2016-04-30,1825.0,76.042,24.0,303.0,0.21,56.0,8452.0,352.167,2466.0,1830.678,1.271,1440.0,0.21,303.0,273.0,5.0,20.0,248.0,1167.0,14.538,80.0,8452.0,5.869,206.0,,,,,,,,,,,,,,,,Saturday,5,True,4,17,273,18.958,1.832,False,,
2873212765,7399,4.97,4.97,0.0,0.49,1.04,3.44,0.0,7,18,196,1219,1739,2016-05-01,1736.0,72.333,24.0,253.0,0.176,44.0,7399.0,308.292,1736.0,1739.73,1.208,1440.0,0.176,253.0,221.0,7.0,18.0,196.0,1219.0,13.815,88.0,7399.0,5.138,154.0,,,,,,,,,,,,,,,,Sunday,6,True,5,17,221,15.347,3.167,False,,
2873212765,7525,5.06,5.06,0.0,0.0,0.21,4.83,0.02,0,7,334,1099,1878,2016-05-02,1877.0,78.208,24.0,348.0,0.242,52.0,7525.0,313.542,1417.0,1878.776,1.305,1440.0,0.242,348.0,341.0,0.0,7.0,334.0,1099.0,14.919,72.0,7525.0,5.226,260.0,,,,,,,,,,,,,,,,Monday,0,False,5,18,341,23.681,0.0,False,,
2873212765,7412,4.98,4.98,0.0,0.06,0.25,4.66,0.01,1,6,363,1070,1906,2016-05-03,1904.0,79.333,24.0,378.0,0.263,48.0,7412.0,308.833,1134.0,1906.06,1.324,1440.0,0.262,378.0,370.0,1.0,6.0,363.0,1070.0,15.136,80.0,7412.0,5.147,270.0,,,,,,,,,,,,,,,,Tuesday,1,False,5,18,370,25.694,0.27,False,,
2873212765,8278,5.56,5.56,0.0,0.0,0.0,5.56,0.0,0,0,420,1020,2015,2016-05-04,2013.0,83.875,24.0,420.0,0.292,46.0,8278.0,344.917,1050.0,2015.023,1.399,1440.0,0.292,420.0,420.0,0.0,0.0,420.0,1020.0,16.001,90.0,8278.0,5.749,314.0,,,,,,,,,,,,,,,,Wednesday,2,False,5,18,420,29.167,0.0,False,,
2873212765,8314,5.61,5.61,0.0,0.78,0.8,4.03,0.0,13,23,311,1093,1971,2016-05-05,1967.0,81.958,24.0,396.0,0.275,56.0,8314.0,346.417,1758.0,1971.385,1.369,1440.0,0.275,396.0,347.0,13.0,23.0,311.0,1093.0,15.655,90.0,8314.0,5.774,245.0,,,,,,,,,,,,,,,,Thursday,3,False,5,18,347,24.097,3.746,False,,
2873212765,7063,4.75,4.75,0.0,0.0,0.12,4.61,0.01,0,5,370,1065,1910,2016-05-06,1909.0,79.542,24.0,380.0,0.264,45.0,7063.0,294.292,894.0,1910.782,1.327,1440.0,0.264,380.0,375.0,0.0,5.0,370.0,1065.0,15.174,68.0,7063.0,4.905,268.0,,,,,,,,,,,,,,,,Friday,4,False,5,18,375,26.042,0.0,False,,
2873212765,4940,3.38,3.38,0.0,2.28,0.55,0.55,0.0,75,11,52,1302,1897,2016-05-07,1890.0,78.75,24.0,299.0,0.208,131.0,4940.0,205.833,2599.0,1897.635,1.318,1440.0,0.208,299.0,138.0,75.0,11.0,52.0,1302.0,15.062,157.0,4940.0,3.431,82.0,,,,,,,,,,,,,,,,Saturday,5,True,5,18,138,9.583,54.348,False,,
2873212765,8168,5.54,5.54,0.0,2.9,0.0,2.64,0.0,46,0,326,1068,2096,2016-05-08,2094.0,87.25,24.0,464.0,0.322,93.0,8168.0,340.333,2768.0,2096.671,1.456,1440.0,0.322,464.0,372.0,46.0,0.0,326.0,1068.0,16.643,95.0,8168.0,5.672,243.0,,,,,,,,,,,,,,,,Sunday,6,True,5,18,372,25.833,12.366,False,,
2873212765,7726,5.19,5.19,0.0,0.0,0.0,5.19,0.0,0,0,345,1095,1906,2016-05-09,1906.0,79.417,24.0,345.0,0.24,41.0,7726.0,321.917,1149.0,1906.935,1.324,1440.0,0.24,345.0,345.0,0.0,0.0,345.0,1095.0,15.143,82.0,7726.0,5.365,278.0,,,,,,,,,,,,,,,,Monday,0,False,5,19,345,23.958,0.0,False,,
2873212765,8275,5.56,5.56,0.0,0.0,0.0,5.55,0.01,0,0,373,1067,1962,2016-05-10,1960.0,81.667,24.0,373.0,0.259,48.0,8275.0,344.792,1072.0,1962.378,1.363,1440.0,0.259,373.0,373.0,0.0,0.0,373.0,1067.0,15.583,74.0,8275.0,5.747,288.0,,,,,,,,,,,,,,,,Tuesday,1,False,5,19,373,25.903,0.0,False,,
2873212765,6440,4.33,4.33,0.0,0.0,0.0,4.32,0.01,0,0,319,1121,1826,2016-05-11,1815.0,75.625,24.0,319.0,0.222,42.0,6440.0,268.333,902.0,1817.911,1.262,1440.0,0.222,319.0,319.0,0.0,0.0,319.0,1121.0,14.436,72.0,6440.0,4.472,243.0,,,,,,,,,,,,,,,,Wednesday,2,False,5,19,319,22.153,0.0,False,,
2873212765,7566,5.11,5.11,0.0,0.0,0.0,5.11,0.0,0,0,268,720,1431,2016-05-12,1395.0,87.188,16.0,259.0,0.27,43.0,7475.0,467.188,1226.0,1393.672,1.452,960.0,0.27,259.0,259.0,0.0,0.0,259.0,701.0,16.518,92.0,7475.0,7.786,198.0,,,,,,,,,,,57.3,126.325,,21.69,1.0,Thursday,3,False,5,19,268,27.126,0.0,False,,Healthy
3372868164,4747,3.24,3.24,0.0,0.0,0.0,3.23,0.01,0,0,280,1160,1788,2016-04-12,1787.0,74.458,24.0,280.0,0.194,30.0,4747.0,197.792,548.0,1788.107,1.242,1440.0,0.194,280.0,280.0,0.0,0.0,280.0,1160.0,13.276,68.0,4747.0,3.297,200.0,,,,,,,,,,,,,,,,Tuesday,1,False,4,15,280,19.444,0.0,False,,
3372868164,9715,6.63,6.63,0.0,0.99,0.34,5.27,0.02,16,8,371,1045,2093,2016-04-13,2092.0,87.167,24.0,435.0,0.302,94.0,9715.0,404.792,2185.0,2093.201,1.454,1440.0,0.302,435.0,395.0,16.0,8.0,371.0,1045.0,15.542,98.0,9715.0,6.747,289.0,,,,,,,,,,,,,,,,Wednesday,2,False,4,15,395,27.431,4.051,False,,
3372868164,8844,6.03,6.03,0.0,0.34,1.03,4.65,0.01,6,25,370,1039,2065,2016-04-14,2065.0,86.042,24.0,438.0,0.304,74.0,8844.0,368.5,1549.0,2065.329,1.434,1440.0,0.304,438.0,401.0,6.0,25.0,370.0,1039.0,15.335,102.0,8844.0,6.142,299.0,,,,,,,,,,,,,,,,Thursday,3,False,4,15,401,27.847,1.496,False,,
3372868164,7451,5.08,5.08,0.0,0.0,0.0,5.06,0.02,0,0,335,1105,1908,2016-04-15,1909.0,79.542,24.0,335.0,0.233,39.0,7451.0,310.458,1180.0,1908.386,1.325,1440.0,0.233,335.0,335.0,0.0,0.0,335.0,1105.0,14.169,66.0,7451.0,5.174,267.0,,,,,,,,,,,,,,,,Friday,4,False,4,15,335,23.264,0.0,False,,
3372868164,6905,4.73,4.73,0.0,0.0,0.0,4.7,0.03,0,0,356,1084,1908,2016-04-16,1908.0,79.5,24.0,356.0,0.247,41.0,6905.0,287.708,1018.0,1908.106,1.325,1440.0,0.247,356.0,356.0,0.0,0.0,356.0,1084.0,14.167,59.0,6905.0,4.795,242.0,,,,,,,,,,,,,,,,Saturday,5,True,4,15,356,24.722,0.0,False,,
3372868164,8199,5.88,5.88,0.0,1.41,0.1,4.36,0.01,11,2,322,1105,1964,2016-04-17,1966.0,81.917,24.0,359.0,0.249,71.0,8199.0,341.625,2478.0,1964.411,1.364,1440.0,0.249,359.0,335.0,11.0,2.0,322.0,1105.0,14.585,107.0,8199.0,5.694,250.0,,,,,,,,,,,,,,,,Sunday,6,True,4,15,335,23.264,3.284,False,,
3372868164,6798,4.64,4.64,0.0,1.08,0.2,3.35,0.0,20,7,343,1070,2014,2016-04-18,2014.0,83.917,24.0,417.0,0.29,101.0,6798.0,283.25,2269.0,2014.075,1.399,1440.0,0.29,417.0,370.0,20.0,7.0,343.0,1070.0,14.954,100.0,6798.0,4.721,253.0,,,,,,,,,,,,,,,,Monday,0,False,4,16,370,25.694,5.405,False,,
3372868164,7711,5.26,5.26,0.0,0.0,0.0,5.24,0.02,0,0,376,1064,1985,2016-04-19,1983.0,82.625,24.0,376.0,0.261,46.0,7711.0,321.292,1118.0,1985.829,1.379,1440.0,0.261,376.0,376.0,0.0,0.0,376.0,1064.0,14.744,88.0,7711.0,5.355,253.0,,,,,,,,,,,,,,,,Tuesday,1,False,4,16,376,26.111,0.0,False,,
3372868164,4880,3.33,3.33,0.0,0.84,0.09,2.38,0.02,15,3,274,1148,1867,2016-04-20,1867.0,77.792,24.0,325.0,0.226,86.0,4880.0,203.333,1549.0,1867.981,1.297,1440.0,0.226,325.0,292.0,15.0,3.0,274.0,1148.0,13.869,94.0,4880.0,3.389,176.0,,,,,,,,,,,,,,,,Wednesday,2,False,4,16,292,20.278,5.137,False,,
3372868164,8857,6.07,6.07,0.0,1.15,0.26,4.64,0.01,18,9,376,1037,2124,2016-04-21,2125.0,88.542,24.0,448.0,0.311,81.0,8857.0,369.042,1645.0,2124.16,1.475,1440.0,0.311,448.0,403.0,18.0,9.0,376.0,1037.0,15.772,107.0,8857.0,6.151,306.0,,,,,,,,,,,,,,,,Thursday,3,False,4,16,403,27.986,4.467,False,,
3372868164,3843,2.62,2.62,0.0,0.0,0.0,2.61,0.01,0,0,206,1234,1669,2016-04-22,1668.0,69.5,24.0,206.0,0.143,28.0,3843.0,160.125,831.0,1669.51,1.159,1440.0,0.143,206.0,206.0,0.0,0.0,206.0,1234.0,12.396,46.0,3843.0,2.669,149.0,,,,,,,,,,,,,,,,Friday,4,False,4,16,206,14.306,0.0,False,,
3372868164,7396,5.07,5.07,0.0,1.4,0.08,3.58,0.0,20,2,303,1115,1995,2016-04-23,1996.0,83.167,24.0,367.0,0.255,96.0,7396.0,308.167,3084.0,1995.463,1.386,1440.0,0.255,367.0,325.0,20.0,2.0,303.0,1115.0,14.816,107.0,7396.0,5.136,215.0,,,,,,,,,,,,,,,,Saturday,5,True,4,16,325,22.569,6.154,False,,
3372868164,6731,4.59,4.59,0.0,0.89,0.19,3.49,0.02,14,7,292,1127,1921,2016-04-24,1919.0,79.958,24.0,348.0,0.242,74.0,6731.0,280.458,1860.0,1921.48,1.334,1440.0,0.242,348.0,313.0,14.0,7.0,292.0,1127.0,14.267,104.0,6731.0,4.674,231.0,,,,,,,,,,,,,,,,Sunday,6,True,4,16,313,21.736,4.473,False,,
3372868164,5995,4.09,4.09,0.0,0.0,0.0,4.09,0.0,0,0,416,1024,2010,2016-04-25,2012.0,83.833,24.0,416.0,0.289,53.0,5995.0,249.792,892.0,2010.708,1.396,1440.0,0.289,416.0,416.0,0.0,0.0,416.0,1024.0,14.929,96.0,5995.0,4.163,270.0,,,,,,,,,,,,,,,,Monday,0,False,4,17,416,28.889,0.0,False,,
3372868164,8283,5.79,5.79,0.0,1.85,0.05,3.87,0.01,22,2,333,1083,2057,2016-04-26,2056.0,85.667,24.0,403.0,0.28,97.0,8283.0,345.125,2941.0,2057.005,1.428,1440.0,0.28,403.0,357.0,22.0,2.0,333.0,1083.0,15.273,110.0,8283.0,5.752,241.0,,,,,,,,,,,,,,,,Tuesday,1,False,4,17,357,24.792,6.162,False,,
3372868164,7904,5.42,5.42,0.0,1.58,0.63,3.19,0.01,24,13,346,1057,2095,2016-04-27,2095.0,87.292,24.0,444.0,0.308,105.0,7904.0,329.333,2727.0,2095.914,1.455,1440.0,0.308,444.0,383.0,24.0,13.0,346.0,1057.0,15.562,111.0,7904.0,5.489,257.0,,,,,,,,,,,,,,,,Wednesday,2,False,4,17,383,26.597,6.266,False,,
3372868164,5512,3.76,3.76,0.0,0.0,0.0,3.76,0.0,0,0,385,1055,1972,2016-04-28,1971.0,82.125,24.0,385.0,0.267,39.0,5512.0,229.667,630.0,1972.548,1.37,1440.0,0.267,385.0,385.0,0.0,0.0,385.0,1055.0,14.646,90.0,5512.0,3.828,249.0,,,,,,,,,,,,,,,,Thursday,3,False,4,17,385,26.736,0.0,False,,
3372868164,9135,6.23,6.23,0.0,0.0,0.0,6.22,0.01,0,0,402,1038,2044,2016-04-29,2044.0,85.167,24.0,402.0,0.279,49.0,9135.0,380.625,2510.0,2044.94,1.42,1440.0,0.279,402.0,402.0,0.0,0.0,402.0,1038.0,15.183,58.0,9135.0,6.344,274.0,,,,,,,,,,,,,,,,Friday,4,False,4,17,402,27.917,0.0,False,,
3372868164,5250,3.58,3.58,0.0,1.06,0.09,2.42,0.01,17,4,300,1119,1946,2016-04-30,1945.0,81.042,24.0,359.0,0.249,90.0,5250.0,218.75,1970.0,1946.92,1.352,1440.0,0.249,359.0,321.0,17.0,4.0,300.0,1119.0,14.456,102.0,5250.0,3.646,182.0,,,,,,,,,,,,,,,,Saturday,5,True,4,17,321,22.292,5.296,False,,
3372868164,3077,2.1,2.1,0.0,0.0,0.0,2.09,0.0,0,0,172,842,1237,2016-05-01,1167.0,72.938,16.0,160.0,0.167,31.0,2901.0,181.312,965.0,1166.506,1.215,960.0,0.167,160.0,160.0,0.0,0.0,160.0,800.0,12.992,70.0,2901.0,3.022,114.0,,,,,,,,,,,,,,,,Sunday,6,True,5,17,172,16.963,0.0,False,,
3977333714,8856,5.98,5.98,0.0,3.06,0.91,2.01,0.0,44,19,131,777,1450,2016-04-12,1450.0,60.417,24.0,301.0,0.209,118.0,8856.0,369.0,4112.0,1450.654,1.007,1440.0,0.209,301.0,194.0,44.0,19.0,131.0,1246.0,14.336,115.0,8856.0,6.15,194.0,,,,,,,1.0,274.0,469.0,58.422,,,,,,Tuesday,1,False,4,15,194,19.979,22.68,False,False,
3977333714,10035,6.71,6.71,0.0,2.03,2.13,2.55,0.0,31,46,153,754,1495,2016-04-13,1492.0,62.167,24.0,338.0,0.235,116.0,10035.0,418.125,3916.0,1495.767,1.039,1440.0,0.235,338.0,230.0,31.0,46.0,153.0,1210.0,14.782,74.0,10035.0,6.969,230.0,,,,,,,2.0,295.0,456.0,64.693,,,,,,Wednesday,2,False,4,15,230,23.374,13.478,True,False,
3977333714,7641,5.11,5.11,0.0,0.32,0.97,3.82,0.0,5,23,214,801,1433,2016-04-14,1432.0,59.667,24.0,275.0,0.191,56.0,7641.0,318.375,2136.0,1433.297,0.995,1440.0,0.191,275.0,242.0,5.0,23.0,214.0,1198.0,14.165,66.0,7641.0,5.306,242.0,,,,,,,1.0,291.0,397.0,73.3,,,,,,Thursday,3,False,4,15,242,23.202,2.066,False,False,
3977333714,9010,6.06,6.06,0.0,1.05,1.75,3.26,0.0,15,42,183,644,1468,2016-04-15,1469.0,61.208,24.0,312.0,0.217,88.0,9010.0,375.417,2600.0,1468.573,1.02,1440.0,0.217,312.0,240.0,15.0,42.0,183.0,1200.0,14.513,101.0,9010.0,6.257,240.0,,,,,,,1.0,424.0,556.0,76.259,,,,,,Friday,4,False,4,15,240,27.149,6.25,False,True,
3977333714,13459,9.0,9.0,0.0,2.03,4.0,2.97,0.0,31,83,153,663,1625,2016-04-16,1624.0,67.667,24.0,412.0,0.286,95.0,13459.0,560.792,3172.0,1625.064,1.129,1440.0,0.286,412.0,267.0,31.0,83.0,153.0,1173.0,16.06,78.0,13459.0,9.347,267.0,,,,,,,1.0,283.0,510.0,55.49,,,,,,Saturday,5,True,4,15,267,28.71,11.61,True,False,
3977333714,10415,6.97,6.97,0.0,0.7,2.35,3.92,0.0,11,58,205,600,1529,2016-04-17,1529.0,63.708,24.0,354.0,0.246,99.0,10415.0,433.958,3389.0,1529.708,1.062,1440.0,0.246,354.0,274.0,11.0,58.0,205.0,1166.0,15.117,74.0,10415.0,7.233,274.0,,,,,,,1.0,381.0,566.0,67.314,,,,,,Sunday,6,True,4,15,274,31.35,4.015,True,False,
3977333714,11663,7.8,7.8,0.0,0.25,3.73,3.82,0.0,4,95,214,605,1584,2016-04-18,1583.0,65.958,24.0,416.0,0.289,95.0,11663.0,485.958,2644.0,1584.378,1.1,1440.0,0.289,416.0,313.0,4.0,95.0,214.0,1127.0,15.658,66.0,11663.0,8.099,313.0,,,,,,,2.0,412.0,522.0,78.927,,,,,,Monday,0,False,4,16,313,34.096,1.278,True,False,
3977333714,12414,8.78,8.78,0.0,2.24,2.45,3.96,0.0,19,67,221,738,1638,2016-04-19,1632.0,68.0,24.0,412.0,0.286,81.0,12257.0,510.708,3326.0,1631.037,1.133,1440.0,0.286,412.0,307.0,19.0,67.0,221.0,1133.0,16.119,117.0,12257.0,8.512,307.0,,,,,,,1.0,219.0,395.0,55.443,,,,,,Tuesday,1,False,4,16,307,29.378,6.189,True,False,
3977333714,11658,7.83,7.83,0.0,0.2,4.35,3.28,0.0,2,98,164,845,1554,2016-04-20,1553.0,64.708,24.0,366.0,0.254,109.0,11658.0,485.75,3485.0,1554.724,1.08,1440.0,0.254,366.0,264.0,2.0,98.0,164.0,1176.0,15.365,115.0,11658.0,8.096,264.0,,,,,,,2.0,152.0,305.0,49.836,,,,,,Wednesday,2,False,4,16,264,23.805,0.758,True,False,
3977333714,6093,4.08,4.08,0.0,0.0,0.0,4.06,0.0,0,0,242,712,1397,2016-04-21,1394.0,58.083,24.0,242.0,0.168,34.0,6072.0,253.0,938.0,1396.335,0.97,1440.0,0.168,242.0,242.0,0.0,0.0,242.0,1198.0,13.799,68.0,6072.0,4.217,242.0,,,,,,,1.0,332.0,512.0,64.844,,,,,,Thursday,3,False,4,16,242,25.367,0.0,False,False,
3977333714,8911,5.96,5.96,0.0,2.33,0.58,3.06,0.0,33,12,188,731,1481,2016-04-22,1482.0,61.75,24.0,311.0,0.216,101.0,8911.0,371.292,3771.0,1481.362,1.029,1440.0,0.216,311.0,233.0,33.0,12.0,188.0,1207.0,14.64,72.0,8911.0,6.188,233.0,,,,,,,1.0,355.0,476.0,74.58,,,,,,Friday,4,False,4,16,233,24.17,14.163,False,False,
3977333714,12058,8.07,8.07,0.0,0.0,4.22,3.85,0.0,0,92,252,724,1638,2016-04-23,1637.0,68.208,24.0,436.0,0.303,115.0,12058.0,502.417,3872.0,1638.767,1.138,1440.0,0.303,436.0,344.0,0.0,92.0,252.0,1096.0,16.195,74.0,12058.0,8.374,344.0,,,,,,,1.0,235.0,372.0,63.172,,,,,,Saturday,5,True,4,16,344,32.21,0.0,True,False,
3977333714,14112,10.0,10.0,0.0,3.27,4.56,2.17,0.0,30,95,129,660,1655,2016-04-24,1654.0,68.917,24.0,409.0,0.284,109.0,14112.0,588.0,3850.0,1655.35,1.15,1440.0,0.284,409.0,254.0,30.0,95.0,129.0,1186.0,16.359,127.0,14112.0,9.8,254.0,,,,,,,1.0,310.0,526.0,58.935,,,,,,Sunday,6,True,4,16,254,27.79,11.811,True,False,
3977333714,11177,8.48,8.48,0.0,5.62,0.43,2.41,0.0,50,9,133,781,1570,2016-04-25,1564.0,65.167,24.0,301.0,0.209,98.0,11168.0,465.333,4240.0,1568.145,1.089,1440.0,0.209,301.0,192.0,50.0,9.0,133.0,1248.0,15.497,135.0,11168.0,7.756,192.0,,,,,,,1.0,262.0,467.0,56.103,,,,,,Monday,0,False,4,17,192,19.733,26.042,True,False,
3977333714,11388,7.62,7.62,0.0,0.45,4.22,2.95,0.0,7,95,170,797,1551,2016-04-26,1552.0,64.667,24.0,381.0,0.265,108.0,11388.0,474.5,3382.0,1551.913,1.078,1440.0,0.265,381.0,272.0,7.0,95.0,170.0,1168.0,15.337,68.0,11388.0,7.908,272.0,,,,,,,1.0,250.0,371.0,67.385,,,,,,Tuesday,1,False,4,17,272,25.444,2.574,True,False,
3977333714,7193,5.04,5.04,0.0,0.0,0.42,4.62,0.0,0,10,176,714,1377,2016-04-27,1376.0,57.333,24.0,196.0,0.136,40.0,7193.0,299.708,2543.0,1377.292,0.956,1440.0,0.136,196.0,186.0,0.0,10.0,176.0,1254.0,13.611,113.0,7193.0,4.995,186.0,,,,,,,1.0,349.0,540.0,64.63,,,,,,Wednesday,2,False,4,17,186,20.667,0.0,False,False,
3977333714,7114,4.88,4.88,0.0,1.37,0.29,3.22,0.0,15,8,190,804,1407,2016-04-28,1404.0,58.5,24.0,251.0,0.174,70.0,7114.0,296.417,2522.0,1407.719,0.978,1440.0,0.174,251.0,213.0,15.0,8.0,190.0,1227.0,13.912,109.0,7114.0,4.94,213.0,,,,,,,1.0,261.0,423.0,61.702,,,,,,Thursday,3,False,4,17,213,20.944,7.042,False,False,
3977333714,10645,7.75,7.75,0.0,3.74,1.3,2.71,0.0,36,32,150,744,1545,2016-04-29,1543.0,64.292,24.0,322.0,0.224,114.0,10645.0,443.542,3673.0,1545.237,1.073,1440.0,0.224,322.0,218.0,36.0,32.0,150.0,1222.0,15.271,137.0,10645.0,7.392,218.0,,,,,,,1.0,333.0,478.0,69.665,,,,,,Friday,4,False,4,17,218,22.661,16.514,True,False,
3977333714,13238,9.2,9.2,0.0,3.69,2.1,3.41,0.0,43,52,194,687,1650,2016-04-30,1650.0,68.75,24.0,427.0,0.297,94.0,13238.0,551.583,2939.0,1650.221,1.146,1440.0,0.297,427.0,289.0,43.0,52.0,194.0,1151.0,16.308,113.0,13238.0,9.193,289.0,,,,,,,1.0,237.0,382.0,62.042,,,,,,Saturday,5,True,4,17,289,29.611,14.879,True,False,
3977333714,10414,7.07,7.07,0.0,2.67,1.98,2.41,0.0,41,40,124,691,1501,2016-05-01,1500.0,62.5,24.0,327.0,0.227,147.0,10414.0,433.917,5020.0,1501.529,1.043,1440.0,0.227,327.0,205.0,41.0,40.0,124.0,1235.0,14.839,129.0,10414.0,7.232,205.0,,,,,,,1.0,383.0,626.0,61.182,,,,,,Sunday,6,True,5,17,205,22.879,20.0,True,False,
3977333714,16520,11.05,11.05,0.0,1.54,6.48,3.02,0.0,24,143,176,713,1760,2016-05-02,1761.0,73.375,24.0,534.0,0.371,112.0,16520.0,688.333,3487.0,1760.896,1.223,1440.0,0.371,534.0,343.0,24.0,143.0,176.0,1097.0,17.402,104.0,16520.0,11.472,343.0,,,,,,,1.0,230.0,384.0,59.896,,,,,,Monday,0,False,5,18,343,32.481,6.997,True,False,
3977333714,14335,9.59,9.59,0.0,3.32,1.74,4.53,0.0,47,41,258,594,1710,2016-05-03,1707.0,71.125,24.0,481.0,0.334,114.0,14335.0,597.292,3950.0,1709.599,1.187,1440.0,0.334,481.0,346.0,47.0,41.0,258.0,1094.0,16.895,82.0,14335.0,9.955,346.0,,,,,,,1.0,292.0,500.0,58.4,,,,,,Tuesday,1,False,5,18,346,36.809,13.584,True,False,
3977333714,13559,9.44,9.44,0.0,1.81,4.58,2.89,0.0,14,96,142,852,1628,2016-05-04,1620.0,67.5,24.0,376.0,0.261,129.0,13373.0,557.208,5414.0,1619.794,1.125,1440.0,0.261,376.0,252.0,14.0,96.0,142.0,1188.0,16.008,135.0,13373.0,9.287,252.0,,,,,,,1.0,213.0,336.0,63.393,,,,,,Wednesday,2,False,5,18,252,22.826,5.556,True,False,
3977333714,12312,8.58,8.58,0.0,1.76,4.11,2.71,0.0,14,88,178,680,1618,2016-05-05,1617.0,67.375,24.0,396.0,0.275,113.0,12312.0,513.0,3792.0,1618.107,1.124,1440.0,0.275,396.0,280.0,14.0,88.0,178.0,1160.0,15.991,133.0,12312.0,8.55,280.0,,,,,,,1.0,318.0,480.0,66.25,,,,,,Thursday,3,False,5,18,280,29.167,5.0,True,False,
3977333714,11677,8.28,8.28,0.0,3.11,2.51,2.67,0.0,29,55,168,676,1590,2016-05-06,1587.0,66.125,24.0,365.0,0.253,124.0,11677.0,486.542,4873.0,1589.367,1.104,1440.0,0.253,365.0,252.0,29.0,55.0,168.0,1188.0,15.707,127.0,11677.0,8.109,252.0,,,,,,,1.0,323.0,512.0,63.086,,,,,,Friday,4,False,5,18,252,27.155,11.508,True,False,
3977333714,11550,7.73,7.73,0.0,0.0,4.13,3.59,0.0,0,86,208,703,1574,2016-05-07,1572.0,65.5,24.0,380.0,0.264,108.0,11550.0,481.25,3895.0,1574.821,1.094,1440.0,0.264,380.0,294.0,0.0,86.0,208.0,1146.0,15.563,84.0,11550.0,8.021,294.0,,,,,,,1.0,237.0,443.0,53.499,,,,,,Saturday,5,True,5,18,294,29.488,0.0,True,False,
3977333714,13585,9.09,9.09,0.0,0.68,5.24,3.17,0.0,9,116,171,688,1633,2016-05-08,1633.0,68.042,24.0,430.0,0.299,97.0,13585.0,566.042,3557.0,1633.848,1.135,1440.0,0.299,430.0,296.0,9.0,116.0,171.0,1144.0,16.147,86.0,13585.0,9.434,296.0,,,,,,,2.0,259.0,456.0,56.798,,,,,,Sunday,6,True,5,18,296,30.081,3.041,True,False,
3977333714,14687,10.08,10.08,0.0,0.77,5.6,3.55,0.0,8,122,151,1159,1667,2016-05-09,1658.0,69.083,24.0,419.0,0.291,108.0,14513.0,604.708,4752.0,1658.231,1.152,1440.0,0.291,419.0,281.0,8.0,122.0,151.0,1159.0,16.388,129.0,14513.0,10.078,281.0,,,,,,,,,,,,,,,,Monday,0,False,5,19,281,19.514,2.847,True,,
3977333714,13072,8.78,8.78,0.0,0.07,5.4,3.31,0.0,1,115,196,676,1630,2016-05-10,1627.0,67.792,24.0,429.0,0.298,115.0,13072.0,544.667,3981.0,1630.194,1.132,1440.0,0.298,429.0,312.0,1.0,115.0,196.0,1128.0,16.11,125.0,13072.0,9.078,312.0,,,,,,,1.0,312.0,452.0,69.027,,,,,,Tuesday,1,False,5,19,312,31.579,0.321,True,False,
3977333714,746,0.5,0.5,0.0,0.37,0.0,0.13,0.0,4,0,9,13,52,2016-05-11,,,,,,,,,,,,,,,,,,,,,,,,,,,,,,,,,,,,,,,,Wednesday,2,False,5,19,13,50.0,30.769,False,,
4020332650,8539,6.12,6.12,0.0,0.15,0.24,5.68,0.0,4,15,331,712,3654,2016-04-12,3648.0,152.0,24.0,373.0,0.259,42.0,8489.0,353.708,1077.0,3647.698,2.533,1440.0,0.259,373.0,350.0,4.0,15.0,331.0,1090.0,18.417,72.0,8489.0,5.895,342.0,83.499,49.0,133.0,87.0,15.89,33963.0,1.0,501.0,541.0,92.606,,,,,,Tuesday,1,False,4,15,350,32.957,1.143,False,True,
4020332650,0,0.0,0.0,0.0,0.0,0.0,0.0,0.0,0,0,0,1440,1981,2016-04-13,1992.0,83.0,24.0,0.0,0.0,0.0,0.0,0.0,0.0,1980.576,1.375,1440.0,0.0,0.0,0.0,0.0,0.0,0.0,1440.0,10.0,10.0,0.0,0.0,0.0,,,,,,,,,,,,,,,,Wednesday,2,False,4,15,0,0.0,0.0,False,,
4020332650,108,0.08,0.08,0.0,0.0,0.0,0.03,0.0,0,0,3,1437,2011,2016-04-14,2006.0,83.583,24.0,3.0,0.002,1.0,38.0,1.583,21.0,1996.393,1.386,1440.0,0.002,3.0,3.0,0.0,0.0,3.0,1437.0,10.08,39.0,38.0,0.026,2.0,90.701,65.0,133.0,93.0,14.542,1448.0,,,,,,,,,,Thursday,3,False,4,15,3,0.208,0.0,False,,
4020332650,1882,1.35,1.35,0.0,0.21,0.36,0.77,0.0,36,18,87,1299,2951,2016-04-15,2955.0,123.125,24.0,231.0,0.16,67.0,1873.0,78.042,455.0,2948.858,2.048,1440.0,0.16,231.0,141.0,36.0,18.0,87.0,1299.0,14.889,140.0,1873.0,1.301,47.0,92.926,51.0,191.0,89.0,24.096,10947.0,,,,,,,,,,Friday,4,False,4,15,141,9.792,25.532,False,,
4020332650,1982,1.42,1.42,0.0,0.45,0.37,0.59,0.0,65,21,55,1222,3051,2016-04-16,3059.0,127.458,24.0,292.0,0.203,118.0,1969.0,82.042,1838.0,3051.462,2.119,1440.0,0.203,292.0,141.0,65.0,21.0,55.0,1299.0,15.407,92.0,1969.0,1.367,42.0,100.903,62.0,143.0,98.0,20.477,8523.0,1.0,77.0,77.0,100.0,,,,,,Saturday,5,True,4,15,141,10.345,46.099,False,False,
4020332650,16,0.01,0.01,0.0,0.0,0.0,0.01,0.0,0,0,2,1438,1990,2016-04-17,1999.0,83.292,24.0,2.0,0.001,2.0,7.0,0.292,7.0,1988.416,1.381,1440.0,0.001,2.0,2.0,0.0,0.0,2.0,1438.0,10.04,45.0,7.0,0.005,1.0,98.826,66.0,116.0,110.0,17.325,69.0,,,,,,,,,,Sunday,6,True,4,15,2,0.139,0.0,False,,
4020332650,62,0.04,0.04,0.0,0.0,0.0,0.04,0.0,0,0,2,1438,1995,2016-04-18,2006.0,83.583,24.0,2.0,0.001,2.0,62.0,2.583,62.0,1995.018,1.385,1440.0,0.001,2.0,2.0,0.0,0.0,2.0,1438.0,10.073,62.0,62.0,0.043,2.0,,,,,,,,,,,,,,,,Monday,0,False,4,16,2,0.139,0.0,False,,
4020332650,0,0.0,0.0,0.0,0.0,0.0,0.0,0.0,0,0,0,1440,1980,2016-04-19,1992.0,83.0,24.0,0.0,0.0,0.0,0.0,0.0,0.0,1980.576,1.375,1440.0,0.0,0.0,0.0,0.0,0.0,0.0,1440.0,10.0,10.0,0.0,0.0,0.0,,,,,,,,,,,,,,,,Tuesday,1,False,4,16,0,0.0,0.0,False,,
4020332650,0,0.0,0.0,0.0,0.0,0.0,0.0,0.0,0,0,0,1440,1980,2016-04-20,1992.0,83.0,24.0,0.0,0.0,0.0,0.0,0.0,0.0,1980.576,1.375,1440.0,0.0,0.0,0.0,0.0,0.0,0.0,1440.0,10.0,10.0,0.0,0.0,0.0,,,,,,,,,,,,,,,,Wednesday,2,False,4,16,0,0.0,0.0,False,,
4020332650,0,0.0,0.0,0.0,0.0,0.0,0.0,0.0,0,0,0,1440,1980,2016-04-21,1992.0,83.0,24.0,0.0,0.0,0.0,0.0,0.0,0.0,1980.576,1.375,1440.0,0.0,0.0,0.0,0.0,0.0,0.0,1440.0,10.0,10.0,0.0,0.0,0.0,,,,,,,,,,,,,,,,Thursday,3,False,4,16,0,0.0,0.0,False,,
4020332650,0,0.0,0.0,0.0,0.0,0.0,0.0,0.0,0,0,0,1440,1980,2016-04-22,1992.0,83.0,24.0,0.0,0.0,0.0,0.0,0.0,0.0,1980.576,1.375,1440.0,0.0,0.0,0.0,0.0,0.0,0.0,1440.0,10.0,10.0,0.0,0.0,0.0,,,,,,,,,,,,,,,,Friday,4,False,4,16,0,0.0,0.0,False,,
4020332650,0,0.0,0.0,0.0,0.0,0.0,0.0,0.0,0,0,0,1440,1980,2016-04-23,1992.0,83.0,24.0,0.0,0.0,0.0,0.0,0.0,0.0,1980.576,1.375,1440.0,0.0,0.0,0.0,0.0,0.0,0.0,1440.0,10.0,10.0,0.0,0.0,0.0,,,,,,,,,,,,,,,,Saturday,5,True,4,16,0,0.0,0.0,False,,
4020332650,0,0.0,0.0,0.0,0.0,0.0,0.0,0.0,0,0,0,1440,1980,2016-04-24,1992.0,83.0,24.0,0.0,0.0,0.0,0.0,0.0,0.0,1980.576,1.375,1440.0,0.0,0.0,0.0,0.0,0.0,0.0,1440.0,10.0,10.0,0.0,0.0,0.0,,,,,,,,,,,,,,,,Sunday,6,True,4,16,0,0.0,0.0,False,,
4020332650,0,0.0,0.0,0.0,0.0,0.0,0.0,0.0,0,0,0,1440,1980,2016-04-25,1992.0,83.0,24.0,0.0,0.0,0.0,0.0,0.0,0.0,1980.576,1.375,1440.0,0.0,0.0,0.0,0.0,0.0,0.0,1440.0,10.0,10.0,0.0,0.0,0.0,,,,,,,,,,,,,,,,Monday,0,False,4,17,0,0.0,0.0,False,,
4020332650,0,0.0,0.0,0.0,0.0,0.0,0.0,0.0,0,0,0,1440,1980,2016-04-26,1992.0,83.0,24.0,0.0,0.0,0.0,0.0,0.0,0.0,1980.576,1.375,1440.0,0.0,0.0,0.0,0.0,0.0,0.0,1440.0,10.0,10.0,0.0,0.0,0.0,,,,,,,,,,,,,,,,Tuesday,1,False,4,17,0,0.0,0.0,False,,
4020332650,0,0.0,0.0,0.0,0.0,0.0,0.0,0.0,0,0,0,1440,1980,2016-04-27,1992.0,83.0,24.0,0.0,0.0,0.0,0.0,0.0,0.0,1980.576,1.375,1440.0,0.0,0.0,0.0,0.0,0.0,0.0,1440.0,10.0,10.0,0.0,0.0,0.0,,,,,,,,,,,,,,,,Wednesday,2,False,4,17,0,0.0,0.0,False,,
4020332650,0,0.0,0.0,0.0,0.0,0.0,0.0,0.0,0,0,0,1440,1980,2016-04-28,1992.0,83.0,24.0,0.0,0.0,0.0,0.0,0.0,0.0,1980.576,1.375,1440.0,0.0,0.0,0.0,0.0,0.0,0.0,1440.0,10.0,10.0,0.0,0.0,0.0,,,,,,,,,,,,,,,,Thursday,3,False,4,17,0,0.0,0.0,False,,
4020332650,0,0.0,0.0,0.0,0.0,0.0,0.0,0.0,0,0,0,1440,1980,2016-04-29,1992.0,83.0,24.0,0.0,0.0,0.0,0.0,0.0,0.0,1980.576,1.375,1440.0,0.0,0.0,0.0,0.0,0.0,0.0,1440.0,10.0,10.0,0.0,0.0,0.0,,,,,,,,,,,,,,,,Friday,4,False,4,17,0,0.0,0.0,False,,
4020332650,0,0.0,0.0,0.0,0.0,0.0,0.0,0.0,0,0,0,1440,1980,2016-04-30,1992.0,83.0,24.0,0.0,0.0,0.0,0.0,0.0,0.0,1980.576,1.375,1440.0,0.0,0.0,0.0,0.0,0.0,0.0,1440.0,10.0,10.0,0.0,0.0,0.0,,,,,,,,,,,,,,,,Saturday,5,True,4,17,0,0.0,0.0,False,,
4020332650,0,0.0,0.0,0.0,0.0,0.0,0.0,0.0,0,0,0,1440,1980,2016-05-01,1992.0,83.0,24.0,0.0,0.0,0.0,0.0,0.0,0.0,1980.576,1.375,1440.0,0.0,0.0,0.0,0.0,0.0,0.0,1440.0,10.0,10.0,0.0,0.0,0.0,,,,,,,,,,,,,,,,Sunday,6,True,5,17,0,0.0,0.0,False,,
4020332650,475,0.34,0.34,0.0,0.0,0.04,0.29,0.0,0,11,31,1350,2207,2016-05-02,2218.0,92.417,24.0,53.0,0.037,27.0,465.0,19.375,167.0,2207.792,1.533,1440.0,0.037,53.0,42.0,0.0,11.0,31.0,1398.0,11.147,58.0,465.0,0.323,33.0,90.301,66.0,123.0,90.0,11.632,5566.0,,,,,,,,,,Monday,0,False,5,18,42,3.017,0.0,False,,
4020332650,4496,3.22,3.22,0.0,0.0,0.0,3.15,0.05,0,0,174,950,2828,2016-05-03,2826.0,117.75,24.0,174.0,0.121,25.0,4465.0,186.042,883.0,2825.072,1.962,1440.0,0.121,174.0,174.0,0.0,0.0,174.0,1266.0,14.264,68.0,4465.0,3.101,171.0,77.877,52.0,127.0,77.0,11.725,35580.0,1.0,322.0,332.0,96.988,,,,,,Tuesday,1,False,5,18,174,15.48,0.0,False,False,
4020332650,10252,7.35,7.35,0.0,0.67,1.04,5.58,0.0,13,46,346,531,3879,2016-05-04,3872.0,161.333,24.0,477.0,0.331,68.0,10194.0,424.75,1552.0,3872.301,2.689,1440.0,0.331,477.0,405.0,13.0,46.0,346.0,1035.0,19.551,98.0,10194.0,7.079,365.0,83.456,49.0,147.0,86.0,16.474,37357.0,1.0,478.0,536.0,89.179,,,,,,Wednesday,2,False,5,18,405,43.269,3.21,True,True,
4020332650,11728,8.43,8.43,0.0,2.62,1.68,4.04,0.07,38,42,196,916,3429,2016-05-05,3430.0,142.917,24.0,394.0,0.274,93.0,11713.0,488.042,2737.0,3426.809,2.38,1440.0,0.274,394.0,276.0,38.0,42.0,196.0,1164.0,17.302,87.0,11713.0,8.134,275.0,85.575,49.0,126.0,86.0,14.171,21507.0,1.0,226.0,248.0,91.129,,,,,,Thursday,3,False,5,18,276,23.154,13.768,True,False,
4020332650,4369,3.13,3.13,0.0,0.0,0.0,3.1,0.01,0,0,177,855,2704,2016-05-06,2705.0,112.708,24.0,177.0,0.123,34.0,4357.0,181.542,1001.0,2701.973,1.876,1440.0,0.123,177.0,177.0,0.0,0.0,177.0,1263.0,13.642,54.0,4357.0,3.026,177.0,75.643,50.0,116.0,75.0,12.315,25859.0,1.0,385.0,408.0,94.363,,,,,,Friday,4,False,5,18,177,17.151,0.0,False,False,
4020332650,6132,4.4,4.4,0.0,0.0,0.0,3.58,0.0,0,0,184,1256,2975,2016-05-07,2846.0,118.583,24.0,184.0,0.128,29.0,5005.0,208.542,811.0,2843.089,1.974,1440.0,0.128,184.0,184.0,0.0,0.0,184.0,1256.0,14.355,64.0,5005.0,3.476,184.0,89.092,64.0,117.0,89.0,6.415,16695.0,,,,,,,,,,Saturday,5,True,5,18,184,12.778,0.0,False,,
4020332650,5862,4.2,4.2,0.0,0.0,0.0,4.15,0.0,0,0,263,775,3089,2016-05-08,3083.0,128.458,24.0,263.0,0.183,29.0,5812.0,242.167,608.0,3083.097,2.141,1440.0,0.183,263.0,263.0,0.0,0.0,263.0,1177.0,15.567,60.0,5812.0,4.036,262.0,78.041,51.0,131.0,79.0,13.871,33998.0,1.0,364.0,402.0,90.547,,,,,,Sunday,6,True,5,18,263,25.337,0.0,False,False,
4020332650,4556,3.27,3.27,0.0,0.2,0.12,2.94,0.0,3,5,173,1225,2785,2016-05-09,2791.0,116.292,24.0,192.0,0.133,42.0,4556.0,189.833,845.0,2784.91,1.934,1440.0,0.133,192.0,181.0,3.0,5.0,173.0,1259.0,14.061,68.0,4556.0,3.164,181.0,86.662,55.0,155.0,88.0,12.016,15180.0,,,,,,,,,,Monday,0,False,5,19,181,12.873,1.657,False,,
4020332650,5546,3.98,3.98,0.0,0.0,0.0,3.87,0.04,0,0,206,774,2926,2016-05-10,2916.0,121.5,24.0,206.0,0.143,32.0,5474.0,228.083,1131.0,2915.435,2.025,1440.0,0.143,206.0,206.0,0.0,0.0,206.0,1234.0,14.72,86.0,5474.0,3.801,194.0,72.62,46.0,142.0,73.0,15.651,29101.0,1.0,442.0,494.0,89.474,,,,,,Tuesday,1,False,5,19,206,21.02,0.0,False,True,
4020332650,3689,2.65,2.65,0.0,0.11,0.17,2.33,0.0,2,8,134,1296,2645,2016-05-11,2649.0,110.375,24.0,156.0,0.108,47.0,3663.0,152.625,959.0,2639.805,1.833,1440.0,0.108,156.0,144.0,2.0,8.0,134.0,1296.0,13.328,73.0,3663.0,2.544,137.0,91.233,64.0,133.0,91.0,8.838,8626.0,,,,,,,,,,Wednesday,2,False,5,19,144,10.0,1.389,False,,
4020332650,590,0.42,0.42,0.0,0.0,0.0,0.41,0.0,0,0,21,721,1120,2016-05-12,1036.0,86.333,12.0,11.0,0.015,11.0,257.0,21.417,257.0,1030.312,1.431,720.0,0.015,11.0,11.0,0.0,0.0,11.0,709.0,10.404,44.0,257.0,0.357,11.0,94.27,70.0,125.0,95.0,10.859,1042.0,,,,,,,,,,Thursday,3,False,5,19,21,2.83,0.0,False,,
4057192912,5394,4.03,4.03,0.0,0.0,0.0,3.94,0.0,0,0,164,1276,2286,2016-04-12,2273.0,94.708,24.0,164.0,0.114,22.0,5394.0,224.75,729.0,2274.018,1.579,1440.0,0.114,164.0,164.0,0.0,0.0,164.0,1276.0,12.801,74.0,5394.0,3.746,164.0,,,,,,,,,,,,,,,,Tuesday,1,False,4,15,164,11.389,0.0,False,,
4057192912,5974,4.47,4.47,0.0,0.0,0.0,4.37,0.0,0,0,160,1280,2306,2016-04-13,2289.0,95.375,24.0,160.0,0.111,26.0,5974.0,248.917,977.0,2290.302,1.59,1440.0,0.111,160.0,160.0,0.0,0.0,160.0,1280.0,12.893,76.0,5974.0,4.149,160.0,,,,,,,,,,,,,,,,Wednesday,2,False,4,15,160,11.111,0.0,False,,
4057192912,0,0.0,0.0,0.0,0.0,0.0,0.0,0.0,0,0,0,1440,1776,2016-04-14,1776.0,74.0,24.0,0.0,0.0,0.0,0.0,0.0,0.0,1776.384,1.234,1440.0,0.0,0.0,0.0,0.0,0.0,0.0,1440.0,10.0,10.0,0.0,0.0,0.0,,,,,,,,,,,,,,,,Thursday,3,False,4,15,0,0.0,0.0,False,,
4057192912,3984,2.95,2.95,0.0,0.21,0.26,2.44,0.0,3,6,88,873,1527,2016-04-15,1511.0,94.438,16.0,107.0,0.111,31.0,3937.0,246.062,1115.0,1509.926,1.573,960.0,0.111,107.0,95.0,3.0,6.0,86.0,865.0,12.75,78.0,3937.0,4.101,95.0,,,,,,,,,,,,,,,,Friday,4,False,4,15,97,10.0,3.093,False,,
4319703577,7753,5.2,5.2,0.0,0.0,0.0,0.0,0.0,0,0,0,1440,2115,2016-04-12,1464.0,61.0,24.0,0.0,0.0,0.0,0.0,0.0,0.0,1455.984,1.011,1440.0,0.0,0.0,0.0,0.0,0.0,0.0,1440.0,10.0,10.0,0.0,0.0,0.0,,,,,,,,,,,,,,,,Tuesday,1,False,4,15,0,0.0,0.0,False,,
4319703577,8204,5.5,5.5,0.0,0.53,0.59,1.31,0.0,8,15,96,1234,2135,2016-04-13,1756.0,73.167,24.0,150.0,0.104,65.0,3619.0,150.792,1808.0,1748.929,1.215,1440.0,0.104,150.0,119.0,8.0,15.0,96.0,1321.0,12.013,76.0,3619.0,2.513,119.0,,,,,,,,,,,,,,,,Wednesday,2,False,4,15,119,8.795,6.723,False,,
4319703577,10210,6.88,6.88,0.0,0.11,0.33,6.44,0.0,1,9,339,589,2302,2016-04-14,2299.0,95.792,24.0,360.0,0.25,52.0,10210.0,425.417,1611.0,2298.761,1.596,1440.0,0.25,360.0,349.0,1.0,9.0,339.0,1091.0,15.787,83.0,10210.0,7.09,349.0,,,,,,,1.0,535.0,557.0,96.05,,,,,,Thursday,3,False,4,15,349,37.207,0.287,True,True,
4319703577,5664,3.8,3.8,0.0,0.0,0.0,3.8,0.0,0,0,228,752,1985,2016-04-15,1982.0,82.583,24.0,228.0,0.158,42.0,5664.0,236.0,1954.0,1981.352,1.376,1440.0,0.158,228.0,228.0,0.0,0.0,228.0,1212.0,13.608,76.0,5664.0,3.933,228.0,,,,,,,1.0,465.0,491.0,94.705,,,,,,Friday,4,False,4,15,228,23.265,0.0,False,True,
4319703577,4744,3.18,3.18,0.0,0.0,0.0,3.18,0.0,0,0,194,724,1884,2016-04-16,1886.0,78.583,24.0,194.0,0.135,40.0,4744.0,197.667,1170.0,1881.168,1.306,1440.0,0.135,194.0,194.0,0.0,0.0,194.0,1246.0,12.922,64.0,4744.0,3.294,194.0,,,,,,,1.0,506.0,522.0,96.935,,,,,,Saturday,5,True,4,15,194,21.133,0.0,False,True,
4319703577,29,0.02,0.02,0.0,0.0,0.0,0.02,0.0,0,0,3,1363,1464,2016-04-17,1469.0,61.208,24.0,3.0,0.002,2.0,29.0,1.208,16.0,1461.761,1.015,1440.0,0.002,3.0,3.0,0.0,0.0,3.0,1437.0,10.042,28.0,29.0,0.02,3.0,,,,,,,,,,,72.4,159.615,25.0,27.45,1.0,Sunday,6,True,4,15,3,0.22,0.0,False,,Overweight
4319703577,2276,1.55,1.55,0.0,0.07,0.33,1.12,0.0,1,9,58,824,1632,2016-04-18,1637.0,68.208,24.0,79.0,0.055,55.0,2229.0,92.875,1756.0,1632.806,1.134,1440.0,0.055,79.0,68.0,1.0,9.0,58.0,1372.0,11.217,83.0,2229.0,1.548,68.0,,,,,,,1.0,515.0,551.0,93.466,,,,,,Monday,0,False,4,16,68,7.623,1.471,False,True,
4319703577,8925,5.99,5.99,0.0,0.0,0.0,5.99,0.0,0,0,311,604,2200,2016-04-19,2203.0,91.792,24.0,311.0,0.216,45.0,8925.0,371.875,1872.0,2200.224,1.528,1440.0,0.216,311.0,311.0,0.0,0.0,311.0,1129.0,15.115,76.0,8925.0,6.198,311.0,,,,,,,2.0,461.0,498.0,92.57,,,,,,Tuesday,1,False,4,16,311,33.989,0.0,False,True,
4319703577,8954,6.01,6.01,0.0,0.0,0.68,5.31,0.0,0,18,306,671,2220,2016-04-20,2215.0,92.292,24.0,342.0,0.238,55.0,8915.0,371.458,1717.0,2214.275,1.538,1440.0,0.238,342.0,324.0,0.0,18.0,306.0,1116.0,15.211,76.0,8915.0,6.191,324.0,,,,,,,1.0,523.0,543.0,96.317,,,,,,Wednesday,2,False,4,16,324,32.563,0.0,False,True,
4319703577,3702,2.48,2.48,0.0,0.0,0.0,0.35,0.0,0,0,34,1265,1792,2016-04-21,1530.0,63.75,24.0,34.0,0.024,9.0,517.0,21.542,157.0,1525.65,1.059,1440.0,0.024,34.0,34.0,0.0,0.0,34.0,1406.0,10.481,36.0,517.0,0.359,34.0,,,,,,,1.0,59.0,65.0,90.769,,,,,,Thursday,3,False,4,16,34,2.617,0.0,False,False,
4319703577,4500,3.02,3.02,0.0,0.06,0.81,2.15,0.0,1,19,176,709,1886,2016-04-22,1886.0,78.583,24.0,217.0,0.151,49.0,4500.0,187.5,1479.0,1886.946,1.31,1440.0,0.151,217.0,196.0,1.0,19.0,176.0,1244.0,12.962,62.0,4500.0,3.125,196.0,,,,,,,1.0,533.0,550.0,96.909,,,,,,Friday,4,False,4,16,196,21.657,0.51,False,True,
4319703577,4935,3.31,3.31,0.0,0.0,0.0,3.31,0.0,0,0,233,546,1945,2016-04-23,1946.0,81.083,24.0,233.0,0.162,38.0,4935.0,205.625,1067.0,1945.477,1.351,1440.0,0.162,233.0,233.0,0.0,0.0,233.0,1207.0,13.365,64.0,4935.0,3.427,233.0,,,,,,,1.0,692.0,722.0,95.845,,,,,,Saturday,5,True,4,16,233,29.91,0.0,False,True,
4319703577,4081,2.74,2.74,0.0,0.06,0.2,2.47,0.0,1,5,191,692,1880,2016-04-24,1883.0,78.458,24.0,204.0,0.142,30.0,4081.0,170.042,748.0,1880.982,1.306,1440.0,0.142,204.0,197.0,1.0,5.0,191.0,1243.0,12.922,64.0,4081.0,2.834,197.0,,,,,,,1.0,467.0,501.0,93.214,,,,,,Sunday,6,True,4,16,197,22.16,0.508,False,True,
4319703577,9259,6.21,6.21,0.0,0.0,0.28,5.93,0.0,0,8,390,544,2314,2016-04-25,2314.0,96.417,24.0,406.0,0.282,47.0,9259.0,385.792,1839.0,2314.253,1.607,1440.0,0.282,406.0,398.0,0.0,8.0,390.0,1042.0,15.898,78.0,9259.0,6.43,398.0,,,,,,,1.0,488.0,506.0,96.443,,,,,,Monday,0,False,4,17,398,42.251,0.0,False,True,
4319703577,9899,6.64,6.64,0.0,0.57,0.92,5.15,0.0,8,21,288,649,2236,2016-04-26,2237.0,93.208,24.0,354.0,0.246,70.0,9899.0,412.458,2273.0,2236.313,1.553,1440.0,0.246,354.0,317.0,8.0,21.0,288.0,1123.0,15.362,78.0,9899.0,6.874,317.0,,,,,,,1.0,505.0,516.0,97.868,,,,,,Tuesday,1,False,4,17,317,32.816,2.524,False,True,
4319703577,10780,7.23,7.23,0.0,0.41,1.92,4.91,0.0,6,47,300,680,2324,2016-04-27,2327.0,96.958,24.0,412.0,0.286,87.0,10780.0,449.167,2445.0,2324.463,1.614,1440.0,0.286,412.0,353.0,6.0,47.0,300.0,1087.0,15.968,78.0,10780.0,7.486,353.0,,,,,,,1.0,286.0,307.0,93.16,,,,,,Wednesday,2,False,4,17,353,34.172,1.7,True,False,
4319703577,10817,7.28,7.28,0.0,1.01,0.33,5.94,0.0,13,8,359,552,2367,2016-04-28,2371.0,98.792,24.0,414.0,0.288,44.0,10810.0,450.417,1360.0,2367.528,1.644,1440.0,0.288,414.0,380.0,13.0,8.0,359.0,1060.0,16.264,88.0,10810.0,7.507,380.0,,,,,,,1.0,497.0,522.0,95.211,,,,,,Thursday,3,False,4,17,380,40.773,3.421,True,True,
4319703577,7990,5.36,5.36,0.0,0.45,0.79,4.12,0.0,6,18,289,624,2175,2016-04-29,2177.0,90.708,24.0,343.0,0.238,45.0,7990.0,332.917,1604.0,2175.962,1.511,1440.0,0.238,343.0,313.0,6.0,18.0,289.0,1127.0,14.948,78.0,7990.0,5.549,313.0,,,,,,,1.0,523.0,546.0,95.788,,,,,,Friday,4,False,4,17,313,33.404,1.917,False,True,
4319703577,8221,5.52,5.52,0.0,0.4,1.61,3.51,0.0,6,38,196,695,2092,2016-04-30,2094.0,87.25,24.0,290.0,0.201,48.0,8221.0,342.542,1661.0,2092.361,1.453,1440.0,0.201,290.0,240.0,6.0,38.0,196.0,1200.0,14.374,76.0,8221.0,5.709,240.0,,,,,,,1.0,490.0,516.0,94.961,,,,,,Saturday,5,True,4,17,240,25.668,2.5,False,True,
4319703577,1251,0.84,0.84,0.0,0.0,0.0,0.84,0.0,0,0,67,836,1593,2016-05-01,1598.0,66.583,24.0,67.0,0.047,25.0,1251.0,52.125,628.0,1593.886,1.107,1440.0,0.047,67.0,67.0,0.0,0.0,67.0,1373.0,10.949,44.0,1251.0,0.869,67.0,,,,,,,1.0,484.0,500.0,96.8,,,,,,Sunday,6,True,5,17,67,7.42,0.0,False,True,
4319703577,9261,6.24,6.24,0.0,0.0,0.44,5.71,0.0,0,11,344,585,2270,2016-05-02,2267.0,94.458,24.0,366.0,0.254,55.0,9121.0,380.042,1722.0,2264.618,1.573,1440.0,0.254,366.0,355.0,0.0,11.0,344.0,1085.0,15.557,83.0,9121.0,6.334,355.0,,,,,,,1.0,478.0,506.0,94.466,,,,,,Monday,0,False,5,18,355,37.766,0.0,False,True,
4319703577,9648,6.47,6.47,0.0,0.58,1.07,4.83,0.0,8,26,287,669,2235,2016-05-03,2237.0,93.208,24.0,363.0,0.252,60.0,9648.0,402.0,1984.0,2235.605,1.553,1440.0,0.252,363.0,321.0,8.0,26.0,287.0,1119.0,15.358,78.0,9648.0,6.7,321.0,,,,,,,1.0,474.0,512.0,92.578,,,,,,Tuesday,1,False,5,18,321,32.424,2.492,False,True,
4319703577,10429,7.02,7.02,0.0,0.59,0.58,5.85,0.0,8,13,313,1106,2282,2016-05-04,2286.0,95.25,24.0,363.0,0.252,52.0,10429.0,434.542,1778.0,2282.814,1.585,1440.0,0.252,363.0,334.0,8.0,13.0,313.0,1106.0,15.682,83.0,10429.0,7.242,334.0,,,,,,,,,,,72.3,159.394,,27.38,1.0,Wednesday,2,False,5,18,334,23.194,2.395,True,,Overweight
4319703577,13658,9.49,9.49,0.0,2.63,1.41,5.45,0.0,27,34,328,957,2530,2016-05-05,2533.0,105.542,24.0,477.0,0.331,82.0,13658.0,569.083,3547.0,2530.081,1.757,1440.0,0.331,477.0,389.0,27.0,34.0,328.0,1051.0,17.381,127.0,13658.0,9.485,389.0,,,,,,,,,,,,,,,,Thursday,3,False,5,18,389,28.9,6.941,True,,
4319703577,9524,6.42,6.42,0.0,0.41,0.47,5.46,0.0,6,11,314,692,2266,2016-05-06,2264.0,94.333,24.0,354.0,0.246,58.0,9426.0,392.75,2033.0,2264.315,1.572,1440.0,0.246,354.0,331.0,6.0,11.0,314.0,1109.0,15.555,83.0,9426.0,6.546,331.0,,,,,,,1.0,450.0,491.0,91.65,,,,,,Friday,4,False,5,18,331,32.356,1.813,False,True,
4319703577,7937,5.33,5.33,0.0,0.19,1.05,4.08,0.0,3,28,279,586,2158,2016-05-07,2160.0,90.0,24.0,344.0,0.239,51.0,7937.0,330.708,1390.0,2158.436,1.499,1440.0,0.239,344.0,310.0,3.0,28.0,279.0,1130.0,14.845,66.0,7937.0,5.512,310.0,,,,,,,1.0,507.0,530.0,95.66,,,,,,Saturday,5,True,5,18,310,34.598,0.968,False,True,
4319703577,3672,2.46,2.46,0.0,0.0,0.0,2.46,0.0,0,0,153,603,1792,2016-05-08,1795.0,74.792,24.0,153.0,0.106,29.0,3672.0,153.0,952.0,1791.511,1.244,1440.0,0.106,153.0,153.0,0.0,0.0,153.0,1287.0,12.322,56.0,3672.0,2.55,153.0,,,,,,,1.0,602.0,638.0,94.357,,,,,,Sunday,6,True,5,18,153,20.238,0.0,False,True,
4319703577,10378,6.96,6.96,0.0,0.14,0.56,6.25,0.0,2,14,374,490,2345,2016-05-09,2347.0,97.792,24.0,408.0,0.283,59.0,10362.0,431.75,1993.0,2345.432,1.629,1440.0,0.283,408.0,390.0,2.0,14.0,374.0,1050.0,16.131,74.0,10362.0,7.196,390.0,,,,,,,1.0,535.0,565.0,94.69,,,,,,Monday,0,False,5,19,390,44.318,0.513,True,True,
4319703577,9487,6.37,6.37,0.0,0.21,0.46,5.7,0.0,3,12,329,555,2260,2016-05-10,2261.0,94.208,24.0,362.0,0.251,51.0,9487.0,395.292,1669.0,2260.718,1.57,1440.0,0.251,362.0,344.0,3.0,12.0,329.0,1096.0,15.549,78.0,9487.0,6.588,344.0,,,,,,,1.0,487.0,517.0,94.197,,,,,,Tuesday,1,False,5,19,344,38.265,0.872,False,True,
4319703577,9129,6.13,6.13,0.0,0.2,0.74,5.18,0.0,3,18,311,574,2232,2016-05-11,2233.0,93.042,24.0,356.0,0.247,51.0,9129.0,380.375,1735.0,2232.043,1.55,1440.0,0.247,356.0,332.0,3.0,18.0,311.0,1108.0,15.351,72.0,9129.0,6.34,332.0,,,,,,,1.0,529.0,558.0,94.803,,,,,,Wednesday,2,False,5,19,332,36.645,0.904,False,True,
4319703577,17,0.01,0.01,0.0,0.0,0.0,0.01,0.0,0,0,2,0,257,2016-05-12,247.0,61.75,4.0,2.0,0.008,1.0,17.0,4.25,10.0,246.872,1.029,240.0,0.008,2.0,2.0,0.0,0.0,2.0,238.0,10.188,26.0,17.0,0.071,2.0,,,,,,,1.0,302.0,321.0,94.081,,,,,,Thursday,3,False,5,19,2,100.0,0.0,False,False,
4388161847,10122,7.78,7.78,0.0,0.0,0.0,0.0,0.0,0,0,0,1440,2955,2016-04-12,1872.0,78.0,24.0,0.0,0.0,0.0,0.0,0.0,0.0,1878.192,1.304,1440.0,0.0,0.0,0.0,0.0,0.0,0.0,1440.0,10.0,10.0,0.0,0.0,0.0,,,,,,,,,,,,,,,,Tuesday,1,False,4,15,0,0.0,0.0,True,,
4388161847,10993,8.45,8.45,0.0,0.06,0.63,3.88,0.0,1,14,150,1275,3092,2016-04-13,2507.0,104.458,24.0,181.0,0.126,55.0,5938.0,247.417,2118.0,2510.256,1.743,1440.0,0.126,181.0,165.0,1.0,14.0,150.0,1275.0,13.365,70.0,5938.0,4.124,165.0,67.043,45.0,130.0,64.0,14.162,8208.0,,,,,,,,,,Wednesday,2,False,4,15,165,11.458,0.606,True,,
4388161847,8863,6.82,6.82,0.0,0.13,1.07,5.62,0.0,10,35,219,945,2998,2016-04-14,2996.0,124.833,24.0,319.0,0.222,91.0,8863.0,369.292,2321.0,2998.064,2.082,1440.0,0.222,319.0,264.0,10.0,35.0,219.0,1176.0,15.962,86.0,8863.0,6.155,256.0,68.439,48.0,132.0,64.0,14.184,7392.0,,,,,,,,,,Thursday,3,False,4,15,264,21.836,3.788,False,,
4388161847,8758,6.73,6.73,0.0,0.0,0.0,6.73,0.0,0,0,299,837,3066,2016-04-15,3065.0,127.708,24.0,299.0,0.208,37.0,8758.0,364.917,1664.0,3066.801,2.13,1440.0,0.208,299.0,299.0,0.0,0.0,299.0,1141.0,16.328,76.0,8758.0,6.082,294.0,67.471,44.0,127.0,64.0,13.634,9205.0,1.0,499.0,526.0,94.867,,,,,,Friday,4,False,4,15,299,26.32,0.0,False,True,
4388161847,6580,5.06,5.06,0.0,0.21,0.4,4.45,0.0,6,9,253,609,3073,2016-04-16,3075.0,128.125,24.0,289.0,0.201,52.0,6580.0,274.167,1309.0,3073.453,2.134,1440.0,0.201,289.0,268.0,6.0,9.0,253.0,1172.0,16.364,92.0,6580.0,4.569,264.0,75.477,56.0,142.0,74.0,10.288,8970.0,2.0,426.0,448.0,95.089,,,,,,Saturday,5,True,4,15,268,30.559,2.239,False,True,
4388161847,4660,3.58,3.58,0.0,0.0,0.0,3.58,0.0,0,0,201,721,2572,2016-04-17,2573.0,107.208,24.0,201.0,0.14,28.0,4660.0,194.167,735.0,2572.601,1.787,1440.0,0.14,201.0,201.0,0.0,0.0,201.0,1239.0,13.697,58.0,4660.0,3.236,201.0,66.391,49.0,113.0,65.0,8.697,8550.0,2.0,619.0,641.0,96.568,,,,,,Sunday,6,True,4,15,201,21.8,0.0,False,True,
4388161847,11009,9.1,9.1,0.0,3.56,0.4,5.14,0.0,27,8,239,1017,3274,2016-04-18,3273.0,136.375,24.0,336.0,0.233,68.0,11009.0,458.708,3253.0,3274.054,2.274,1440.0,0.233,336.0,274.0,27.0,8.0,239.0,1166.0,17.432,137.0,11009.0,7.645,263.0,81.491,50.0,176.0,72.0,26.519,8051.0,1.0,99.0,104.0,95.192,,,,,,Monday,0,False,4,16,274,21.224,9.854,True,False,
4388161847,10181,7.83,7.83,0.0,1.37,0.69,5.77,0.0,20,16,249,704,3015,2016-04-19,3016.0,125.667,24.0,341.0,0.237,68.0,10181.0,424.208,2438.0,3015.02,2.094,1440.0,0.237,341.0,285.0,20.0,16.0,249.0,1155.0,16.053,86.0,10181.0,7.07,284.0,65.532,46.0,136.0,62.0,13.578,9274.0,1.0,329.0,338.0,97.337,,,,,,Tuesday,1,False,4,16,285,28.817,7.018,True,False,
4388161847,10553,8.12,8.12,0.0,1.1,1.72,5.29,0.0,19,42,228,696,3083,2016-04-20,3085.0,128.542,24.0,369.0,0.256,68.0,10553.0,439.708,2114.0,3083.104,2.141,1440.0,0.256,369.0,289.0,19.0,42.0,228.0,1151.0,16.415,102.0,10553.0,7.328,286.0,65.401,46.0,149.0,62.0,12.68,9216.0,1.0,421.0,451.0,93.348,,,,,,Wednesday,2,False,4,16,289,29.34,6.574,True,True,
4388161847,10055,7.73,7.73,0.0,0.37,0.39,6.98,0.0,7,12,272,853,3069,2016-04-21,3070.0,127.917,24.0,317.0,0.22,67.0,10055.0,418.958,1616.0,3069.54,2.132,1440.0,0.22,317.0,291.0,7.0,12.0,272.0,1149.0,16.343,113.0,10055.0,6.983,289.0,63.099,42.0,146.0,59.0,13.235,7907.0,1.0,442.0,458.0,96.507,,,,,,Thursday,3,False,4,16,291,25.437,2.405,True,True,
4388161847,12139,9.34,9.34,0.0,3.3,1.11,4.92,0.0,77,25,220,945,3544,2016-04-22,3542.0,147.583,24.0,501.0,0.348,121.0,12139.0,505.792,2985.0,3543.914,2.461,1440.0,0.348,501.0,322.0,77.0,25.0,220.0,1118.0,18.869,104.0,12139.0,8.43,300.0,73.277,49.0,149.0,70.0,15.38,7298.0,1.0,82.0,85.0,96.471,,,,,,Friday,4,False,4,16,322,25.414,23.913,True,False,
4388161847,13236,10.18,10.18,0.0,4.5,0.32,5.35,0.0,58,5,215,749,3306,2016-04-23,3311.0,137.958,24.0,399.0,0.277,154.0,13236.0,551.5,5237.0,3306.922,2.296,1440.0,0.277,399.0,278.0,58.0,5.0,215.0,1162.0,17.607,120.0,13236.0,9.192,278.0,67.081,44.0,158.0,63.0,18.094,9326.0,1.0,478.0,501.0,95.409,,,,,,Saturday,5,True,4,16,278,27.069,20.863,True,True,
4388161847,10243,7.88,7.88,0.0,1.08,0.51,6.3,0.0,14,8,239,584,2885,2016-04-24,2882.0,120.083,24.0,297.0,0.206,56.0,10243.0,426.792,2235.0,2885.112,2.004,1440.0,0.206,297.0,261.0,14.0,8.0,239.0,1179.0,15.361,92.0,10243.0,7.113,261.0,62.102,44.0,139.0,60.0,10.16,8663.0,3.0,552.0,595.0,92.773,,,,,,Sunday,6,True,4,16,261,30.888,5.364,True,True,
4388161847,12961,9.97,9.97,0.0,0.73,1.4,7.84,0.0,11,31,301,1054,3288,2016-04-25,3287.0,136.958,24.0,396.0,0.275,79.0,12961.0,540.042,2349.0,3288.923,2.284,1440.0,0.275,396.0,343.0,11.0,31.0,301.0,1097.0,17.511,92.0,12961.0,9.001,341.0,67.512,45.0,150.0,64.0,13.657,7759.0,,,,,,,,,,Monday,0,False,4,17,343,24.553,3.207,True,,
4388161847,9461,7.28,7.28,0.0,0.94,1.06,5.27,0.0,14,23,224,673,2929,2016-04-26,2930.0,122.083,24.0,312.0,0.217,82.0,9461.0,394.208,2662.0,2929.197,2.034,1440.0,0.217,312.0,261.0,14.0,23.0,224.0,1179.0,15.596,86.0,9461.0,6.57,261.0,62.514,42.0,128.0,60.0,10.682,9229.0,1.0,319.0,346.0,92.197,,,,,,Tuesday,1,False,4,17,261,27.944,5.364,False,False,
4388161847,11193,8.61,8.61,0.0,0.7,2.51,5.39,0.0,11,48,241,684,3074,2016-04-27,3073.0,128.042,24.0,370.0,0.257,121.0,11193.0,466.375,4037.0,3074.626,2.135,1440.0,0.257,370.0,300.0,11.0,48.0,241.0,1140.0,16.37,90.0,11193.0,7.773,299.0,62.121,42.0,153.0,60.0,11.947,9351.0,1.0,439.0,500.0,87.8,,,,,,Wednesday,2,False,4,17,300,30.488,3.667,True,True,
4388161847,10074,7.75,7.75,0.0,1.29,0.43,6.03,0.0,19,9,234,878,2969,2016-04-28,2968.0,123.667,24.0,309.0,0.215,67.0,10074.0,419.75,2267.0,2969.108,2.062,1440.0,0.215,309.0,262.0,19.0,9.0,234.0,1178.0,15.808,80.0,10074.0,6.996,261.0,62.326,41.0,131.0,60.0,12.976,7786.0,1.0,428.0,458.0,93.45,,,,,,Thursday,3,False,4,17,262,22.982,7.252,True,True,
4388161847,9232,7.1,7.1,0.0,0.8,0.89,5.42,0.0,13,16,236,1175,2979,2016-04-29,2978.0,124.083,24.0,307.0,0.213,68.0,9232.0,384.667,2168.0,2979.152,2.069,1440.0,0.213,307.0,265.0,13.0,16.0,236.0,1175.0,15.862,88.0,9232.0,6.411,265.0,66.106,44.0,133.0,65.0,10.371,7489.0,,,,,,,,,,Friday,4,False,4,17,265,18.403,4.906,False,,
4388161847,12533,9.64,9.64,0.0,0.7,2.0,6.94,0.0,14,43,300,537,3283,2016-04-30,3284.0,136.833,24.0,428.0,0.297,101.0,12533.0,522.208,2916.0,3283.184,2.28,1440.0,0.297,428.0,357.0,14.0,43.0,300.0,1083.0,17.481,74.0,12533.0,8.703,355.0,64.228,45.0,113.0,60.0,12.629,9302.0,2.0,409.0,430.0,95.116,,,,,,Saturday,5,True,4,17,357,39.933,3.922,True,False,
4388161847,10255,7.89,7.89,0.0,1.01,0.68,6.2,0.0,12,15,241,579,2926,2016-05-01,2926.0,121.917,24.0,307.0,0.213,67.0,10255.0,427.292,2564.0,2926.849,2.033,1440.0,0.213,307.0,268.0,12.0,15.0,241.0,1172.0,15.583,70.0,10255.0,7.122,268.0,60.022,39.0,105.0,58.0,11.645,8837.0,1.0,547.0,597.0,91.625,,,,,,Sunday,6,True,5,17,268,31.641,4.478,True,True,
4388161847,10096,8.4,8.4,0.0,3.77,0.08,4.55,0.0,33,4,204,935,3147,2016-05-02,3146.0,131.083,24.0,311.0,0.216,113.0,10096.0,420.667,4273.0,3147.276,2.186,1440.0,0.216,311.0,241.0,33.0,4.0,204.0,1199.0,16.757,141.0,10096.0,7.011,235.0,66.395,43.0,180.0,61.0,19.411,8216.0,2.0,368.0,376.0,97.872,,,,,,Monday,0,False,5,18,241,20.493,13.693,True,False,
4388161847,12727,9.79,9.79,0.0,1.13,0.78,7.88,0.0,18,18,306,984,3290,2016-05-03,3289.0,137.042,24.0,396.0,0.275,66.0,12727.0,530.292,2252.0,3290.097,2.285,1440.0,0.275,396.0,342.0,18.0,18.0,306.0,1098.0,17.517,92.0,12727.0,8.838,340.0,66.622,44.0,135.0,62.0,13.665,7740.0,,,,,,,,,,Tuesday,1,False,5,18,342,25.792,5.263,True,,
4388161847,12375,9.52,9.52,0.0,2.79,0.93,5.8,0.0,35,21,251,632,3162,2016-05-04,3162.0,131.75,24.0,398.0,0.276,113.0,12375.0,515.625,3803.0,3162.145,2.196,1440.0,0.276,398.0,307.0,35.0,21.0,251.0,1133.0,16.836,90.0,12375.0,8.594,307.0,61.948,42.0,126.0,59.0,12.827,9172.0,1.0,390.0,414.0,94.203,,,,,,Wednesday,2,False,5,18,307,32.694,11.401,True,False,
4388161847,9603,7.38,7.38,0.0,0.63,1.67,5.09,0.0,12,39,199,896,2899,2016-05-05,2899.0,120.792,24.0,313.0,0.217,60.0,9603.0,400.125,2160.0,2899.589,2.014,1440.0,0.217,313.0,250.0,12.0,39.0,199.0,1190.0,15.438,80.0,9603.0,6.669,249.0,61.041,42.0,123.0,57.0,12.644,7797.0,1.0,471.0,495.0,95.152,,,,,,Thursday,3,False,5,18,250,21.815,4.8,False,True,
4388161847,13175,10.13,10.13,0.0,2.11,2.09,5.93,0.0,33,45,262,1100,3425,2016-05-06,3423.0,142.625,24.0,451.0,0.313,101.0,13175.0,548.958,2844.0,3425.092,2.379,1440.0,0.313,451.0,340.0,33.0,45.0,262.0,1100.0,18.236,112.0,13175.0,9.149,335.0,69.077,47.0,151.0,66.0,14.379,8188.0,,,,,,,,,,Friday,4,False,5,18,340,23.611,9.706,True,,
4388161847,22770,17.54,17.54,0.0,9.45,2.77,5.33,0.0,120,56,260,508,4022,2016-05-07,4022.0,167.583,24.0,732.0,0.508,129.0,22770.0,948.75,4167.0,4022.461,2.793,1440.0,0.508,732.0,436.0,120.0,56.0,260.0,1004.0,21.417,102.0,22770.0,15.812,434.0,66.627,41.0,153.0,62.0,16.609,9609.0,1.0,472.0,496.0,95.161,,,,,,Saturday,5,True,5,18,436,46.186,27.523,True,True,
4388161847,17298,14.38,14.38,0.0,9.89,1.26,3.23,0.0,107,38,178,576,3934,2016-05-08,3935.0,163.958,24.0,575.0,0.399,115.0,17298.0,720.75,4770.0,3934.812,2.733,1440.0,0.399,575.0,323.0,107.0,38.0,178.0,1117.0,20.95,137.0,17298.0,12.012,315.0,76.78,43.0,171.0,67.0,32.726,9241.0,2.0,529.0,541.0,97.782,,,,,,Sunday,6,True,5,18,323,35.929,33.127,True,True,
4388161847,10218,7.86,7.86,0.0,0.34,0.73,6.79,0.0,6,19,258,1020,3013,2016-05-09,3012.0,125.5,24.0,314.0,0.218,57.0,10218.0,425.75,2188.0,3013.455,2.093,1440.0,0.218,314.0,283.0,6.0,19.0,258.0,1157.0,16.044,98.0,10218.0,7.096,282.0,64.052,44.0,140.0,60.0,11.988,7425.0,1.0,62.0,65.0,95.385,,,,,,Monday,0,False,5,19,283,21.719,2.12,True,False,
4388161847,10299,7.92,7.92,0.0,0.81,0.65,6.46,0.0,13,14,267,648,3061,2016-05-10,3059.0,127.458,24.0,334.0,0.232,70.0,10299.0,429.125,1887.0,3061.062,2.126,1440.0,0.232,334.0,294.0,13.0,14.0,267.0,1146.0,16.298,82.0,10299.0,7.152,292.0,61.221,41.0,121.0,59.0,12.241,9285.0,1.0,354.0,375.0,94.4,,,,,,Tuesday,1,False,5,19,294,31.21,4.422,True,False,
4388161847,10201,7.84,7.84,0.0,0.53,0.79,6.53,0.0,8,18,256,858,2954,2016-05-11,2954.0,123.083,24.0,316.0,0.219,65.0,10201.0,425.042,1938.0,2954.37,2.052,1440.0,0.219,316.0,282.0,8.0,18.0,256.0,1158.0,15.73,74.0,10201.0,7.084,282.0,59.972,40.0,125.0,57.0,11.786,8026.0,1.0,469.0,494.0,94.939,,,,,,Wednesday,2,False,5,19,282,24.737,2.837,True,True,
4388161847,3369,2.59,2.59,0.0,0.0,0.0,2.59,0.0,0,0,108,825,1623,2016-05-12,1553.0,103.533,15.0,101.0,0.112,22.0,3079.0,205.267,799.0,1553.813,1.726,900.0,0.112,101.0,101.0,0.0,0.0,101.0,799.0,13.237,68.0,3079.0,3.421,96.0,60.247,44.0,136.0,57.0,10.559,3236.0,,,,,,,,,,Thursday,3,False,5,19,108,11.576,0.0,False,,
4445114986,3276,2.2,2.2,0.0,0.0,0.0,2.2,0.0,0,0,196,787,2113,2016-04-12,2115.0,88.125,24.0,196.0,0.136,28.0,3276.0,136.5,436.0,2113.976,1.468,1440.0,0.136,196.0,196.0,0.0,0.0,196.0,1244.0,12.772,58.0,3276.0,2.275,196.0,,,,,,,2.0,429.0,457.0,93.873,,,,,,Tuesday,1,False,4,15,196,19.939,0.0,False,True,
4445114986,2961,1.99,1.99,0.0,0.0,0.0,1.99,0.0,0,0,194,840,2095,2016-04-13,2096.0,87.333,24.0,194.0,0.135,28.0,2961.0,123.375,440.0,2095.356,1.455,1440.0,0.135,194.0,194.0,0.0,0.0,194.0,1246.0,12.66,42.0,2961.0,2.056,194.0,,,,,,,2.0,370.0,406.0,91.133,,,,,,Wednesday,2,False,4,15,194,18.762,0.0,False,False,
4445114986,3974,2.67,2.67,0.0,0.0,0.0,2.67,0.0,0,0,231,717,2194,2016-04-14,2191.0,91.292,24.0,231.0,0.16,27.0,3974.0,165.583,503.0,2194.32,1.524,1440.0,0.16,231.0,231.0,0.0,0.0,231.0,1209.0,13.258,50.0,3974.0,2.76,231.0,,,,,,,1.0,441.0,492.0,89.634,,,,,,Thursday,3,False,4,15,231,24.367,0.0,False,True,
4445114986,7198,4.83,4.83,0.0,0.0,0.0,4.83,0.0,0,0,350,711,2496,2016-04-15,2494.0,103.917,24.0,350.0,0.243,38.0,7198.0,299.917,788.0,2496.382,1.734,1440.0,0.243,350.0,350.0,0.0,0.0,350.0,1090.0,15.083,66.0,7198.0,4.999,350.0,,,,,,,2.0,337.0,379.0,88.918,,,,,,Friday,4,False,4,15,350,32.988,0.0,False,False,
4445114986,3945,2.65,2.65,0.0,0.0,0.0,2.65,0.0,0,0,225,716,2180,2016-04-16,2183.0,90.958,24.0,225.0,0.156,37.0,3945.0,164.375,757.0,2180.757,1.514,1440.0,0.156,225.0,225.0,0.0,0.0,225.0,1215.0,13.176,56.0,3945.0,2.74,225.0,,,,,,,1.0,462.0,499.0,92.585,,,,,,Saturday,5,True,4,15,225,23.911,0.0,False,True,
4445114986,2268,1.52,1.52,0.0,0.0,0.0,1.52,0.0,0,0,114,1219,1933,2016-04-17,1930.0,80.417,24.0,114.0,0.079,31.0,2258.0,94.083,619.0,1931.912,1.342,1440.0,0.079,114.0,114.0,0.0,0.0,114.0,1326.0,11.672,56.0,2258.0,1.568,114.0,,,,,,,1.0,98.0,107.0,91.589,,,,,,Sunday,6,True,4,15,114,8.552,0.0,False,False,
4445114986,6155,4.24,4.24,0.0,2.0,0.29,1.95,0.0,25,6,162,1247,2248,2016-04-18,2250.0,93.75,24.0,249.0,0.173,93.0,6155.0,256.458,3367.0,2248.341,1.561,1440.0,0.173,249.0,193.0,25.0,6.0,162.0,1247.0,13.584,98.0,6155.0,4.274,193.0,,,,,,,,,,,,,,,,Monday,0,False,4,16,193,13.403,12.953,False,,
4445114986,2064,1.39,1.39,0.0,0.0,0.0,1.39,0.0,0,0,121,895,1954,2016-04-19,1954.0,81.417,24.0,121.0,0.084,17.0,2064.0,86.0,352.0,1954.325,1.357,1440.0,0.084,121.0,121.0,0.0,0.0,121.0,1319.0,11.808,50.0,2064.0,1.433,121.0,,,,,,,2.0,388.0,424.0,91.509,,,,,,Tuesday,1,False,4,16,121,11.909,0.0,False,False,
4445114986,2072,1.39,1.39,0.0,0.0,0.0,1.39,0.0,0,0,137,841,1974,2016-04-20,1973.0,82.208,24.0,137.0,0.095,34.0,2072.0,86.333,655.0,1974.439,1.371,1440.0,0.095,137.0,137.0,0.0,0.0,137.0,1303.0,11.929,44.0,2072.0,1.439,137.0,,,,,,,1.0,439.0,462.0,95.022,,,,,,Wednesday,2,False,4,16,137,14.008,0.0,False,True,
4445114986,3809,2.56,2.56,0.0,0.0,0.0,2.54,0.0,0,0,215,756,2150,2016-04-21,2145.0,89.375,24.0,215.0,0.149,34.0,3789.0,157.875,666.0,2146.964,1.491,1440.0,0.149,215.0,215.0,0.0,0.0,215.0,1225.0,12.972,54.0,3789.0,2.631,215.0,,,,,,,1.0,436.0,469.0,92.964,,,,,,Thursday,3,False,4,16,215,22.142,0.0,False,True,
4445114986,6831,4.58,4.58,0.0,0.0,0.0,4.58,0.0,0,0,317,706,2432,2016-04-22,2432.0,101.333,24.0,317.0,0.22,39.0,6831.0,284.625,1175.0,2432.015,1.689,1440.0,0.22,317.0,317.0,0.0,0.0,317.0,1123.0,14.694,64.0,6831.0,4.744,317.0,,,,,,,1.0,388.0,417.0,93.046,,,,,,Friday,4,False,4,16,317,30.987,0.0,False,False,
4445114986,4363,2.93,2.93,0.0,0.0,0.0,2.93,0.0,0,0,201,1239,2149,2016-04-23,2151.0,89.625,24.0,201.0,0.14,41.0,4363.0,181.792,864.0,2149.094,1.492,1440.0,0.14,201.0,201.0,0.0,0.0,201.0,1239.0,13.023,70.0,4363.0,3.03,201.0,,,,,,,,,,,,,,,,Saturday,5,True,4,16,201,13.958,0.0,False,,
4445114986,5002,3.36,3.36,0.0,0.0,0.0,3.36,0.0,0,0,244,1196,2247,2016-04-24,2249.0,93.708,24.0,244.0,0.169,29.0,5002.0,208.417,693.0,2247.077,1.56,1440.0,0.169,244.0,244.0,0.0,0.0,244.0,1196.0,13.617,52.0,5002.0,3.474,244.0,,,,,,,,,,,,,,,,Sunday,6,True,4,16,244,16.944,0.0,False,,
4445114986,3385,2.27,2.27,0.0,0.0,0.0,2.27,0.0,0,0,179,916,2070,2016-04-25,2074.0,86.417,24.0,179.0,0.124,30.0,3385.0,141.042,595.0,2070.937,1.438,1440.0,0.124,179.0,179.0,0.0,0.0,179.0,1261.0,12.549,54.0,3385.0,2.351,179.0,,,,,,,1.0,328.0,345.0,95.072,,,,,,Monday,0,False,4,17,179,16.347,0.0,False,False,
4445114986,6326,4.41,4.41,0.0,2.41,0.04,1.96,0.0,29,1,180,839,2291,2016-04-26,2293.0,95.542,24.0,269.0,0.187,98.0,6326.0,263.583,3567.0,2291.427,1.591,1440.0,0.187,269.0,210.0,29.0,1.0,180.0,1230.0,13.885,96.0,6326.0,4.393,210.0,,,,,,,2.0,353.0,391.0,90.281,,,,,,Tuesday,1,False,4,17,210,20.019,13.81,False,False,
4445114986,7243,5.03,5.03,0.0,2.62,0.03,2.38,0.0,32,1,194,839,2361,2016-04-27,2361.0,98.375,24.0,292.0,0.203,108.0,7243.0,301.792,3941.0,2361.906,1.64,1440.0,0.203,292.0,227.0,32.0,1.0,194.0,1213.0,14.312,97.0,7243.0,5.03,227.0,,,,,,,1.0,332.0,374.0,88.77,,,,,,Wednesday,2,False,4,17,227,21.295,14.097,False,False,
4445114986,4493,3.01,3.01,0.0,0.0,0.0,3.01,0.0,0,0,236,762,2203,2016-04-28,2204.0,91.833,24.0,236.0,0.164,29.0,4493.0,187.208,595.0,2203.873,1.53,1440.0,0.164,236.0,236.0,0.0,0.0,236.0,1204.0,13.355,54.0,4493.0,3.12,236.0,,,,,,,1.0,419.0,442.0,94.796,,,,,,Thursday,3,False,4,17,236,23.647,0.0,False,False,
4445114986,4676,3.14,3.14,0.0,0.0,0.0,3.13,0.0,0,0,226,1106,2196,2016-04-29,2195.0,91.458,24.0,226.0,0.157,34.0,4658.0,194.083,661.0,2194.246,1.524,1440.0,0.157,226.0,226.0,0.0,0.0,226.0,1214.0,13.297,50.0,4658.0,3.235,226.0,,,,,,,1.0,106.0,108.0,98.148,,,,,,Friday,4,False,4,17,226,16.967,0.0,False,False,
4445114986,6222,4.18,4.18,0.0,0.0,0.0,4.18,0.0,0,0,290,797,2363,2016-04-30,2362.0,98.417,24.0,290.0,0.201,33.0,6222.0,259.25,786.0,2363.74,1.641,1440.0,0.201,290.0,290.0,0.0,0.0,290.0,1150.0,14.324,58.0,6222.0,4.321,290.0,,,,,,,1.0,322.0,353.0,91.218,,,,,,Saturday,5,True,4,17,290,26.679,0.0,False,False,
4445114986,5232,3.51,3.51,0.0,0.0,0.0,3.51,0.0,0,0,240,741,2246,2016-05-01,2250.0,93.75,24.0,240.0,0.167,39.0,5232.0,218.0,1298.0,2246.618,1.56,1440.0,0.167,240.0,240.0,0.0,0.0,240.0,1200.0,13.614,62.0,5232.0,3.633,240.0,,,,,,,2.0,439.0,459.0,95.643,,,,,,Sunday,6,True,5,17,240,24.465,0.0,False,True,
4445114986,6910,4.75,4.75,0.0,2.21,0.19,2.35,0.0,27,4,200,667,2336,2016-05-02,2335.0,97.292,24.0,289.0,0.201,106.0,6910.0,287.917,3764.0,2336.121,1.622,1440.0,0.201,289.0,231.0,27.0,4.0,200.0,1209.0,14.156,95.0,6910.0,4.799,231.0,,,,,,,1.0,502.0,542.0,92.62,,,,,,Monday,0,False,5,18,231,25.724,11.688,False,True,
4445114986,7502,5.18,5.18,0.0,2.48,0.11,2.58,0.0,30,2,233,725,2421,2016-05-03,2420.0,100.833,24.0,327.0,0.227,109.0,7502.0,312.583,3955.0,2421.04,1.681,1440.0,0.227,327.0,265.0,30.0,2.0,233.0,1175.0,14.671,95.0,7502.0,5.21,265.0,,,,,,,2.0,417.0,450.0,92.667,,,,,,Tuesday,1,False,5,18,265,26.768,11.321,False,False,
4445114986,2923,1.96,1.96,0.0,0.0,0.0,1.96,0.0,0,0,180,897,2070,2016-05-04,2071.0,86.292,24.0,180.0,0.125,29.0,2923.0,121.792,737.0,2070.707,1.438,1440.0,0.125,180.0,180.0,0.0,0.0,180.0,1260.0,12.548,54.0,2923.0,2.03,180.0,,,,,,,2.0,337.0,363.0,92.837,,,,,,Wednesday,2,False,5,18,180,16.713,0.0,False,False,
4445114986,3800,2.55,2.55,0.0,0.12,0.24,2.18,0.0,2,6,185,734,2120,2016-05-05,2122.0,88.417,24.0,203.0,0.141,34.0,3800.0,158.333,842.0,2120.902,1.473,1440.0,0.141,203.0,193.0,2.0,6.0,185.0,1247.0,12.852,62.0,3800.0,2.639,193.0,,,,,,,2.0,462.0,513.0,90.058,,,,,,Thursday,3,False,5,18,193,20.82,1.036,False,True,
4445114986,4514,3.03,3.03,0.0,0.0,0.0,3.03,0.0,0,0,229,809,2211,2016-05-06,2211.0,92.125,24.0,229.0,0.159,33.0,4514.0,188.083,669.0,2211.322,1.536,1440.0,0.159,229.0,229.0,0.0,0.0,229.0,1211.0,13.4,72.0,4514.0,3.135,229.0,,,,,,,2.0,374.0,402.0,93.035,,,,,,Friday,4,False,5,18,229,22.062,0.0,False,False,
4445114986,5183,3.59,3.59,0.0,2.13,0.19,1.25,0.0,26,4,108,866,2123,2016-05-07,2123.0,88.458,24.0,194.0,0.135,92.0,5167.0,215.292,3403.0,2123.882,1.475,1440.0,0.135,194.0,138.0,26.0,4.0,108.0,1302.0,12.87,93.0,5167.0,3.588,138.0,,,,,,,2.0,401.0,436.0,91.972,,,,,,Saturday,5,True,5,18,138,13.745,18.841,False,False,
4445114986,7303,4.9,4.9,0.0,0.0,0.25,4.65,0.0,0,8,308,733,2423,2016-05-08,2423.0,100.958,24.0,324.0,0.225,46.0,7303.0,304.292,1217.0,2423.446,1.683,1440.0,0.225,324.0,316.0,0.0,8.0,308.0,1124.0,14.685,52.0,7303.0,5.072,316.0,,,,,,,1.0,361.0,391.0,92.327,,,,,,Sunday,6,True,5,18,316,30.124,0.0,False,False,
4445114986,5275,3.54,3.54,0.0,0.0,0.0,3.54,0.0,0,0,266,641,2281,2016-05-09,2279.0,94.958,24.0,266.0,0.185,33.0,5275.0,219.792,839.0,2281.571,1.584,1440.0,0.185,266.0,266.0,0.0,0.0,266.0,1174.0,13.826,60.0,5275.0,3.663,266.0,,,,,,,1.0,457.0,533.0,85.741,,,,,,Monday,0,False,5,19,266,29.327,0.0,False,True,
4445114986,3915,2.63,2.63,0.0,0.0,0.0,2.63,0.0,0,0,231,783,2181,2016-05-10,2181.0,90.875,24.0,231.0,0.16,25.0,3915.0,163.125,564.0,2181.64,1.515,1440.0,0.16,231.0,231.0,0.0,0.0,231.0,1209.0,13.22,62.0,3915.0,2.719,231.0,,,,,,,1.0,405.0,426.0,95.07,,,,,,Tuesday,1,False,5,19,231,22.781,0.0,False,False,
4445114986,9105,6.11,6.11,0.0,2.25,1.0,2.86,0.0,34,22,232,622,2499,2016-05-11,2502.0,104.25,24.0,378.0,0.262,137.0,9105.0,379.375,4379.0,2499.77,1.736,1440.0,0.262,378.0,288.0,34.0,22.0,232.0,1152.0,15.148,68.0,9105.0,6.323,288.0,,,,,,,1.0,499.0,530.0,94.151,,,,,,Wednesday,2,False,5,19,288,31.648,11.806,False,True,
4445114986,768,0.52,0.52,0.0,0.0,0.0,0.52,0.0,0,0,58,380,1212,2016-05-12,1152.0,76.8,15.0,51.0,0.057,11.0,687.0,45.8,180.0,975.59,1.251,780.0,0.045,35.0,35.0,0.0,0.0,35.0,745.0,10.914,34.0,484.0,0.621,35.0,,,,,,,1.0,483.0,501.0,96.407,,,,,,Thursday,3,False,5,19,58,13.242,0.0,False,True,
4558609924,5135,3.39,3.39,0.0,0.0,0.0,3.39,0.0,0,0,318,1122,1909,2016-04-12,1912.0,79.667,24.0,318.0,0.221,36.0,5135.0,213.958,684.0,1909.659,1.326,1440.0,0.221,318.0,318.0,0.0,0.0,318.0,1122.0,14.289,40.0,5135.0,3.566,318.0,76.639,57.0,104.0,76.0,7.578,5973.0,,,,,,,,,,Tuesday,1,False,4,15,318,22.083,0.0,False,,
4558609924,4978,3.29,3.29,0.0,1.24,0.44,1.61,0.0,19,7,127,1287,1722,2016-04-13,1728.0,72.0,24.0,198.0,0.138,65.0,4978.0,207.417,1957.0,1722.554,1.196,1440.0,0.138,198.0,153.0,19.0,7.0,127.0,1287.0,12.889,86.0,4978.0,3.457,152.0,85.102,64.0,144.0,83.0,11.921,2643.0,,,,,,,,,,Wednesday,2,False,4,15,153,10.625,12.418,False,,
4558609924,6799,4.49,4.49,0.0,0.0,0.0,4.49,0.0,0,0,279,1161,1922,2016-04-14,1925.0,80.208,24.0,279.0,0.194,36.0,6799.0,283.292,1032.0,1922.93,1.335,1440.0,0.194,279.0,279.0,0.0,0.0,279.0,1161.0,14.388,56.0,6799.0,4.722,279.0,81.557,56.0,108.0,82.0,8.988,5331.0,,,,,,,,,,Thursday,3,False,4,15,279,19.375,0.0,False,,
4558609924,7795,5.15,5.15,0.0,0.59,0.84,3.73,0.0,17,30,262,1131,2121,2016-04-15,2124.0,88.5,24.0,373.0,0.259,78.0,7795.0,324.792,1578.0,2121.915,1.474,1440.0,0.259,373.0,309.0,17.0,30.0,262.0,1131.0,15.877,78.0,7795.0,5.413,302.0,90.863,58.0,146.0,86.0,17.107,8102.0,,,,,,,,,,Friday,4,False,4,15,309,21.458,5.502,False,,
4558609924,7289,4.82,4.82,0.0,0.55,0.75,3.5,0.0,8,12,308,1112,1997,2016-04-16,1993.0,83.042,24.0,356.0,0.247,60.0,7265.0,302.708,2036.0,1990.867,1.383,1440.0,0.247,356.0,328.0,8.0,12.0,308.0,1112.0,14.897,76.0,7265.0,5.045,328.0,76.296,55.0,135.0,76.0,9.359,6881.0,,,,,,,,,,Saturday,5,True,4,15,328,22.778,2.439,False,,
4558609924,9634,6.4,6.4,0.0,0.55,1.14,4.71,0.0,7,19,304,1110,2117,2016-04-17,2119.0,88.292,24.0,363.0,0.252,68.0,9634.0,401.417,2483.0,2117.619,1.471,1440.0,0.252,363.0,330.0,7.0,19.0,304.0,1110.0,15.816,77.0,9634.0,6.69,330.0,83.205,57.0,136.0,83.0,9.258,6141.0,,,,,,,,,,Sunday,6,True,4,15,330,22.917,2.121,False,,
4558609924,8940,5.91,5.91,0.0,0.98,0.93,4.0,0.0,14,15,331,1080,2116,2016-04-18,2119.0,88.292,24.0,403.0,0.28,92.0,8940.0,372.5,3396.0,2116.308,1.47,1440.0,0.28,403.0,360.0,14.0,15.0,331.0,1080.0,15.803,73.0,8940.0,6.208,359.0,80.457,55.0,141.0,81.0,10.244,6219.0,,,,,69.7,153.662,,27.25,1.0,Monday,0,False,4,16,360,25.0,3.889,False,,Overweight
4558609924,5401,3.57,3.57,0.0,0.05,0.36,3.16,0.0,1,9,248,1182,1876,2016-04-19,1878.0,78.25,24.0,269.0,0.187,46.0,5401.0,225.042,1134.0,1875.81,1.303,1440.0,0.187,269.0,258.0,1.0,9.0,248.0,1182.0,14.007,64.0,5401.0,3.751,257.0,83.098,61.0,132.0,83.0,8.005,4438.0,,,,,,,,,,Tuesday,1,False,4,16,258,17.917,0.388,False,,
4558609924,4803,3.17,3.17,0.0,0.0,0.0,3.17,0.0,0,0,222,1218,1788,2016-04-20,1788.0,74.5,24.0,222.0,0.154,33.0,4803.0,200.125,723.0,1788.762,1.242,1440.0,0.154,222.0,222.0,0.0,0.0,222.0,1218.0,13.357,58.0,4803.0,3.335,222.0,76.923,57.0,110.0,76.0,8.665,5135.0,,,,,,,,,,Wednesday,2,False,4,16,222,15.417,0.0,False,,
4558609924,13743,9.08,9.08,0.0,0.42,0.97,7.7,0.0,6,21,432,844,2486,2016-04-21,2488.0,103.667,24.0,492.0,0.342,49.0,13743.0,572.625,1954.0,2486.634,1.727,1440.0,0.342,492.0,459.0,6.0,21.0,432.0,981.0,18.568,64.0,13743.0,9.544,451.0,85.662,54.0,121.0,87.0,13.895,7867.0,1.0,126.0,137.0,91.971,,,,,,Thursday,3,False,4,16,459,35.226,1.307,True,False,
4558609924,9601,6.35,6.35,0.0,1.37,1.5,3.47,0.0,20,25,273,1122,2094,2016-04-22,2096.0,87.333,24.0,383.0,0.266,123.0,9601.0,400.042,4688.0,2094.732,1.455,1440.0,0.266,383.0,318.0,20.0,25.0,273.0,1122.0,15.642,62.0,9601.0,6.667,314.0,82.56,57.0,140.0,82.0,11.298,6277.0,,,,,,,,,,Friday,4,False,4,16,318,22.083,6.289,False,,
4558609924,6890,4.55,4.55,0.0,0.34,0.2,4.01,0.0,5,5,308,1122,2085,2016-04-23,2082.0,86.75,24.0,333.0,0.231,46.0,6890.0,287.083,1265.0,2078.736,1.444,1440.0,0.231,333.0,318.0,5.0,5.0,308.0,1122.0,15.522,70.0,6890.0,4.785,307.0,85.851,60.0,133.0,86.0,11.286,6342.0,,,,,,,,,,Saturday,5,True,4,16,318,22.083,1.572,False,,
4558609924,8563,5.66,5.66,0.0,0.0,0.0,5.65,0.0,0,0,395,1045,2173,2016-04-24,2167.0,90.292,24.0,395.0,0.274,42.0,8553.0,356.375,1136.0,2169.317,1.506,1440.0,0.274,395.0,395.0,0.0,0.0,395.0,1045.0,16.143,54.0,8553.0,5.94,392.0,83.969,58.0,121.0,84.0,9.21,6533.0,,,,,,,,,,Sunday,6,True,4,16,395,27.431,0.0,False,,
4558609924,8095,5.35,5.35,0.0,0.59,0.25,4.51,0.0,18,10,340,993,2225,2016-04-25,2227.0,92.792,24.0,414.0,0.288,85.0,8095.0,337.292,1641.0,2225.847,1.546,1440.0,0.288,414.0,368.0,18.0,10.0,340.0,1072.0,16.555,106.0,8095.0,5.622,361.0,82.494,55.0,163.0,81.0,14.997,6750.0,,,,,70.3,154.985,,27.46,1.0,Monday,0,False,4,17,368,27.039,4.891,False,,Overweight
4558609924,9148,6.05,6.05,0.0,0.43,2.03,3.59,0.0,12,41,283,1062,2223,2016-04-26,2220.0,92.5,24.0,401.0,0.278,70.0,9148.0,381.167,2600.0,2222.019,1.543,1440.0,0.278,401.0,336.0,12.0,41.0,283.0,1104.0,16.526,76.0,9148.0,6.353,316.0,91.335,59.0,148.0,89.0,15.592,7409.0,1.0,103.0,121.0,85.124,,,,,,Tuesday,1,False,4,17,336,24.034,3.571,False,False,
4558609924,9557,6.32,6.32,0.0,1.96,0.89,3.46,0.0,27,14,312,1087,2098,2016-04-27,2098.0,87.417,24.0,421.0,0.292,103.0,9557.0,398.208,3807.0,2098.491,1.457,1440.0,0.292,421.0,353.0,27.0,14.0,312.0,1087.0,15.608,64.0,9557.0,6.637,353.0,84.557,60.0,122.0,84.0,10.982,6494.0,,,,,,,,,,Wednesday,2,False,4,17,353,24.514,7.649,False,,
4558609924,9451,6.25,6.25,0.0,0.02,0.27,5.95,0.0,1,11,367,985,2185,2016-04-28,2187.0,91.125,24.0,392.0,0.272,43.0,9451.0,393.792,1606.0,2185.045,1.517,1440.0,0.272,392.0,379.0,1.0,11.0,367.0,1061.0,16.251,68.0,9451.0,6.563,376.0,85.642,59.0,133.0,85.0,12.474,7678.0,,,,,,,,,,Thursday,3,False,4,17,379,27.786,0.264,False,,
4558609924,7833,5.18,5.18,0.0,1.02,1.85,2.31,0.0,15,29,197,1096,1918,2016-04-29,1921.0,80.042,24.0,300.0,0.208,67.0,7833.0,326.375,2660.0,1922.582,1.335,1440.0,0.208,300.0,241.0,15.0,29.0,197.0,1199.0,14.299,74.0,7833.0,5.44,240.0,80.555,53.0,139.0,77.0,15.687,6943.0,1.0,171.0,179.0,95.531,,,,,,Friday,4,False,4,17,241,18.025,6.224,False,False,
4558609924,10319,6.82,6.82,0.0,0.47,1.89,4.46,0.0,7,29,293,1111,2105,2016-04-30,2106.0,87.75,24.0,372.0,0.258,86.0,10310.0,429.583,3370.0,2104.298,1.461,1440.0,0.258,372.0,329.0,7.0,29.0,293.0,1111.0,15.686,68.0,10310.0,7.16,327.0,79.187,53.0,134.0,78.0,13.452,8817.0,,,,,,,,,,Saturday,5,True,4,17,329,22.847,2.128,True,,
4558609924,3428,2.27,2.27,0.0,0.0,0.0,2.27,0.0,0,0,190,1121,1692,2016-05-01,1692.0,70.5,24.0,190.0,0.132,24.0,3428.0,142.833,594.0,1691.432,1.175,1440.0,0.132,190.0,190.0,0.0,0.0,190.0,1250.0,12.614,56.0,3428.0,2.381,190.0,70.842,53.0,127.0,69.0,10.082,5231.0,1.0,115.0,129.0,89.147,69.9,154.103,,27.32,1.0,Sunday,6,True,5,17,190,14.493,0.0,False,False,Overweight
4558609924,7891,5.22,5.22,0.0,0.0,0.0,5.22,0.0,0,0,383,1057,2066,2016-05-02,2070.0,86.25,24.0,383.0,0.266,40.0,7891.0,328.792,1036.0,2066.445,1.435,1440.0,0.266,383.0,383.0,0.0,0.0,383.0,1057.0,15.494,56.0,7891.0,5.48,383.0,78.67,55.0,108.0,79.0,9.367,6589.0,,,,,69.2,152.56,,27.04,1.0,Monday,0,False,5,18,383,26.597,0.0,False,,Overweight
4558609924,5267,3.48,3.48,0.0,0.6,0.28,2.6,0.0,21,10,237,1172,1953,2016-05-03,1957.0,81.542,24.0,320.0,0.222,101.0,5267.0,219.458,1714.0,1953.356,1.356,1440.0,0.222,320.0,268.0,21.0,10.0,237.0,1172.0,14.646,88.0,5267.0,3.658,260.0,82.52,52.0,148.0,79.0,20.378,7355.0,,,,,,,,,,Tuesday,1,False,5,18,268,18.611,7.836,False,,
4558609924,5232,3.46,3.46,0.0,0.0,0.0,3.46,0.0,0,0,252,1188,1842,2016-05-04,1846.0,76.917,24.0,252.0,0.175,38.0,5232.0,218.0,1119.0,1842.767,1.28,1440.0,0.175,252.0,252.0,0.0,0.0,252.0,1188.0,13.817,66.0,5232.0,3.633,250.0,76.831,54.0,127.0,76.0,8.877,5604.0,,,,,,,,,,Wednesday,2,False,5,18,252,17.5,0.0,False,,
4558609924,10611,7.01,7.01,0.0,1.01,0.5,5.51,0.0,14,8,370,1048,2262,2016-05-05,2265.0,94.375,24.0,428.0,0.297,73.0,10611.0,442.125,2975.0,2261.595,1.571,1440.0,0.297,428.0,392.0,14.0,8.0,370.0,1048.0,16.957,62.0,10611.0,7.369,388.0,81.939,48.0,130.0,82.0,12.708,6702.0,,,,,,,,,,Thursday,3,False,5,18,392,27.222,3.571,True,,
4558609924,3755,2.48,2.48,0.0,0.0,0.0,2.48,0.0,0,0,202,1238,1722,2016-05-06,1727.0,71.958,24.0,202.0,0.14,31.0,3755.0,156.458,596.0,1722.732,1.196,1440.0,0.14,202.0,202.0,0.0,0.0,202.0,1238.0,12.917,50.0,3755.0,2.608,202.0,71.949,51.0,110.0,73.0,9.893,5429.0,,,,,,,,,,Friday,4,False,5,18,202,14.028,0.0,False,,
4558609924,8237,5.44,5.44,0.0,1.61,1.0,2.83,0.0,23,16,233,1116,1973,2016-05-07,1978.0,82.417,24.0,334.0,0.232,114.0,8237.0,343.208,4281.0,1973.362,1.37,1440.0,0.232,334.0,272.0,23.0,16.0,233.0,1168.0,14.796,68.0,8237.0,5.72,270.0,76.249,54.0,116.0,75.0,11.018,5431.0,,,,,,,,,,Saturday,5,True,5,18,272,19.597,8.456,False,,
4558609924,6543,4.33,4.33,0.0,1.8,0.5,2.02,0.0,66,35,238,1019,2666,2016-05-08,2672.0,111.333,24.0,506.0,0.351,112.0,6543.0,272.625,2136.0,2666.839,1.852,1440.0,0.351,506.0,339.0,66.0,35.0,238.0,1101.0,20.008,144.0,6543.0,4.544,223.0,104.871,45.0,199.0,102.0,25.128,4606.0,1.0,123.0,134.0,91.791,,,,,,Sunday,6,True,5,18,339,24.963,19.469,False,False,
4558609924,11451,7.57,7.57,0.0,0.43,1.62,5.52,0.0,6,30,339,1065,2223,2016-05-09,2228.0,92.833,24.0,417.0,0.29,73.0,11451.0,477.125,3432.0,2223.699,1.544,1440.0,0.29,417.0,375.0,6.0,30.0,339.0,1065.0,16.685,64.0,11451.0,7.952,375.0,79.375,54.0,110.0,79.0,10.62,6643.0,,,,,69.1,152.339,,27.0,1.0,Monday,0,False,5,19,375,26.042,1.6,True,,Overweight
4558609924,6435,4.25,4.25,0.0,0.74,1.12,2.39,0.0,11,18,220,1191,1889,2016-05-10,1894.0,78.917,24.0,289.0,0.201,89.0,6435.0,268.125,3420.0,1888.575,1.312,1440.0,0.201,289.0,249.0,11.0,18.0,220.0,1191.0,14.171,86.0,6435.0,4.469,247.0,75.79,50.0,147.0,73.0,15.272,6322.0,,,,,,,,,,Tuesday,1,False,5,19,249,17.292,4.418,False,,
4558609924,9108,6.02,6.02,0.0,0.26,1.82,3.94,0.0,4,31,324,1081,2131,2016-05-11,2132.0,88.833,24.0,398.0,0.276,90.0,9108.0,379.5,3580.0,2130.779,1.48,1440.0,0.276,398.0,359.0,4.0,31.0,324.0,1081.0,15.988,74.0,9108.0,6.325,351.0,74.924,44.0,138.0,74.0,11.628,6441.0,,,,,,,,,,Wednesday,2,False,5,19,359,24.931,1.114,False,,
4558609924,6307,4.17,4.17,0.0,0.0,0.0,4.17,0.0,0,0,247,736,1452,2016-05-12,1407.0,87.938,16.0,232.0,0.242,36.0,6020.0,376.25,1332.0,1402.688,1.461,960.0,0.242,232.0,232.0,0.0,0.0,232.0,728.0,15.788,56.0,6020.0,6.271,232.0,79.678,54.0,117.0,78.0,8.974,3842.0,,,,,,,,,,Thursday,3,False,5,19,247,25.127,0.0,False,,
4702921684,7213,5.88,5.88,0.0,0.0,0.0,5.85,0.0,0,0,263,718,2947,2016-04-12,2949.0,122.875,24.0,263.0,0.183,31.0,7213.0,300.542,1264.0,2947.283,2.047,1440.0,0.183,263.0,263.0,0.0,0.0,263.0,1177.0,14.611,72.0,7213.0,5.009,263.0,,,,,,,1.0,425.0,439.0,96.811,,,,,,Tuesday,1,False,4,15,263,26.809,0.0,False,True,
4702921684,6877,5.58,5.58,0.0,0.0,0.0,5.58,0.0,0,0,258,777,2898,2016-04-13,2894.0,120.583,24.0,258.0,0.179,45.0,6877.0,286.542,1416.0,2896.854,2.012,1440.0,0.179,258.0,258.0,0.0,0.0,258.0,1182.0,14.361,66.0,6877.0,4.776,258.0,,,,,,,2.0,400.0,430.0,93.023,,,,,,Wednesday,2,False,4,15,258,24.928,0.0,False,False,
4702921684,7860,6.37,6.37,0.0,0.0,0.0,6.37,0.0,0,0,271,772,2984,2016-04-14,2986.0,124.417,24.0,271.0,0.188,31.0,7860.0,327.5,1377.0,2984.825,2.073,1440.0,0.188,271.0,271.0,0.0,0.0,271.0,1169.0,14.797,72.0,7860.0,5.458,271.0,,,,,,,1.0,384.0,415.0,92.53,,,,,,Thursday,3,False,4,15,271,25.983,0.0,False,False,
4702921684,6506,5.28,5.28,0.0,0.07,0.42,4.79,0.0,1,8,256,944,2896,2016-04-15,2896.0,120.667,24.0,275.0,0.191,45.0,6506.0,271.083,1006.0,2896.294,2.011,1440.0,0.191,275.0,265.0,1.0,8.0,256.0,1175.0,14.358,68.0,6506.0,4.518,265.0,,,,,,,1.0,253.0,257.0,98.444,,,,,,Friday,4,False,4,15,265,21.919,0.377,False,False,
4702921684,11140,9.03,9.03,0.0,0.24,1.25,7.54,0.0,3,24,335,556,3328,2016-04-16,3321.0,138.375,24.0,392.0,0.272,41.0,11134.0,463.917,1657.0,3322.137,2.307,1440.0,0.272,392.0,362.0,3.0,24.0,335.0,1078.0,16.469,76.0,11134.0,7.732,362.0,,,,,,,2.0,382.0,406.0,94.089,,,,,,Saturday,5,True,4,15,362,39.434,0.829,True,False,
4702921684,12692,10.29,10.29,0.0,0.96,3.46,5.88,0.0,12,66,302,437,3394,2016-04-17,3393.0,141.375,24.0,470.0,0.326,119.0,12692.0,528.833,3926.0,3394.419,2.357,1440.0,0.326,470.0,380.0,12.0,66.0,302.0,1060.0,16.828,72.0,12692.0,8.814,380.0,,,,,,,1.0,591.0,612.0,96.569,,,,,,Sunday,6,True,4,15,380,46.512,3.158,True,True,
4702921684,9105,7.38,7.38,0.0,1.82,1.49,4.07,0.0,22,30,191,890,3013,2016-04-18,3012.0,125.5,24.0,317.0,0.22,72.0,9105.0,379.375,2146.0,3013.961,2.093,1440.0,0.22,317.0,243.0,22.0,30.0,191.0,1197.0,14.942,74.0,9105.0,6.323,243.0,,,,,,,1.0,293.0,312.0,93.91,,,,,,Monday,0,False,4,16,243,21.447,9.053,False,False,
4702921684,6708,5.44,5.44,0.0,0.88,0.37,4.19,0.0,10,8,179,757,2812,2016-04-19,2813.0,117.208,24.0,225.0,0.156,30.0,6708.0,279.5,1168.0,2812.806,1.953,1440.0,0.156,225.0,197.0,10.0,8.0,179.0,1243.0,13.944,78.0,6708.0,4.658,197.0,,,,,,,1.0,457.0,487.0,93.84,,,,,,Tuesday,1,False,4,16,197,20.65,5.076,False,True,
4702921684,8793,7.13,7.13,0.0,0.16,1.23,5.73,0.0,2,29,260,717,3061,2016-04-20,3063.0,127.625,24.0,324.0,0.225,44.0,8793.0,366.375,1072.0,3061.308,2.126,1440.0,0.225,324.0,291.0,2.0,29.0,260.0,1149.0,15.176,72.0,8793.0,6.106,291.0,,,,,,,1.0,454.0,468.0,97.009,,,,,,Wednesday,2,False,4,16,291,28.869,0.687,False,True,
4702921684,6530,5.3,5.3,0.0,0.31,2.05,2.94,0.0,4,41,144,901,2729,2016-04-21,2728.0,113.667,24.0,238.0,0.165,47.0,6530.0,272.083,1439.0,2729.599,1.896,1440.0,0.165,238.0,189.0,4.0,41.0,144.0,1251.0,13.532,68.0,6530.0,4.535,189.0,,,,,,,1.0,425.0,434.0,97.926,,,,,,Thursday,3,False,4,16,189,17.339,2.116,False,True,
4702921684,1664,1.35,1.35,0.0,0.0,0.0,1.35,0.0,0,0,72,1341,2241,2016-04-22,2241.0,93.375,24.0,72.0,0.05,33.0,1664.0,69.333,939.0,2241.84,1.557,1440.0,0.05,72.0,72.0,0.0,0.0,72.0,1368.0,11.114,56.0,1664.0,1.156,72.0,,,,,,,,,,,,,,,,Friday,4,False,4,16,72,5.096,0.0,False,,
4702921684,15126,12.27,12.27,0.0,0.76,3.24,8.27,0.0,9,66,408,469,3691,2016-04-23,3691.0,153.792,24.0,567.0,0.394,76.0,15126.0,630.25,2196.0,3691.949,2.564,1440.0,0.394,567.0,483.0,9.0,66.0,408.0,957.0,18.303,76.0,15126.0,10.504,483.0,,,,,,,1.0,465.0,475.0,97.895,,,,,,Saturday,5,True,4,16,483,50.735,1.863,True,True,
4702921684,15050,12.22,12.22,0.0,1.2,5.12,5.88,0.0,15,95,281,542,3538,2016-04-24,3539.0,147.458,24.0,516.0,0.358,115.0,15050.0,627.083,3962.0,3538.701,2.457,1440.0,0.358,516.0,391.0,15.0,95.0,281.0,1049.0,17.543,74.0,15050.0,10.451,391.0,,,,,,,1.0,480.0,506.0,94.862,,,,,,Sunday,6,True,4,16,391,41.908,3.836,True,True,
4702921684,9167,7.43,7.43,0.0,0.49,0.82,6.11,0.0,6,15,270,730,3064,2016-04-25,3060.0,127.5,24.0,318.0,0.221,66.0,9140.0,380.833,2019.0,3060.468,2.125,1440.0,0.221,318.0,291.0,6.0,15.0,270.0,1149.0,15.172,72.0,9140.0,6.347,291.0,,,,,,,1.0,370.0,380.0,97.368,,,,,,Monday,0,False,4,17,291,28.501,2.062,False,False,
4702921684,6108,4.95,4.95,0.0,0.07,0.35,4.54,0.0,1,8,216,765,2784,2016-04-26,2784.0,116.0,24.0,235.0,0.163,37.0,6108.0,254.5,974.0,2783.95,1.933,1440.0,0.163,235.0,225.0,1.0,8.0,216.0,1215.0,13.801,76.0,6108.0,4.242,225.0,,,,,,,1.0,421.0,429.0,98.135,,,,,,Tuesday,1,False,4,17,225,22.727,0.444,False,True,
4702921684,7047,5.72,5.72,0.0,0.09,0.8,4.78,0.0,1,16,238,733,2908,2016-04-27,2903.0,120.958,24.0,273.0,0.19,58.0,6976.0,290.667,1649.0,2902.458,2.016,1440.0,0.19,273.0,255.0,1.0,16.0,238.0,1185.0,14.389,68.0,6976.0,4.844,255.0,,,,,,,1.0,432.0,449.0,96.214,,,,,,Wednesday,2,False,4,17,255,25.81,0.392,False,True,
4702921684,9023,7.32,7.32,0.0,1.13,0.42,5.77,0.0,14,9,232,738,3033,2016-04-28,3033.0,126.375,24.0,292.0,0.203,68.0,9023.0,375.958,1962.0,3033.853,2.107,1440.0,0.203,292.0,255.0,14.0,9.0,232.0,1185.0,15.04,78.0,9023.0,6.266,255.0,,,,,,,1.0,442.0,461.0,95.879,,,,,,Thursday,3,False,4,17,255,25.68,5.49,False,True,
4702921684,9930,8.05,8.05,0.0,1.06,0.92,6.07,0.0,12,19,267,692,3165,2016-04-29,3164.0,131.833,24.0,341.0,0.237,46.0,9930.0,413.75,1278.0,3165.248,2.198,1440.0,0.237,341.0,298.0,12.0,19.0,267.0,1142.0,15.692,86.0,9930.0,6.896,298.0,,,,,,,1.0,433.0,447.0,96.868,,,,,,Friday,4,False,4,17,298,30.101,4.027,False,True,
4702921684,10144,8.23,8.23,0.0,0.32,2.03,5.88,0.0,4,36,263,728,3115,2016-04-30,3115.0,129.792,24.0,347.0,0.241,69.0,10144.0,422.667,2135.0,3115.94,2.164,1440.0,0.241,347.0,303.0,4.0,36.0,263.0,1137.0,15.447,70.0,10144.0,7.044,303.0,,,,,,,1.0,479.0,501.0,95.609,,,,,,Saturday,5,True,4,17,303,29.389,1.32,True,True,
4702921684,0,0.0,0.0,0.0,0.0,0.0,0.0,0.0,0,0,0,1440,2017,2016-05-01,2016.0,84.0,24.0,0.0,0.0,0.0,0.0,0.0,0.0,2017.152,1.401,1440.0,0.0,0.0,0.0,0.0,0.0,0.0,1440.0,10.0,10.0,0.0,0.0,0.0,,,,,,,,,,,,,,,,Sunday,6,True,5,17,0,0.0,0.0,False,,
4702921684,7245,5.92,5.92,0.0,0.38,1.74,3.76,0.0,5,40,195,1131,2859,2016-05-02,2859.0,119.125,24.0,290.0,0.201,65.0,7245.0,301.875,1848.0,2859.033,1.985,1440.0,0.201,290.0,240.0,5.0,40.0,195.0,1200.0,14.174,74.0,7245.0,5.031,240.0,,,,,,,,,,,,,,,,Monday,0,False,5,18,240,17.505,2.083,False,,
4702921684,9454,7.67,7.67,0.0,0.0,0.0,7.67,0.0,0,0,313,729,3145,2016-05-03,3145.0,131.042,24.0,313.0,0.217,39.0,9454.0,393.917,1604.0,3143.675,2.183,1440.0,0.217,313.0,313.0,0.0,0.0,313.0,1127.0,15.585,72.0,9454.0,6.565,313.0,,,,,,,1.0,327.0,373.0,87.668,,,,,,Tuesday,1,False,5,18,313,30.038,0.0,False,False,
4702921684,8161,6.62,6.62,0.0,0.34,0.73,5.54,0.0,4,15,251,757,3004,2016-05-04,3003.0,125.125,24.0,293.0,0.203,41.0,8161.0,340.042,1353.0,3004.156,2.086,1440.0,0.203,293.0,270.0,4.0,15.0,251.0,1170.0,14.893,78.0,8161.0,5.667,270.0,,,,,,,1.0,412.0,434.0,94.931,,,,,,Wednesday,2,False,5,18,270,26.29,1.481,False,False,
4702921684,8614,6.99,6.99,0.0,0.67,0.22,6.09,0.0,8,5,241,745,3006,2016-05-05,3005.0,125.208,24.0,275.0,0.191,45.0,8614.0,358.917,1326.0,3004.716,2.087,1440.0,0.191,275.0,254.0,8.0,5.0,241.0,1186.0,14.896,76.0,8614.0,5.982,254.0,,,,,,,1.0,414.0,428.0,96.729,,,,,,Thursday,3,False,5,18,254,25.425,3.15,False,False,
4702921684,6943,5.63,5.63,0.0,0.08,0.66,4.87,0.0,1,16,207,682,2859,2016-05-06,2857.0,119.042,24.0,242.0,0.168,36.0,6910.0,287.917,1163.0,2856.511,1.984,1440.0,0.168,242.0,224.0,1.0,16.0,207.0,1216.0,14.161,70.0,6910.0,4.799,224.0,,,,,,,1.0,404.0,449.0,89.978,,,,,,Friday,4,False,5,18,224,24.724,0.446,False,False,
4702921684,14370,11.65,11.65,0.0,0.37,2.31,8.97,0.0,5,46,439,577,3683,2016-05-07,3683.0,153.458,24.0,546.0,0.379,55.0,14370.0,598.75,1628.0,3683.824,2.558,1440.0,0.379,546.0,490.0,5.0,46.0,439.0,950.0,18.262,66.0,14370.0,9.979,490.0,,,,,,,1.0,520.0,543.0,95.764,,,,,,Saturday,5,True,5,18,490,45.923,1.02,True,True,
4702921684,12857,10.43,10.43,0.0,0.68,6.21,3.54,0.0,9,125,192,1019,3287,2016-05-08,3288.0,137.0,24.0,469.0,0.326,89.0,12857.0,535.708,3016.0,3287.397,2.283,1440.0,0.326,469.0,326.0,9.0,125.0,192.0,1114.0,16.297,64.0,12857.0,8.928,326.0,,,,,,,,,,,,,,,,Sunday,6,True,5,18,326,24.238,2.761,True,,
4702921684,8232,6.68,6.68,0.0,0.0,0.57,6.1,0.0,0,12,253,746,2990,2016-05-09,2991.0,124.625,24.0,277.0,0.192,37.0,8232.0,343.0,1269.0,2990.988,2.077,1440.0,0.192,277.0,265.0,0.0,12.0,253.0,1175.0,14.828,68.0,8232.0,5.717,265.0,,,,,,,1.0,435.0,458.0,94.978,,,,,,Monday,0,False,5,19,265,26.212,0.0,False,True,
4702921684,10613,8.61,8.61,0.0,0.08,1.88,6.65,0.0,1,37,262,701,3172,2016-05-10,3171.0,132.125,24.0,339.0,0.235,68.0,10613.0,442.208,1917.0,3172.812,2.203,1440.0,0.235,339.0,300.0,1.0,37.0,262.0,1140.0,15.729,76.0,10613.0,7.37,300.0,,,,,,,1.0,416.0,431.0,96.52,,,,,,Tuesday,1,False,5,19,300,29.97,0.333,True,False,
4702921684,9810,7.96,7.96,0.0,0.78,2.16,4.98,0.0,10,41,235,784,3069,2016-05-11,3068.0,127.833,24.0,347.0,0.241,82.0,9772.0,407.167,2503.0,3069.993,2.132,1440.0,0.241,347.0,286.0,10.0,41.0,235.0,1154.0,15.219,72.0,9772.0,6.786,286.0,,,,,,,1.0,354.0,366.0,96.721,,,,,,Wednesday,2,False,5,19,286,26.729,3.497,False,False,
4702921684,2752,2.23,2.23,0.0,0.0,0.0,2.23,0.0,0,0,68,241,1240,2016-05-12,1220.0,110.909,11.0,68.0,0.103,22.0,2752.0,250.182,840.0,1221.778,1.851,660.0,0.103,68.0,68.0,0.0,0.0,68.0,592.0,13.215,70.0,2752.0,4.17,68.0,,,,,,,1.0,404.0,442.0,91.403,,,,,,Thursday,3,False,5,19,68,22.006,0.0,False,False,
5553957443,11596,7.57,7.57,0.0,1.37,0.79,5.41,0.0,19,13,277,767,2026,2016-04-12,2026.0,84.417,24.0,360.0,0.25,58.0,11596.0,483.167,2192.0,2026.009,1.407,1440.0,0.25,360.0,309.0,19.0,13.0,277.0,1131.0,15.36,66.0,11596.0,8.053,309.0,64.365,50.0,106.0,62.0,8.36,8370.0,1.0,441.0,464.0,95.043,,,,,,Tuesday,1,False,4,15,309,28.717,6.149,True,True,
5553957443,4832,3.16,3.16,0.0,0.0,0.0,3.16,0.0,0,0,226,647,1718,2016-04-13,1718.0,71.583,24.0,226.0,0.157,39.0,4832.0,201.333,1130.0,1718.324,1.193,1440.0,0.157,226.0,226.0,0.0,0.0,226.0,1214.0,13.027,66.0,4832.0,3.356,226.0,61.483,47.0,95.0,61.0,6.61,8051.0,2.0,455.0,488.0,93.238,,,,,,Wednesday,2,False,4,15,226,25.888,0.0,False,True,
5553957443,17022,11.12,11.12,0.0,4.0,2.45,4.67,0.0,61,41,256,693,2324,2016-04-14,2326.0,96.917,24.0,521.0,0.362,144.0,17022.0,709.25,5808.0,2324.442,1.614,1440.0,0.362,521.0,358.0,61.0,41.0,256.0,1082.0,17.622,78.0,17022.0,11.821,354.0,72.56,51.0,133.0,65.0,17.779,9922.0,1.0,357.0,418.0,85.407,,,,,,Thursday,3,False,4,15,358,34.063,17.039,True,False,
5553957443,16556,10.86,10.86,0.0,4.16,1.98,4.71,0.0,58,38,239,689,2254,2016-04-15,2255.0,93.958,24.0,489.0,0.34,84.0,16556.0,689.833,3256.0,2254.368,1.566,1440.0,0.34,489.0,335.0,58.0,38.0,239.0,1105.0,17.091,68.0,16556.0,11.497,333.0,69.02,50.0,123.0,63.0,15.675,9135.0,1.0,377.0,409.0,92.176,,,,,,Friday,4,False,4,15,335,32.715,17.313,True,False,
5553957443,5771,3.77,3.77,0.0,0.0,0.0,3.77,0.0,0,0,288,521,1831,2016-04-16,1830.0,76.25,24.0,288.0,0.2,41.0,5771.0,240.458,1024.0,1831.084,1.272,1440.0,0.2,288.0,288.0,0.0,0.0,288.0,1152.0,13.882,46.0,5771.0,4.008,287.0,66.021,50.0,116.0,65.0,7.109,8238.0,2.0,651.0,686.0,94.898,,,,,,Saturday,5,True,4,15,288,35.6,0.0,False,True,
5553957443,655,0.43,0.43,0.0,0.0,0.0,0.43,0.0,0,0,46,943,1397,2016-04-17,1398.0,58.25,24.0,46.0,0.032,19.0,655.0,27.292,305.0,1397.816,0.971,1440.0,0.032,46.0,46.0,0.0,0.0,46.0,1394.0,10.597,36.0,655.0,0.455,46.0,59.377,49.0,84.0,59.0,4.426,1437.0,1.0,350.0,402.0,87.065,,,,,,Sunday,6,True,4,15,46,4.651,0.0,False,False,
5553957443,3727,2.43,2.43,0.0,0.0,0.0,2.43,0.0,0,0,206,622,1683,2016-04-18,1683.0,70.125,24.0,206.0,0.143,31.0,3727.0,155.292,519.0,1683.242,1.169,1440.0,0.143,206.0,206.0,0.0,0.0,206.0,1234.0,12.761,52.0,3727.0,2.588,206.0,65.384,53.0,91.0,65.0,6.607,7963.0,2.0,520.0,541.0,96.118,,,,,,Monday,0,False,4,16,206,24.879,0.0,False,True,
5553957443,15482,10.11,10.11,0.0,4.28,1.66,4.18,0.0,69,28,249,756,2284,2016-04-19,2285.0,95.208,24.0,512.0,0.356,106.0,15482.0,645.083,2598.0,2284.138,1.586,1440.0,0.356,512.0,346.0,69.0,28.0,249.0,1094.0,17.317,72.0,15482.0,10.751,342.0,74.888,49.0,128.0,70.0,17.508,10572.0,1.0,357.0,410.0,87.073,,,,,,Tuesday,1,False,4,16,346,31.397,19.942,True,False,
5553957443,2713,1.77,1.77,0.0,0.0,0.0,1.77,0.0,0,0,148,598,1570,2016-04-20,1571.0,65.458,24.0,148.0,0.103,23.0,2713.0,113.042,534.0,1570.024,1.09,1440.0,0.103,148.0,148.0,0.0,0.0,148.0,1292.0,11.903,52.0,2713.0,1.884,148.0,60.04,48.0,84.0,59.0,5.479,8239.0,1.0,658.0,678.0,97.05,,,,,,Wednesday,2,False,4,16,148,19.839,0.0,False,True,
5553957443,12346,8.06,8.06,0.0,2.95,2.16,2.96,0.0,47,42,177,801,2066,2016-04-21,2067.0,86.125,24.0,402.0,0.279,104.0,12346.0,514.417,3026.0,2066.404,1.435,1440.0,0.279,402.0,266.0,47.0,42.0,177.0,1174.0,15.666,68.0,12346.0,8.574,262.0,71.332,49.0,127.0,66.0,17.589,8951.0,1.0,399.0,431.0,92.575,,,,,,Thursday,3,False,4,16,266,24.93,17.669,True,False,
5553957443,11682,7.63,7.63,0.0,1.38,0.63,5.6,0.0,25,16,270,781,2105,2016-04-22,2105.0,87.708,24.0,377.0,0.262,75.0,11670.0,486.25,1743.0,2104.51,1.461,1440.0,0.262,377.0,311.0,25.0,16.0,270.0,1129.0,15.955,72.0,11670.0,8.104,307.0,70.428,51.0,128.0,64.0,16.47,9088.0,1.0,322.0,353.0,91.218,,,,,,Friday,4,False,4,16,311,28.48,8.039,True,False,
5553957443,4112,2.69,2.69,0.0,0.0,0.0,2.68,0.0,0,0,272,443,1776,2016-04-23,1778.0,74.083,24.0,272.0,0.189,35.0,4110.0,171.25,785.0,1776.216,1.233,1440.0,0.189,272.0,272.0,0.0,0.0,272.0,1168.0,13.466,38.0,4110.0,2.854,272.0,67.074,52.0,94.0,67.0,6.815,8275.0,2.0,631.0,725.0,87.034,,,,,,Saturday,5,True,4,16,272,38.042,0.0,False,True,
5553957443,1807,1.18,1.18,0.0,0.0,0.0,1.18,0.0,0,0,104,582,1507,2016-04-24,1508.0,62.833,24.0,104.0,0.072,17.0,1807.0,75.292,297.0,1507.461,1.047,1440.0,0.072,104.0,104.0,0.0,0.0,104.0,1336.0,11.428,38.0,1807.0,1.255,104.0,63.973,50.0,92.0,63.0,5.107,7857.0,2.0,553.0,640.0,86.406,,,,,,Sunday,6,True,4,16,104,15.16,0.0,False,True,
5553957443,10946,7.19,7.19,0.0,2.93,0.57,3.69,0.0,51,11,201,732,2033,2016-04-25,2034.0,84.75,24.0,376.0,0.261,105.0,10946.0,456.083,2715.0,2033.062,1.412,1440.0,0.261,376.0,263.0,51.0,11.0,201.0,1177.0,15.413,70.0,10946.0,7.601,261.0,72.046,52.0,132.0,66.0,17.434,9165.0,1.0,433.0,468.0,92.521,,,,,,Monday,0,False,4,17,263,26.432,19.392,True,True,
5553957443,11886,7.76,7.76,0.0,2.37,0.93,4.46,0.0,40,18,238,750,2093,2016-04-26,2098.0,87.417,24.0,394.0,0.274,100.0,11886.0,495.25,2641.0,2093.884,1.454,1440.0,0.274,394.0,296.0,40.0,18.0,238.0,1144.0,15.874,70.0,11886.0,8.254,294.0,73.013,53.0,128.0,67.0,16.845,8923.0,1.0,412.0,453.0,90.949,,,,,,Tuesday,1,False,4,17,296,28.298,13.514,True,False,
5553957443,10538,6.88,6.88,0.0,1.14,1.0,4.74,0.0,16,16,206,745,1922,2016-04-27,1922.0,80.083,24.0,286.0,0.199,92.0,10538.0,439.083,3605.0,1922.134,1.335,1440.0,0.199,286.0,238.0,16.0,16.0,206.0,1202.0,14.572,68.0,10538.0,7.318,238.0,65.071,49.0,104.0,63.0,8.382,8705.0,1.0,347.0,391.0,88.747,,,,,,Wednesday,2,False,4,17,238,24.212,6.723,True,False,
5553957443,11393,7.63,7.63,0.0,3.71,0.75,3.17,0.0,49,13,165,727,1999,2016-04-28,1999.0,83.292,24.0,338.0,0.235,115.0,11393.0,474.708,3729.0,1999.628,1.389,1440.0,0.235,338.0,227.0,49.0,13.0,165.0,1213.0,15.16,88.0,11393.0,7.912,225.0,71.072,51.0,149.0,63.0,20.259,9114.0,1.0,421.0,457.0,92.123,,,,,,Thursday,3,False,4,17,227,23.795,21.586,True,True,
5553957443,12764,8.33,8.33,0.0,2.79,0.64,4.91,0.0,46,15,270,709,2169,2016-04-29,2170.0,90.417,24.0,438.0,0.304,107.0,12764.0,531.833,2887.0,2169.729,1.507,1440.0,0.304,438.0,331.0,46.0,15.0,270.0,1109.0,16.449,90.0,12764.0,8.864,327.0,73.074,50.0,156.0,68.0,16.558,11959.0,1.0,450.0,495.0,90.909,,,,,,Friday,4,False,4,17,331,31.827,13.897,True,True,
5553957443,1202,0.78,0.78,0.0,0.0,0.0,0.78,0.0,0,0,84,506,1463,2016-04-30,1463.0,60.958,24.0,84.0,0.058,24.0,1202.0,50.083,297.0,1463.31,1.016,1440.0,0.058,84.0,84.0,0.0,0.0,84.0,1356.0,11.094,32.0,1202.0,0.835,84.0,65.78,49.0,89.0,65.0,5.212,8018.0,2.0,775.0,843.0,91.934,,,,,,Saturday,5,True,4,17,84,14.237,0.0,False,True,
5553957443,5164,3.37,3.37,0.0,0.0,0.0,3.37,0.0,0,0,237,436,1747,2016-05-01,1746.0,72.75,24.0,237.0,0.165,40.0,5164.0,215.167,1171.0,1747.27,1.213,1440.0,0.165,237.0,237.0,0.0,0.0,237.0,1203.0,13.247,60.0,5164.0,3.586,237.0,66.543,49.0,116.0,66.0,7.316,7664.0,2.0,622.0,686.0,90.671,,,,,,Sunday,6,True,5,17,237,35.215,0.0,False,True,
5553957443,9769,6.38,6.38,0.0,1.06,0.41,4.9,0.0,23,9,227,724,1996,2016-05-02,1995.0,83.125,24.0,314.0,0.218,94.0,9769.0,407.042,2457.0,1996.86,1.387,1440.0,0.218,314.0,259.0,23.0,9.0,227.0,1181.0,15.195,68.0,9769.0,6.784,255.0,72.591,50.0,125.0,65.0,17.937,9751.0,1.0,409.0,471.0,86.837,,,,,,Monday,0,False,5,18,259,26.348,8.88,False,False,
5553957443,12848,8.39,8.39,0.0,1.5,1.2,5.68,0.0,26,29,247,812,2116,2016-05-03,2114.0,88.083,24.0,383.0,0.266,72.0,12821.0,534.208,2518.0,2114.677,1.469,1440.0,0.266,383.0,302.0,26.0,29.0,247.0,1138.0,16.092,80.0,12821.0,8.903,301.0,69.953,50.0,134.0,64.0,16.905,9365.0,1.0,380.0,429.0,88.578,,,,,,Tuesday,1,False,5,18,302,27.11,8.609,True,False,
5553957443,4249,2.77,2.77,0.0,0.0,0.0,2.77,0.0,0,0,224,651,1698,2016-05-04,1698.0,70.75,24.0,224.0,0.156,30.0,4249.0,177.042,578.0,1698.622,1.18,1440.0,0.156,224.0,224.0,0.0,0.0,224.0,1216.0,12.926,58.0,4249.0,2.951,224.0,61.672,47.0,108.0,61.0,6.162,8459.0,1.0,447.0,470.0,95.106,,,,,,Wednesday,2,False,5,18,224,25.6,0.0,False,True,
5553957443,14331,9.51,9.51,0.0,3.43,1.66,4.43,0.0,44,29,241,692,2156,2016-05-05,2154.0,89.75,24.0,431.0,0.299,87.0,14331.0,597.125,3133.0,2156.291,1.497,1440.0,0.299,431.0,314.0,44.0,29.0,241.0,1126.0,16.408,108.0,14331.0,9.952,314.0,69.401,49.0,165.0,62.0,17.593,9596.0,1.0,419.0,464.0,90.302,,,,,,Thursday,3,False,5,18,314,31.213,14.013,True,False,
5553957443,9632,6.29,6.29,0.0,1.52,0.54,4.23,0.0,21,9,229,761,1916,2016-05-06,1915.0,79.792,24.0,310.0,0.215,56.0,9632.0,401.333,2054.0,1916.004,1.331,1440.0,0.215,310.0,259.0,21.0,9.0,229.0,1181.0,14.58,72.0,9632.0,6.689,259.0,63.165,51.0,104.0,60.0,8.354,7143.0,1.0,400.0,434.0,92.166,,,,,,Friday,4,False,5,18,259,25.392,8.108,False,False,
5553957443,1868,1.22,1.22,0.0,0.0,0.0,1.22,0.0,0,0,96,902,1494,2016-05-07,1495.0,62.292,24.0,96.0,0.067,20.0,1868.0,77.833,550.0,1494.474,1.038,1440.0,0.067,96.0,96.0,0.0,0.0,96.0,1344.0,11.372,81.0,1868.0,1.297,95.0,63.026,51.0,140.0,62.0,8.343,2496.0,1.0,442.0,470.0,94.043,,,,,,Saturday,5,True,5,18,96,9.619,0.0,False,True,
5553957443,6083,4.0,4.0,0.0,0.22,0.47,3.3,0.0,3,8,210,505,1762,2016-05-08,1763.0,73.458,24.0,235.0,0.163,37.0,6083.0,253.458,1969.0,1762.687,1.224,1440.0,0.163,235.0,221.0,3.0,8.0,210.0,1219.0,13.413,68.0,6083.0,4.224,221.0,65.569,51.0,110.0,64.0,7.1,8317.0,1.0,568.0,608.0,93.421,,,,,,Sunday,6,True,5,18,221,30.441,1.357,False,True,
5553957443,11611,7.58,7.58,0.0,2.13,0.89,4.56,0.0,59,22,251,667,2272,2016-05-09,2271.0,94.625,24.0,472.0,0.328,99.0,11611.0,483.792,2661.0,2272.739,1.578,1440.0,0.328,472.0,332.0,59.0,22.0,251.0,1108.0,17.294,92.0,11611.0,8.063,310.0,76.656,51.0,149.0,65.0,24.709,10059.0,1.0,453.0,494.0,91.7,,,,,,Monday,0,False,5,19,332,33.233,17.771,True,True,
5553957443,16358,10.71,10.71,0.0,3.87,1.61,5.2,0.0,61,40,265,707,2335,2016-05-10,2337.0,97.375,24.0,528.0,0.367,103.0,16315.0,679.792,3160.0,2335.982,1.622,1440.0,0.367,528.0,366.0,61.0,40.0,265.0,1074.0,17.776,74.0,16315.0,11.33,363.0,76.833,53.0,133.0,69.0,19.045,10173.0,1.0,418.0,443.0,94.357,,,,,,Tuesday,1,False,5,19,366,34.11,16.667,True,False,
5553957443,4926,3.22,3.22,0.0,0.0,0.0,3.22,0.0,0,0,195,628,1693,2016-05-11,1694.0,70.583,24.0,195.0,0.135,25.0,4926.0,205.25,745.0,1693.329,1.176,1440.0,0.135,195.0,195.0,0.0,0.0,195.0,1245.0,12.885,60.0,4926.0,3.421,195.0,65.401,54.0,103.0,64.0,6.238,7860.0,1.0,463.0,486.0,95.267,,,,,,Wednesday,2,False,5,19,195,23.694,0.0,False,True,
5553957443,3121,2.04,2.04,0.0,0.58,0.4,1.06,0.0,8,6,48,222,741,2016-05-12,716.0,71.6,10.0,84.0,0.14,54.0,3121.0,312.1,2710.0,715.205,1.192,600.0,0.14,84.0,62.0,8.0,6.0,48.0,538.0,13.062,64.0,3121.0,5.202,62.0,64.195,54.0,107.0,60.0,10.667,2309.0,1.0,438.0,475.0,92.211,,,,,,Thursday,3,False,5,19,62,21.831,12.903,False,True,
5577150313,8135,6.08,6.08,0.0,3.6,0.38,2.1,0.0,86,16,140,728,3405,2016-04-12,3406.0,141.917,24.0,430.0,0.299,126.0,8135.0,338.958,2073.0,3405.37,2.365,1440.0,0.299,430.0,242.0,86.0,16.0,140.0,1198.0,18.355,124.0,8135.0,5.649,225.0,65.656,41.0,154.0,60.0,19.114,8685.0,1.0,419.0,438.0,95.662,,,,,,Tuesday,1,False,4,15,242,24.948,35.537,False,False,
5577150313,5077,3.79,3.79,0.0,0.32,0.22,3.25,0.0,15,11,144,776,2551,2016-04-13,2552.0,106.333,24.0,211.0,0.147,62.0,5077.0,211.542,1908.0,2551.934,1.772,1440.0,0.147,211.0,170.0,15.0,11.0,144.0,1270.0,13.755,84.0,5077.0,3.526,160.0,59.704,44.0,121.0,55.0,13.765,3829.0,1.0,432.0,458.0,94.323,,,,,,Wednesday,2,False,4,15,170,17.97,8.824,False,True,
5577150313,8596,6.42,6.42,0.0,3.33,0.31,2.78,0.0,118,30,176,662,4022,2016-04-14,4097.0,170.708,24.0,590.0,0.41,134.0,8596.0,358.167,1489.0,4097.627,2.846,1440.0,0.41,590.0,324.0,118.0,30.0,176.0,1116.0,22.086,138.0,8596.0,5.969,272.0,76.836,43.0,172.0,68.0,26.618,9806.0,1.0,477.0,497.0,95.976,,,,,,Thursday,3,False,4,15,324,32.86,36.42,False,True,
5577150313,12087,9.08,9.08,0.0,3.92,1.6,3.56,0.0,115,54,199,695,4005,2016-04-15,4003.0,166.792,24.0,652.0,0.453,113.0,12087.0,503.625,1940.0,4004.04,2.781,1440.0,0.453,652.0,368.0,115.0,54.0,199.0,1072.0,21.986,121.0,12087.0,8.394,337.0,73.682,39.0,157.0,66.0,21.98,17001.0,1.0,392.0,413.0,94.915,,,,,,Friday,4,False,4,15,368,34.619,31.25,True,False,
5577150313,14269,10.66,10.66,0.0,6.64,1.28,2.73,0.0,184,56,158,472,4274,2016-04-16,4272.0,178.0,24.0,822.0,0.571,180.0,14261.0,594.208,3729.0,4272.451,2.967,1440.0,0.571,822.0,398.0,184.0,56.0,158.0,1042.0,23.462,100.0,14261.0,9.903,365.0,69.843,43.0,136.0,60.0,23.501,29330.0,1.0,406.0,445.0,91.236,,,,,,Saturday,5,True,4,15,398,45.747,46.231,True,False,
5577150313,12231,9.14,9.14,0.0,5.98,0.83,2.32,0.0,200,37,159,525,4552,2016-04-17,4551.0,189.625,24.0,833.0,0.578,152.0,12231.0,509.625,2249.0,4552.353,3.161,1440.0,0.578,833.0,396.0,200.0,37.0,159.0,1044.0,25.017,138.0,12231.0,8.494,375.0,71.118,40.0,174.0,61.0,26.846,8950.0,1.0,549.0,583.0,94.168,90.7,199.959,,28.0,1.0,Sunday,6,True,4,15,396,42.997,50.505,True,True,Overweight
5577150313,9893,7.39,7.39,0.0,4.86,0.72,1.82,0.0,114,32,130,623,3625,2016-04-18,3625.0,151.042,24.0,536.0,0.372,172.0,9893.0,412.208,4181.0,3624.418,2.517,1440.0,0.372,536.0,276.0,114.0,32.0,130.0,1164.0,19.917,122.0,9893.0,6.87,234.0,68.649,41.0,165.0,64.0,19.689,8629.0,1.0,527.0,553.0,95.298,,,,,,Monday,0,False,4,16,276,30.701,41.304,False,True,
5577150313,12574,9.42,9.42,0.0,7.02,0.64,1.76,0.0,108,23,111,733,3501,2016-04-19,3500.0,145.833,24.0,481.0,0.334,115.0,12574.0,523.917,3910.0,3501.46,2.432,1440.0,0.334,481.0,242.0,108.0,23.0,111.0,1198.0,19.242,124.0,12574.0,8.732,228.0,70.46,42.0,159.0,65.0,17.818,8667.0,1.0,449.0,465.0,96.559,,,,,,Tuesday,1,False,4,16,242,24.821,44.628,True,True,
5577150313,8330,6.22,6.22,0.0,4.12,0.34,1.76,0.0,87,16,113,773,3192,2016-04-20,3191.0,132.958,24.0,406.0,0.282,124.0,8330.0,347.083,4000.0,3192.485,2.217,1440.0,0.282,406.0,216.0,87.0,16.0,113.0,1224.0,17.544,98.0,8330.0,5.785,196.0,69.173,45.0,135.0,64.0,17.905,6535.0,1.0,447.0,480.0,93.125,,,,,,Wednesday,2,False,4,16,216,21.84,40.278,False,True,
5577150313,10830,8.09,8.09,0.0,3.65,1.66,2.78,0.0,110,74,175,670,4018,2016-04-21,4019.0,167.458,24.0,653.0,0.453,154.0,10830.0,451.25,2020.0,4018.566,2.791,1440.0,0.453,653.0,359.0,110.0,74.0,175.0,1081.0,22.083,134.0,10830.0,7.521,312.0,72.311,43.0,168.0,65.0,21.059,10106.0,1.0,414.0,437.0,94.737,,,,,,Thursday,3,False,4,16,359,34.888,30.641,True,False,
5577150313,9172,6.85,6.85,0.0,2.42,0.79,3.3,0.0,62,30,200,823,3329,2016-04-22,3283.0,136.792,24.0,446.0,0.31,126.0,8700.0,362.5,2196.0,3283.977,2.281,1440.0,0.31,446.0,292.0,62.0,30.0,200.0,1148.0,18.047,94.0,8700.0,6.042,258.0,64.648,43.0,132.0,58.0,17.963,8361.0,1.0,338.0,366.0,92.35,,,,,,Friday,4,False,4,16,292,26.188,21.233,False,False,
5577150313,7638,5.71,5.71,0.0,1.21,0.36,4.14,0.0,24,24,223,627,3152,2016-04-23,3153.0,131.375,24.0,343.0,0.238,71.0,7638.0,318.25,1764.0,3151.289,2.188,1440.0,0.238,343.0,271.0,24.0,24.0,223.0,1169.0,17.317,126.0,7638.0,5.304,238.0,65.079,40.0,171.0,58.0,17.037,8519.0,1.0,384.0,402.0,95.522,,,,,,Saturday,5,True,4,16,271,30.178,8.856,False,False,
5577150313,15764,11.78,11.78,0.0,7.65,2.15,1.98,0.0,210,65,141,425,4392,2016-04-24,4392.0,183.0,24.0,901.0,0.626,170.0,15764.0,656.833,3857.0,4392.368,3.05,1440.0,0.626,901.0,416.0,210.0,65.0,141.0,1024.0,24.138,96.0,15764.0,10.947,395.0,72.269,40.0,131.0,62.0,23.091,8338.0,1.0,543.0,615.0,88.293,,,,,,Sunday,6,True,4,16,416,49.465,50.481,True,True,
5577150313,6393,4.78,4.78,0.0,1.35,0.67,2.76,0.0,61,38,214,743,3374,2016-04-25,3374.0,140.583,24.0,473.0,0.328,122.0,6393.0,266.375,1597.0,3374.584,2.343,1440.0,0.328,473.0,313.0,61.0,38.0,214.0,1127.0,18.544,92.0,6393.0,4.44,255.0,67.545,43.0,125.0,63.0,17.383,8877.0,1.0,421.0,461.0,91.323,,,,,,Monday,0,False,4,17,313,29.64,19.489,False,True,
5577150313,5325,3.98,3.98,0.0,0.85,0.65,2.47,0.0,38,32,181,759,3088,2016-04-26,3088.0,128.667,24.0,359.0,0.249,81.0,5325.0,221.875,1128.0,3088.862,2.145,1440.0,0.249,359.0,251.0,38.0,32.0,181.0,1189.0,16.974,82.0,5325.0,3.698,208.0,65.36,40.0,122.0,61.0,16.314,8764.0,1.0,354.0,377.0,93.899,,,,,,Tuesday,1,False,4,17,251,24.851,15.139,False,False,
5577150313,6805,5.14,5.14,0.0,1.81,0.4,2.93,0.0,63,16,190,773,3294,2016-04-27,3292.0,137.167,24.0,411.0,0.285,127.0,6805.0,283.542,2153.0,3294.213,2.288,1440.0,0.285,411.0,269.0,63.0,16.0,190.0,1171.0,18.103,92.0,6805.0,4.726,240.0,66.428,42.0,130.0,62.0,17.637,8756.0,1.0,424.0,452.0,93.805,,,,,,Wednesday,2,False,4,17,269,25.816,23.42,False,True,
5577150313,9841,7.43,7.43,0.0,3.25,1.17,3.01,0.0,99,51,141,692,3580,2016-04-28,3581.0,149.208,24.0,540.0,0.375,115.0,9841.0,410.042,1635.0,3580.568,2.487,1440.0,0.375,540.0,291.0,99.0,51.0,141.0,1149.0,19.676,132.0,9841.0,6.834,270.0,70.688,40.0,171.0,64.0,20.97,9062.0,1.0,361.0,372.0,97.043,,,,,,Thursday,3,False,4,17,291,29.603,34.021,False,False,
5577150313,7924,5.92,5.92,0.0,2.84,0.61,2.47,0.0,97,36,165,739,3544,2016-04-29,3543.0,147.625,24.0,528.0,0.367,129.0,7924.0,330.167,2206.0,3544.931,2.462,1440.0,0.367,528.0,298.0,97.0,36.0,165.0,1142.0,19.481,106.0,7924.0,5.503,266.0,66.266,42.0,141.0,58.0,20.403,8712.0,1.0,459.0,485.0,94.639,,,,,,Friday,4,False,4,17,298,28.737,32.55,False,True,
5577150313,12363,9.24,9.24,0.0,5.83,0.79,2.61,0.0,207,45,163,621,4501,2016-04-30,4502.0,187.583,24.0,874.0,0.607,176.0,12363.0,515.125,2444.0,4501.426,3.126,1440.0,0.607,874.0,415.0,207.0,45.0,163.0,1025.0,24.737,102.0,12363.0,8.585,386.0,71.555,41.0,138.0,60.0,23.855,9037.0,1.0,412.0,433.0,95.15,,,,,,Saturday,5,True,4,17,415,40.058,49.88,True,False,
5577150313,13368,9.99,9.99,0.0,5.31,1.44,3.24,0.0,194,72,178,499,4546,2016-05-01,4545.0,189.375,24.0,904.0,0.628,173.0,13368.0,557.0,2161.0,4546.919,3.158,1440.0,0.628,904.0,444.0,194.0,72.0,178.0,996.0,24.987,106.0,13368.0,9.283,414.0,73.704,44.0,140.0,65.0,21.443,8923.0,1.0,379.0,398.0,95.226,,,,,,Sunday,6,True,5,17,444,47.084,43.694,True,False,
5577150313,7439,5.56,5.56,0.0,1.12,0.35,4.07,0.0,37,20,235,732,3014,2016-05-02,3011.0,125.458,24.0,386.0,0.268,118.0,7414.0,308.917,1856.0,3014.051,2.093,1440.0,0.268,386.0,292.0,37.0,20.0,235.0,1148.0,16.563,96.0,7414.0,5.149,278.0,64.609,43.0,128.0,58.0,19.726,4120.0,2.0,525.0,553.0,94.937,,,,,,Monday,0,False,5,18,292,28.516,12.671,False,True,
5577150313,11045,8.25,8.25,0.0,4.52,0.15,3.57,0.0,97,8,212,580,3795,2016-05-03,3796.0,158.167,24.0,519.0,0.36,130.0,11045.0,460.208,2557.0,3795.397,2.636,1440.0,0.36,519.0,317.0,97.0,8.0,212.0,1123.0,20.857,112.0,11045.0,7.67,266.0,70.001,42.0,154.0,65.0,20.309,8690.0,1.0,508.0,543.0,93.554,,,,,,Tuesday,1,False,5,18,317,35.34,30.599,True,True,
5577150313,5206,3.89,3.89,0.0,1.56,0.25,2.08,0.0,25,9,141,631,2755,2016-05-04,2757.0,114.875,24.0,234.0,0.162,57.0,5206.0,216.917,1673.0,2753.855,1.912,1440.0,0.162,234.0,175.0,25.0,9.0,141.0,1265.0,15.133,110.0,5206.0,3.615,157.0,62.246,36.0,143.0,58.0,14.488,8195.0,1.0,603.0,634.0,95.11,,,,,,Wednesday,2,False,5,18,175,21.712,14.286,False,True,
5577150313,7550,5.64,5.64,0.0,2.5,0.47,2.67,0.0,45,21,143,1153,3004,2016-05-05,3008.0,125.333,24.0,320.0,0.222,76.0,7550.0,314.583,2089.0,3004.952,2.087,1440.0,0.222,320.0,209.0,45.0,21.0,143.0,1231.0,16.513,104.0,7550.0,5.243,184.0,72.211,50.0,141.0,65.0,18.001,4934.0,1.0,74.0,78.0,94.872,,,,,,Thursday,3,False,5,18,209,15.345,21.531,False,False,
5577150313,4950,3.7,3.7,0.0,1.93,0.32,1.45,0.0,41,16,79,1304,2643,2016-05-06,2645.0,110.208,24.0,234.0,0.162,72.0,4950.0,206.25,1537.0,2643.408,1.836,1440.0,0.162,234.0,136.0,41.0,16.0,79.0,1304.0,14.526,96.0,4950.0,3.438,115.0,70.482,48.0,134.0,63.0,18.161,3714.0,,,,,,,,,,Friday,4,False,5,18,136,9.444,30.147,False,,
5577150313,0,0.0,0.0,0.0,0.0,0.0,0.0,0.0,0,0,0,1440,1819,2016-05-07,1824.0,76.0,24.0,0.0,0.0,0.0,0.0,0.0,0.0,1819.728,1.264,1440.0,0.0,0.0,0.0,0.0,0.0,0.0,1440.0,10.0,10.0,0.0,0.0,0.0,,,,,,,,,,,,,,,,Saturday,5,True,5,18,0,0.0,0.0,False,,
5577150313,0,0.0,0.0,0.0,0.0,0.0,0.0,0.0,0,0,0,1440,1819,2016-05-08,1824.0,76.0,24.0,0.0,0.0,0.0,0.0,0.0,0.0,1819.728,1.264,1440.0,0.0,0.0,0.0,0.0,0.0,0.0,1440.0,10.0,10.0,0.0,0.0,0.0,,,,,,,,,,,,,,,,Sunday,6,True,5,18,0,0.0,0.0,False,,
5577150313,3421,2.56,2.56,0.0,1.43,0.14,0.99,0.0,34,11,70,1099,2489,2016-05-09,2490.0,103.75,24.0,194.0,0.135,63.0,3421.0,142.542,1305.0,2489.363,1.729,1440.0,0.135,194.0,115.0,34.0,11.0,70.0,1325.0,13.68,96.0,3421.0,2.376,99.0,68.04,51.0,130.0,63.0,15.307,4373.0,,,,,,,,,,Monday,0,False,5,19,115,9.473,29.565,False,,
5577150313,8869,6.65,6.65,0.0,2.56,0.75,3.35,0.0,104,37,194,639,3841,2016-05-10,3842.0,160.083,24.0,580.0,0.403,98.0,8869.0,369.542,1911.0,3841.143,2.667,1440.0,0.403,580.0,335.0,104.0,37.0,194.0,1105.0,21.108,136.0,8869.0,6.159,278.0,75.293,42.0,172.0,71.0,20.155,11173.0,1.0,504.0,562.0,89.68,,,,,,Tuesday,1,False,5,19,335,34.394,31.045,False,True,
5577150313,4038,3.04,3.04,0.0,1.83,0.3,0.89,0.0,45,15,63,257,1665,2016-05-11,1650.0,137.5,12.0,226.0,0.314,118.0,3929.0,327.417,1589.0,1649.634,2.291,720.0,0.314,226.0,121.0,45.0,15.0,61.0,599.0,18.131,138.0,3929.0,5.457,108.0,67.041,45.0,173.0,61.0,20.601,4474.0,1.0,431.0,476.0,90.546,,,,,,Wednesday,2,False,5,19,123,32.368,36.585,False,True,
6117666160,0,0.0,0.0,0.0,0.0,0.0,0.0,0.0,0,0,0,1440,1496,2016-04-12,1488.0,62.0,24.0,0.0,0.0,0.0,0.0,0.0,0.0,1496.592,1.039,1440.0,0.0,0.0,0.0,0.0,0.0,0.0,1440.0,10.0,10.0,0.0,0.0,0.0,,,,,,,,,,,,,,,,Tuesday,1,False,4,15,0,0.0,0.0,False,,
6117666160,0,0.0,0.0,0.0,0.0,0.0,0.0,0.0,0,0,0,1440,1496,2016-04-13,1488.0,62.0,24.0,0.0,0.0,0.0,0.0,0.0,0.0,1496.592,1.039,1440.0,0.0,0.0,0.0,0.0,0.0,0.0,1440.0,10.0,10.0,0.0,0.0,0.0,,,,,,,,,,,,,,,,Wednesday,2,False,4,15,0,0.0,0.0,False,,
6117666160,0,0.0,0.0,0.0,0.0,0.0,0.0,0.0,0,0,0,1440,1496,2016-04-14,1488.0,62.0,24.0,0.0,0.0,0.0,0.0,0.0,0.0,1496.592,1.039,1440.0,0.0,0.0,0.0,0.0,0.0,0.0,1440.0,10.0,10.0,0.0,0.0,0.0,,,,,,,,,,,,,,,,Thursday,3,False,4,15,0,0.0,0.0,False,,
6117666160,14019,10.59,10.59,0.0,0.0,0.28,10.3,0.0,0,6,513,921,2865,2016-04-15,2861.0,119.208,24.0,525.0,0.365,56.0,14019.0,584.125,2175.0,2865.142,1.99,1440.0,0.365,525.0,519.0,0.0,6.0,513.0,921.0,19.144,58.0,14019.0,9.735,499.0,97.944,57.0,137.0,98.0,10.578,5443.0,,,,,,,,,,Friday,4,False,4,15,519,36.042,0.0,True,,
6117666160,14450,10.91,10.91,0.0,0.58,0.85,9.48,0.0,7,15,518,502,2828,2016-04-16,2829.0,117.875,24.0,569.0,0.395,52.0,14450.0,602.083,1549.0,2828.455,1.964,1440.0,0.395,569.0,540.0,7.0,15.0,518.0,900.0,18.899,78.0,14450.0,10.035,534.0,87.027,54.0,155.0,87.0,12.612,9688.0,1.0,380.0,398.0,95.477,,,,,,Saturday,5,True,4,15,540,51.823,1.296,True,False,
6117666160,7150,5.4,5.4,0.0,0.0,0.0,5.4,0.0,0,0,312,702,2225,2016-04-17,2222.0,92.583,24.0,312.0,0.217,45.0,7150.0,297.917,1772.0,2225.765,1.546,1440.0,0.217,312.0,312.0,0.0,0.0,312.0,1128.0,14.872,58.0,7150.0,4.965,296.0,85.353,59.0,130.0,85.0,10.878,5824.0,2.0,336.0,350.0,96.0,,,,,,Sunday,6,True,4,15,312,30.769,0.0,False,False,
6117666160,5153,3.91,3.91,0.0,0.0,0.0,3.89,0.0,0,0,241,759,2018,2016-04-18,2018.0,84.083,24.0,241.0,0.167,33.0,5153.0,214.708,927.0,2018.944,1.402,1440.0,0.167,241.0,241.0,0.0,0.0,241.0,1199.0,13.49,56.0,5153.0,3.578,241.0,82.914,61.0,116.0,81.0,10.372,4125.0,2.0,493.0,510.0,96.667,,,,,,Monday,0,False,4,16,241,24.1,0.0,False,True,
6117666160,11135,8.41,8.41,0.0,0.0,0.0,8.41,0.0,0,0,480,425,2606,2016-04-19,2604.0,108.5,24.0,480.0,0.333,50.0,11135.0,463.958,1202.0,2606.668,1.81,1440.0,0.333,480.0,480.0,0.0,0.0,480.0,960.0,17.417,60.0,11135.0,7.733,467.0,83.508,53.0,124.0,84.0,15.713,9169.0,1.0,465.0,492.0,94.512,,,,,,Tuesday,1,False,4,16,480,53.039,0.0,True,True,
6117666160,10449,8.02,8.02,0.0,2.03,0.48,5.52,0.0,26,10,349,587,2536,2016-04-20,2534.0,105.583,24.0,447.0,0.31,71.0,10449.0,435.375,2448.0,2536.204,1.761,1440.0,0.31,447.0,385.0,26.0,10.0,349.0,1055.0,16.947,100.0,10449.0,7.256,359.0,85.504,52.0,181.0,86.0,18.101,9182.0,1.0,474.0,502.0,94.422,,,,,,Wednesday,2,False,4,16,385,39.609,6.753,True,True,
6117666160,19542,15.01,15.01,0.0,0.98,0.4,5.62,0.0,11,19,294,579,4900,2016-04-21,2365.0,98.542,24.0,365.0,0.253,61.0,9093.0,378.875,1798.0,2366.694,1.644,1440.0,0.253,365.0,324.0,11.0,19.0,294.0,1116.0,15.814,79.0,9093.0,6.315,312.0,79.402,52.0,154.0,80.0,15.779,7416.0,1.0,508.0,550.0,92.364,,,,,,Thursday,3,False,4,16,324,35.88,3.395,True,True,
6117666160,8206,6.2,6.2,0.0,0.0,0.0,6.2,0.0,0,0,402,413,2409,2016-04-22,2410.0,100.417,24.0,402.0,0.279,47.0,8206.0,341.917,976.0,2409.721,1.673,1440.0,0.279,402.0,402.0,0.0,0.0,402.0,1038.0,16.101,63.0,8206.0,5.699,397.0,81.702,53.0,139.0,82.0,12.431,9012.0,1.0,480.0,546.0,87.912,,,,,,Friday,4,False,4,16,402,49.325,0.0,False,True,
6117666160,11495,8.68,8.68,0.0,0.0,0.0,8.68,0.0,0,0,512,468,2651,2016-04-23,2652.0,110.5,24.0,512.0,0.356,50.0,11495.0,478.958,1211.0,2650.423,1.841,1440.0,0.356,512.0,512.0,0.0,0.0,512.0,928.0,17.71,58.0,11495.0,7.983,506.0,81.795,54.0,121.0,84.0,12.974,9450.0,1.0,492.0,539.0,91.28,,,,,,Saturday,5,True,4,16,512,52.245,0.0,True,True,
6117666160,7623,5.76,5.76,0.0,0.0,0.0,5.76,0.0,0,0,362,711,2305,2016-04-24,2302.0,95.917,24.0,362.0,0.251,50.0,7623.0,317.625,1249.0,2305.167,1.601,1440.0,0.251,362.0,362.0,0.0,0.0,362.0,1078.0,15.403,72.0,7623.0,5.294,357.0,84.206,55.0,129.0,83.0,11.921,5331.0,1.0,353.0,367.0,96.185,,,,,,Sunday,6,True,4,16,362,33.737,0.0,False,False,
6117666160,0,0.0,0.0,0.0,0.0,0.0,0.0,0.0,0,0,0,1440,1497,2016-04-25,1488.0,62.0,24.0,0.0,0.0,0.0,0.0,0.0,0.0,1496.592,1.039,1440.0,0.0,0.0,0.0,0.0,0.0,0.0,1440.0,10.0,10.0,0.0,0.0,0.0,,,,,,,,,,,,,,,,Monday,0,False,4,17,0,0.0,0.0,False,,
6117666160,9543,7.21,7.21,0.0,0.0,0.34,6.87,0.0,0,7,352,1077,2450,2016-04-26,2448.0,102.0,24.0,366.0,0.254,45.0,9543.0,397.625,1098.0,2450.254,1.702,1440.0,0.254,366.0,359.0,0.0,7.0,352.0,1081.0,16.372,60.0,9543.0,6.627,343.0,90.573,60.0,136.0,92.0,12.023,6372.0,,,,,,,,,,Tuesday,1,False,4,17,359,25.0,0.0,False,,
6117666160,9411,7.11,7.11,0.0,0.0,0.0,7.11,0.0,0,0,458,417,2576,2016-04-27,2580.0,107.5,24.0,458.0,0.318,50.0,9411.0,392.125,1076.0,2576.84,1.789,1440.0,0.318,458.0,458.0,0.0,0.0,458.0,982.0,17.218,60.0,9411.0,6.535,440.0,83.149,52.0,126.0,84.0,15.661,9172.0,1.0,542.0,557.0,97.307,,,,,,Wednesday,2,False,4,17,458,52.343,0.0,False,True,
6117666160,3403,2.6,2.6,0.0,0.0,0.0,2.6,0.0,0,0,141,758,1879,2016-04-28,1880.0,78.333,24.0,141.0,0.098,32.0,3403.0,141.792,818.0,1879.782,1.305,1440.0,0.098,141.0,141.0,0.0,0.0,141.0,1299.0,12.56,79.0,3403.0,2.363,131.0,80.095,54.0,145.0,81.0,12.109,8044.0,1.0,393.0,416.0,94.471,,,,,,Thursday,3,False,4,17,141,15.684,0.0,False,False,
6117666160,9592,7.24,7.24,0.0,0.0,0.0,7.24,0.0,0,0,461,479,2560,2016-04-29,2563.0,106.792,24.0,461.0,0.32,48.0,9592.0,399.667,1147.0,2560.315,1.778,1440.0,0.32,461.0,461.0,0.0,0.0,461.0,979.0,17.108,58.0,9592.0,6.661,450.0,82.162,55.0,121.0,82.0,13.326,9180.0,1.0,600.0,636.0,94.34,,,,,,Friday,4,False,4,17,461,49.043,0.0,False,True,
6117666160,6987,5.28,5.28,0.0,0.0,0.0,5.28,0.0,0,0,343,1040,2275,2016-04-30,2274.0,94.75,24.0,343.0,0.238,36.0,6987.0,291.125,1104.0,2275.651,1.58,1440.0,0.238,343.0,343.0,0.0,0.0,343.0,1097.0,15.206,98.0,6987.0,4.852,338.0,85.345,53.0,189.0,85.0,11.568,5683.0,,,,,,,,,,Saturday,5,True,4,17,343,24.801,0.0,False,,
6117666160,8915,6.73,6.73,0.0,0.0,0.0,6.73,0.0,0,0,397,525,2361,2016-05-01,2359.0,98.292,24.0,397.0,0.276,50.0,8915.0,371.458,1252.0,2361.082,1.64,1440.0,0.276,397.0,397.0,0.0,0.0,397.0,1043.0,15.776,64.0,8915.0,6.191,396.0,77.439,55.0,114.0,75.0,10.862,4946.0,1.0,507.0,575.0,88.174,,,,,,Sunday,6,True,5,17,397,43.059,0.0,False,True,
6117666160,4933,3.73,3.73,0.0,0.0,0.0,3.73,0.0,0,0,236,1204,2044,2016-05-02,2036.0,84.833,24.0,235.0,0.163,48.0,4927.0,205.292,903.0,2042.121,1.418,1440.0,0.163,235.0,235.0,0.0,0.0,235.0,1205.0,13.645,48.0,4927.0,3.422,229.0,91.671,61.0,123.0,92.0,10.152,2529.0,,,,,,,,,,Monday,0,False,5,18,236,16.389,0.0,False,,
6117666160,0,0.0,0.0,0.0,0.0,0.0,0.0,0.0,0,0,0,1440,1496,2016-05-03,1488.0,62.0,24.0,0.0,0.0,0.0,0.0,0.0,0.0,1496.592,1.039,1440.0,0.0,0.0,0.0,0.0,0.0,0.0,1440.0,10.0,10.0,0.0,0.0,0.0,,,,,,,,,,,,,,,,Tuesday,1,False,5,18,0,0.0,0.0,False,,
6117666160,2997,2.26,2.26,0.0,0.0,0.0,2.26,0.0,0,0,156,1279,1902,2016-05-04,1896.0,79.0,24.0,156.0,0.108,48.0,2997.0,124.875,907.0,1902.023,1.321,1440.0,0.108,156.0,156.0,0.0,0.0,156.0,1284.0,12.709,46.0,2997.0,2.081,147.0,92.898,62.0,124.0,94.0,14.367,2270.0,,,,,,,,,,Wednesday,2,False,5,18,156,10.871,0.0,False,,
6117666160,9799,7.4,7.4,0.0,0.0,0.0,7.4,0.0,0,0,487,479,2636,2016-05-05,2637.0,109.875,24.0,487.0,0.338,45.0,9799.0,408.292,880.0,2636.6,1.831,1440.0,0.338,487.0,487.0,0.0,0.0,487.0,953.0,17.617,52.0,9799.0,6.805,480.0,84.719,52.0,120.0,86.0,14.617,9413.0,1.0,392.0,415.0,94.458,,,,,,Thursday,3,False,5,18,487,50.414,0.0,False,False,
6117666160,3365,2.68,2.68,0.0,0.0,0.0,2.68,0.0,0,0,133,673,1838,2016-05-06,1840.0,76.667,24.0,133.0,0.092,31.0,3365.0,140.208,1149.0,1837.067,1.276,1440.0,0.092,133.0,133.0,0.0,0.0,133.0,1307.0,12.275,123.0,3365.0,2.337,131.0,76.573,54.0,126.0,76.0,9.626,3483.0,2.0,658.0,698.0,94.269,,,,,,Friday,4,False,5,18,133,16.501,0.0,False,True,
6117666160,7336,5.54,5.54,0.0,0.0,0.0,5.54,0.0,0,0,412,456,2469,2016-05-07,2468.0,102.833,24.0,412.0,0.286,45.0,7336.0,305.667,878.0,2469.169,1.715,1440.0,0.286,412.0,412.0,0.0,0.0,412.0,1028.0,16.499,48.0,7336.0,5.094,388.0,83.879,54.0,126.0,84.0,13.924,9044.0,2.0,498.0,507.0,98.225,,,,,,Saturday,5,True,5,18,412,47.465,0.0,False,True,
6117666160,7328,5.53,5.53,0.0,0.0,0.0,5.53,0.0,0,0,318,517,2250,2016-05-08,2255.0,93.958,24.0,318.0,0.221,43.0,7328.0,305.333,1569.0,2250.812,1.563,1440.0,0.221,318.0,318.0,0.0,0.0,318.0,1122.0,15.04,50.0,7328.0,5.089,316.0,81.141,52.0,118.0,81.0,12.572,9173.0,1.0,555.0,603.0,92.04,,,,,,Sunday,6,True,5,18,318,38.084,0.0,False,True,
6117666160,4477,3.38,3.38,0.0,0.0,0.0,3.38,0.0,0,0,197,125,1248,2016-05-09,1085.0,90.417,12.0,155.0,0.215,37.0,3297.0,274.75,860.0,1085.445,1.508,720.0,0.215,155.0,155.0,0.0,0.0,155.0,565.0,14.506,52.0,3297.0,4.579,155.0,76.466,52.0,113.0,75.0,14.093,4950.0,1.0,492.0,522.0,94.253,,,,,,Monday,0,False,5,19,197,61.18,0.0,False,True,
6290855005,4562,3.45,3.45,0.0,0.0,0.0,3.45,0.0,0,0,199,1241,2560,2016-04-12,2563.0,106.792,24.0,199.0,0.138,26.0,4562.0,190.083,1002.0,2560.059,1.778,1440.0,0.138,199.0,199.0,0.0,0.0,199.0,1241.0,12.424,56.0,4562.0,3.168,132.0,,,,,,,,,,,,,,,,Tuesday,1,False,4,15,199,13.819,0.0,False,,
6290855005,7142,5.4,5.4,0.0,0.0,0.0,5.39,0.01,0,0,350,1090,2905,2016-04-13,2908.0,121.167,24.0,350.0,0.243,32.0,7142.0,297.583,1061.0,2905.216,2.018,1440.0,0.243,350.0,350.0,0.0,0.0,350.0,1090.0,14.099,52.0,7142.0,4.96,232.0,,,,,,,,,,,,,,,,Wednesday,2,False,4,15,350,24.306,0.0,False,,
6290855005,7671,5.8,5.8,0.0,0.0,0.0,5.77,0.03,0,0,363,1077,2952,2016-04-14,2952.0,123.0,24.0,363.0,0.252,36.0,7671.0,319.625,851.0,2952.439,2.05,1440.0,0.252,363.0,363.0,0.0,0.0,363.0,1077.0,14.328,54.0,7671.0,5.327,228.0,,,,,,,,,,,,,,,,Thursday,3,False,4,15,363,25.208,0.0,False,,
6290855005,9501,7.18,7.18,0.0,0.0,0.0,7.17,0.01,0,0,328,1112,2896,2016-04-15,2897.0,120.708,24.0,328.0,0.228,34.0,9501.0,395.875,936.0,2896.344,2.011,1440.0,0.228,328.0,328.0,0.0,0.0,328.0,1112.0,14.056,52.0,9501.0,6.598,226.0,,,,,,,,,,,,,,,,Friday,4,False,4,15,328,22.778,0.0,False,,
6290855005,8301,6.28,6.28,0.0,0.0,0.0,6.27,0.01,0,0,258,1182,2783,2016-04-16,2787.0,116.125,24.0,258.0,0.179,41.0,8301.0,345.875,1841.0,2783.867,1.933,1440.0,0.179,258.0,258.0,0.0,0.0,258.0,1182.0,13.51,62.0,8301.0,5.765,189.0,,,,,,,,,,,,,,,,Saturday,5,True,4,15,258,17.917,0.0,False,,
6290855005,7851,5.94,5.94,0.0,1.14,0.79,4.0,0.0,31,12,225,1172,3171,2016-04-17,3173.0,132.208,24.0,342.0,0.238,91.0,7851.0,327.125,2033.0,3171.711,2.203,1440.0,0.238,342.0,268.0,31.0,12.0,225.0,1172.0,15.392,138.0,7851.0,5.452,197.0,,,,,,,,,,,,,,,,Sunday,6,True,4,15,268,18.611,11.567,False,,
6290855005,6885,5.21,5.21,0.0,0.0,0.0,5.19,0.02,0,0,271,1169,2766,2016-04-18,2767.0,115.292,24.0,271.0,0.188,40.0,6885.0,286.875,1051.0,2766.409,1.921,1440.0,0.188,271.0,271.0,0.0,0.0,271.0,1169.0,13.425,56.0,6885.0,4.781,207.0,,,,,,,,,,,,,,,,Monday,0,False,4,16,271,18.819,0.0,False,,
6290855005,7142,5.4,5.4,0.0,0.0,0.0,5.39,0.01,0,0,321,1119,2839,2016-04-19,2843.0,118.458,24.0,321.0,0.223,41.0,7142.0,297.583,966.0,2839.39,1.972,1440.0,0.223,321.0,321.0,0.0,0.0,321.0,1119.0,13.779,52.0,7142.0,4.96,245.0,,,,,,,,,,,,,,,,Tuesday,1,False,4,16,321,22.292,0.0,False,,
6290855005,6361,4.81,4.81,0.0,0.0,0.0,4.8,0.01,0,0,258,1182,2701,2016-04-20,2703.0,112.625,24.0,258.0,0.179,36.0,6361.0,265.042,1030.0,2701.156,1.876,1440.0,0.179,258.0,258.0,0.0,0.0,258.0,1182.0,13.108,46.0,6361.0,4.417,183.0,,,,,,,,,,,,,,,,Wednesday,2,False,4,16,258,17.917,0.0,False,,
6290855005,0,0.0,0.0,0.0,0.0,0.0,0.0,0.0,0,0,0,1440,2060,2016-04-21,2064.0,86.0,24.0,0.0,0.0,0.0,0.0,0.0,0.0,2060.64,1.431,1440.0,0.0,0.0,0.0,0.0,0.0,0.0,1440.0,10.0,10.0,0.0,0.0,0.0,,,,,,,,,,,,,,,,Thursday,3,False,4,16,0,0.0,0.0,False,,
6290855005,6238,4.72,4.72,0.0,0.0,0.0,4.72,0.0,0,0,302,1138,2796,2016-04-22,2798.0,116.583,24.0,302.0,0.21,33.0,6238.0,259.917,1071.0,2796.174,1.942,1440.0,0.21,302.0,302.0,0.0,0.0,302.0,1138.0,13.569,54.0,6238.0,4.332,186.0,,,,,,,,,,,,,,,,Friday,4,False,4,16,302,20.972,0.0,False,,
6290855005,0,0.0,0.0,0.0,0.0,0.0,0.0,0.0,33,0,0,1407,2664,2016-04-23,2668.0,111.167,24.0,99.0,0.069,72.0,0.0,0.0,0.0,2664.419,1.85,1440.0,0.069,99.0,33.0,33.0,0.0,0.0,1407.0,12.933,138.0,0.0,0.0,0.0,,,,,,,,,,,,,,,,Saturday,5,True,4,16,33,2.292,100.0,False,,
6290855005,5896,4.46,4.46,0.0,0.0,0.0,4.46,0.0,0,0,258,1182,2703,2016-04-24,2705.0,112.708,24.0,258.0,0.179,45.0,5896.0,245.667,2029.0,2703.731,1.878,1440.0,0.179,258.0,258.0,0.0,0.0,258.0,1182.0,13.121,52.0,5896.0,4.094,158.0,,,,,,,,,,,,,,,,Sunday,6,True,4,16,258,17.917,0.0,False,,
6290855005,7802,5.9,5.9,0.0,0.68,0.18,5.03,0.01,8,3,249,1180,2771,2016-04-25,2774.0,115.583,24.0,279.0,0.194,52.0,7802.0,325.083,1935.0,2771.561,1.925,1440.0,0.194,279.0,260.0,8.0,3.0,249.0,1180.0,13.45,72.0,7802.0,5.418,195.0,,,,,,,,,,,,,,,,Monday,0,False,4,17,260,18.056,3.077,False,,
6290855005,0,0.0,0.0,0.0,0.0,0.0,0.0,0.0,0,0,0,1440,2060,2016-04-26,2064.0,86.0,24.0,0.0,0.0,0.0,0.0,0.0,0.0,2060.64,1.431,1440.0,0.0,0.0,0.0,0.0,0.0,0.0,1440.0,10.0,10.0,0.0,0.0,0.0,,,,,,,,,,,,,,,,Tuesday,1,False,4,17,0,0.0,0.0,False,,
6290855005,5565,4.21,4.21,0.0,0.0,0.0,4.18,0.03,0,0,287,1153,2743,2016-04-27,2746.0,114.417,24.0,287.0,0.199,38.0,5565.0,231.875,934.0,2743.513,1.905,1440.0,0.199,287.0,287.0,0.0,0.0,287.0,1153.0,13.314,46.0,5565.0,3.865,173.0,,,,,,,,,,,,,,,,Wednesday,2,False,4,17,287,19.931,0.0,False,,
6290855005,5731,4.33,4.33,0.0,0.0,0.0,4.33,0.0,0,0,255,1185,2687,2016-04-28,2690.0,112.083,24.0,255.0,0.177,35.0,5731.0,238.792,1121.0,2687.418,1.866,1440.0,0.177,255.0,255.0,0.0,0.0,255.0,1185.0,13.042,46.0,5731.0,3.98,162.0,,,,,,,,,,,,,,,,Thursday,3,False,4,17,255,17.708,0.0,False,,
6290855005,0,0.0,0.0,0.0,0.0,0.0,0.0,0.0,0,0,0,1440,2060,2016-04-29,2064.0,86.0,24.0,0.0,0.0,0.0,0.0,0.0,0.0,2060.64,1.431,1440.0,0.0,0.0,0.0,0.0,0.0,0.0,1440.0,10.0,10.0,0.0,0.0,0.0,,,,,,,,,,,,,,,,Friday,4,False,4,17,0,0.0,0.0,False,,
6290855005,6744,5.1,5.1,0.0,0.0,0.0,5.09,0.01,0,0,324,1116,2843,2016-04-30,2846.0,118.583,24.0,324.0,0.225,53.0,6744.0,281.0,1937.0,2843.683,1.975,1440.0,0.225,324.0,324.0,0.0,0.0,324.0,1116.0,13.8,42.0,6744.0,4.683,202.0,,,,,,,,,,,,,,,,Saturday,5,True,4,17,324,22.5,0.0,False,,
6290855005,9837,7.44,7.44,0.0,0.66,2.75,4.0,0.02,8,95,282,1055,3327,2016-05-01,3328.0,138.667,24.0,496.0,0.344,102.0,9837.0,409.875,3258.0,3327.192,2.311,1440.0,0.344,496.0,385.0,8.0,95.0,282.0,1055.0,16.165,66.0,9837.0,6.831,201.0,,,,,,,,,,,,,,,,Sunday,6,True,5,17,385,26.736,2.078,False,,
6290855005,6781,5.13,5.13,0.0,0.0,0.0,5.11,0.02,0,0,268,1172,2725,2016-05-02,2725.0,113.542,24.0,268.0,0.186,36.0,6781.0,282.542,1178.0,2725.196,1.892,1440.0,0.186,268.0,268.0,0.0,0.0,268.0,1172.0,13.225,46.0,6781.0,4.709,183.0,,,,,,,,,,,,,,,,Monday,0,False,5,18,268,18.611,0.0,False,,
6290855005,6047,4.57,4.57,0.0,0.0,0.0,4.57,0.0,0,0,240,1200,2671,2016-05-03,2674.0,111.417,24.0,240.0,0.167,33.0,6047.0,251.958,1014.0,2671.391,1.855,1440.0,0.167,240.0,240.0,0.0,0.0,240.0,1200.0,12.964,52.0,6047.0,4.199,196.0,,,,,,,,,,,,,,,,Tuesday,1,False,5,18,240,16.667,0.0,False,,
6290855005,5832,4.41,4.41,0.0,0.0,0.0,4.4,0.01,0,0,272,1168,2718,2016-05-04,2720.0,113.333,24.0,272.0,0.189,34.0,5832.0,243.0,945.0,2718.614,1.888,1440.0,0.189,272.0,272.0,0.0,0.0,272.0,1168.0,13.193,50.0,5832.0,4.05,193.0,,,,,,,,,,,,,,,,Wednesday,2,False,5,18,272,18.889,0.0,False,,
6290855005,6339,4.79,4.79,0.0,0.0,0.0,4.79,0.0,0,0,239,1201,2682,2016-05-05,2685.0,111.875,24.0,239.0,0.166,40.0,6339.0,264.125,1189.0,2682.839,1.863,1440.0,0.166,239.0,239.0,0.0,0.0,239.0,1201.0,13.019,52.0,6339.0,4.402,176.0,,,,,,,,,,,,,,,,Thursday,3,False,5,18,239,16.597,0.0,False,,
6290855005,6116,4.62,4.62,0.0,0.0,0.0,4.59,0.03,0,0,305,1135,2806,2016-05-06,2807.0,116.958,24.0,305.0,0.212,33.0,6116.0,254.833,1200.0,2806.763,1.949,1440.0,0.212,305.0,305.0,0.0,0.0,305.0,1135.0,13.621,52.0,6116.0,4.247,185.0,,,,,,,,,,,,,,,,Friday,4,False,5,18,305,21.181,0.0,False,,
6290855005,5510,4.17,4.17,0.0,0.0,0.0,4.16,0.0,0,0,227,1213,2613,2016-05-07,2616.0,109.0,24.0,227.0,0.158,36.0,5510.0,229.583,1259.0,2613.578,1.815,1440.0,0.158,227.0,227.0,0.0,0.0,227.0,1213.0,12.683,38.0,5510.0,3.826,170.0,,,,,,,,,,,,,,,,Saturday,5,True,5,18,227,15.764,0.0,False,,
6290855005,7706,5.83,5.83,0.0,0.0,0.0,5.82,0.0,0,0,251,1189,2712,2016-05-08,2713.0,113.042,24.0,251.0,0.174,45.0,7706.0,321.083,2117.0,2712.317,1.884,1440.0,0.174,251.0,251.0,0.0,0.0,251.0,1189.0,13.162,46.0,7706.0,5.351,192.0,,,,,,,,,,,,,,,,Sunday,6,True,5,18,251,17.431,0.0,False,,
6290855005,6277,4.75,4.75,0.0,0.0,0.0,4.73,0.02,0,0,264,800,2175,2016-05-09,2097.0,123.353,17.0,257.0,0.252,36.0,6118.0,359.882,1255.0,2094.412,2.053,1020.0,0.252,257.0,257.0,0.0,0.0,257.0,763.0,14.349,50.0,6118.0,5.998,188.0,,,,,,,,,,,,,,,,Monday,0,False,5,19,264,24.812,0.0,False,,
6290855005,0,0.0,0.0,0.0,0.0,0.0,0.0,0.0,0,0,0,1440,0,2016-05-10,,,,,,,,,,,,,,,,,,,,,,,,,,,,,,,,,,,,,,,,Tuesday,1,False,5,19,0,0.0,0.0,False,,
6775888955,0,0.0,0.0,0.0,0.0,0.0,0.0,0.0,0,0,0,1440,1841,2016-04-12,1848.0,77.0,24.0,0.0,0.0,0.0,0.0,0.0,0.0,1841.04,1.278,1440.0,0.0,0.0,0.0,0.0,0.0,0.0,1440.0,10.0,10.0,0.0,0.0,0.0,,,,,,,,,,,,,,,,Tuesday,1,False,4,15,0,0.0,0.0,False,,
6775888955,4053,2.91,2.91,0.0,1.11,0.58,1.22,0.0,17,18,85,1053,2400,2016-04-13,2401.0,100.042,24.0,172.0,0.119,41.0,4053.0,168.875,1200.0,2400.767,1.667,1440.0,0.119,172.0,120.0,17.0,18.0,85.0,1320.0,13.04,70.0,4053.0,2.815,110.0,82.72,55.0,135.0,79.0,16.013,4371.0,1.0,235.0,260.0,90.385,,,,,,Wednesday,2,False,4,15,120,10.23,14.167,False,False,
6775888955,5162,3.7,3.7,0.0,0.87,0.86,1.97,0.0,14,24,105,863,2507,2016-04-14,2508.0,104.5,24.0,195.0,0.135,56.0,5162.0,215.083,1196.0,2507.522,1.741,1440.0,0.135,195.0,143.0,14.0,24.0,105.0,1297.0,13.62,72.0,5162.0,3.585,133.0,79.268,57.0,134.0,74.0,15.152,6099.0,1.0,423.0,441.0,95.918,,,,,,Thursday,3,False,4,15,143,14.215,9.79,False,True,
6775888955,1282,0.92,0.92,0.0,0.0,0.0,0.92,0.0,0,0,58,976,2127,2016-04-15,2131.0,88.792,24.0,58.0,0.04,28.0,1282.0,53.417,648.0,2127.935,1.478,1440.0,0.04,58.0,58.0,0.0,0.0,58.0,1382.0,11.558,66.0,1282.0,0.89,50.0,80.595,62.0,126.0,76.0,12.016,3455.0,1.0,391.0,406.0,96.305,,,,,,Friday,4,False,4,15,58,5.609,0.0,False,False,
6775888955,4732,3.39,3.39,0.0,2.52,0.81,0.06,0.0,36,18,9,1377,2225,2016-04-16,2231.0,92.958,24.0,153.0,0.106,112.0,4732.0,197.167,3629.0,2225.101,1.545,1440.0,0.106,153.0,63.0,36.0,18.0,9.0,1377.0,12.086,80.0,4732.0,3.286,58.0,108.616,70.0,143.0,109.0,8.034,589.0,,,,,,,,,,Saturday,5,True,4,15,63,4.375,57.143,False,,
6775888955,2497,1.79,1.79,0.0,0.35,1.13,0.31,0.0,5,24,19,1392,2067,2016-04-17,2074.0,86.417,24.0,82.0,0.057,74.0,2497.0,104.042,2303.0,2067.207,1.436,1440.0,0.057,82.0,48.0,5.0,24.0,19.0,1392.0,11.228,66.0,2497.0,1.734,48.0,102.369,70.0,118.0,104.0,6.891,469.0,,,,,,,,,,Sunday,6,True,4,15,48,3.333,10.417,False,,
6775888955,8294,5.95,5.95,0.0,2.0,0.77,3.17,0.0,30,31,146,1233,2798,2016-04-18,2803.0,116.792,24.0,298.0,0.207,83.0,8294.0,345.583,2492.0,2798.253,1.943,1440.0,0.207,298.0,207.0,30.0,31.0,146.0,1233.0,15.199,74.0,8294.0,5.76,198.0,97.719,66.0,177.0,97.0,13.603,2549.0,,,,,,,,,,Monday,0,False,4,16,207,14.375,14.493,False,,
6775888955,0,0.0,0.0,0.0,0.0,0.0,0.0,0.0,0,0,0,1440,1841,2016-04-19,1848.0,77.0,24.0,0.0,0.0,0.0,0.0,0.0,0.0,1841.04,1.278,1440.0,0.0,0.0,0.0,0.0,0.0,0.0,1440.0,10.0,10.0,0.0,0.0,0.0,99.462,66.0,177.0,83.0,43.709,26.0,,,,,,,,,,Tuesday,1,False,4,16,0,0.0,0.0,False,,
6775888955,10771,7.72,7.72,0.0,3.77,1.74,2.22,0.0,70,113,178,1079,3727,2016-04-20,3731.0,155.458,24.0,614.0,0.426,91.0,10771.0,448.792,1707.0,3727.339,2.588,1440.0,0.426,614.0,361.0,70.0,113.0,178.0,1079.0,20.246,88.0,10771.0,7.48,286.0,105.636,70.0,155.0,107.0,12.437,4389.0,,,,,,,,,,Wednesday,2,False,4,16,361,25.069,19.391,True,,
6775888955,0,0.0,0.0,0.0,0.0,0.0,0.0,0.0,0,0,0,1440,1841,2016-04-21,1848.0,77.0,24.0,0.0,0.0,0.0,0.0,0.0,0.0,1841.04,1.278,1440.0,0.0,0.0,0.0,0.0,0.0,0.0,1440.0,10.0,10.0,0.0,0.0,0.0,,,,,,,,,,,,,,,,Thursday,3,False,4,16,0,0.0,0.0,False,,
6775888955,637,0.46,0.46,0.0,0.0,0.0,0.46,0.0,0,0,20,1420,1922,2016-04-22,1929.0,80.375,24.0,20.0,0.014,18.0,637.0,26.542,594.0,1922.736,1.335,1440.0,0.014,20.0,20.0,0.0,0.0,20.0,1420.0,10.444,52.0,637.0,0.442,20.0,90.888,66.0,123.0,89.0,12.382,340.0,,,,,,,,,,Friday,4,False,4,16,20,1.389,0.0,False,,
6775888955,0,0.0,0.0,0.0,0.0,0.0,0.0,0.0,0,0,0,1440,1841,2016-04-23,1848.0,77.0,24.0,0.0,0.0,0.0,0.0,0.0,0.0,1841.04,1.278,1440.0,0.0,0.0,0.0,0.0,0.0,0.0,1440.0,10.0,10.0,0.0,0.0,0.0,,,,,,,,,,,,,,,,Saturday,5,True,4,16,0,0.0,0.0,False,,
6775888955,2153,1.54,1.54,0.0,0.77,0.62,0.15,0.0,11,18,11,1400,2053,2016-04-24,2059.0,85.792,24.0,80.0,0.056,45.0,2153.0,89.708,1411.0,2053.271,1.426,1440.0,0.056,80.0,40.0,11.0,18.0,11.0,1400.0,11.153,68.0,2153.0,1.495,39.0,109.79,70.0,140.0,111.0,8.77,347.0,,,,,,,,,,Sunday,6,True,4,16,40,2.778,27.5,False,,
6775888955,6474,4.64,4.64,0.0,2.27,0.46,1.9,0.0,33,13,92,1302,2484,2016-04-25,2487.0,103.625,24.0,217.0,0.151,77.0,6463.0,269.292,2719.0,2482.463,1.724,1440.0,0.151,217.0,138.0,33.0,13.0,92.0,1302.0,13.484,80.0,6463.0,4.488,137.0,94.665,58.0,131.0,94.0,15.337,1805.0,,,,,,,,,,Monday,0,False,4,17,138,9.583,23.913,False,,
6775888955,7091,5.27,5.27,1.96,3.48,0.87,0.73,0.0,42,30,47,1321,2584,2016-04-26,2590.0,107.917,24.0,233.0,0.162,79.0,7091.0,295.458,3241.0,2584.743,1.795,1440.0,0.162,233.0,119.0,42.0,30.0,47.0,1321.0,14.04,95.0,7091.0,4.924,111.0,99.66,56.0,143.0,107.0,22.661,1651.0,,,,,,,,,,Tuesday,1,False,4,17,119,8.264,35.294,False,,
6775888955,0,0.0,0.0,0.0,0.0,0.0,0.0,0.0,0,0,0,1440,1841,2016-04-27,1848.0,77.0,24.0,0.0,0.0,0.0,0.0,0.0,0.0,1841.04,1.278,1440.0,0.0,0.0,0.0,0.0,0.0,0.0,1440.0,10.0,10.0,0.0,0.0,0.0,,,,,,,,,,,,,,,,Wednesday,2,False,4,17,0,0.0,0.0,False,,
6775888955,703,0.5,0.5,0.0,0.06,0.2,0.24,0.0,2,13,15,1410,1993,2016-04-28,2000.0,83.333,24.0,47.0,0.033,42.0,703.0,29.292,615.0,1993.054,1.384,1440.0,0.033,47.0,30.0,2.0,13.0,15.0,1410.0,10.826,68.0,703.0,0.488,25.0,104.709,70.0,134.0,111.0,18.933,309.0,,,,,,,,,,Thursday,3,False,4,17,30,2.083,6.667,False,,
6775888955,0,0.0,0.0,0.0,0.0,0.0,0.0,0.0,0,0,0,1440,1841,2016-04-29,1848.0,77.0,24.0,0.0,0.0,0.0,0.0,0.0,0.0,1841.807,1.279,1440.0,0.0,0.0,0.0,0.0,0.0,0.0,1440.0,10.004,14.0,0.0,0.0,0.0,81.789,70.0,109.0,71.0,14.417,19.0,,,,,,,,,,Friday,4,False,4,17,0,0.0,0.0,False,,
6775888955,2503,1.79,1.79,0.0,0.16,0.16,1.48,0.0,3,9,84,1344,2280,2016-04-30,2286.0,95.25,24.0,111.0,0.077,42.0,2503.0,104.292,828.0,2280.333,1.584,1440.0,0.077,111.0,96.0,3.0,9.0,84.0,1344.0,12.386,68.0,2503.0,1.738,90.0,96.102,68.0,125.0,94.0,9.991,1811.0,,,,,,,,,,Saturday,5,True,4,17,96,6.667,3.125,False,,
6775888955,2487,1.78,1.78,0.0,0.48,0.62,0.68,0.0,9,34,50,1347,2319,2016-05-01,2325.0,96.875,24.0,145.0,0.101,52.0,2487.0,103.625,1002.0,2319.582,1.611,1440.0,0.101,145.0,93.0,9.0,34.0,50.0,1347.0,12.599,72.0,2487.0,1.727,77.0,107.139,70.0,129.0,109.0,12.409,1085.0,,,,,,,,,,Sunday,6,True,5,17,93,6.458,9.677,False,,
6775888955,0,0.0,0.0,0.0,0.0,0.0,0.0,0.0,0,0,0,1440,1841,2016-05-02,1848.0,77.0,24.0,0.0,0.0,0.0,0.0,0.0,0.0,1841.168,1.279,1440.0,0.0,0.0,0.0,0.0,0.0,0.0,1440.0,10.001,11.0,0.0,0.0,0.0,,,,,,,,,,,,,,,,Monday,0,False,5,18,0,0.0,0.0,False,,
6775888955,9,0.01,0.01,0.0,0.0,0.0,0.01,0.0,0,0,1,1439,1843,2016-05-03,1850.0,77.083,24.0,1.0,0.001,1.0,9.0,0.375,9.0,1843.341,1.28,1440.0,0.001,1.0,1.0,0.0,0.0,1.0,1439.0,10.012,26.0,9.0,0.006,1.0,,,,,,,,,,,,,,,,Tuesday,1,False,5,18,1,0.069,0.0,False,,
6775888955,0,0.0,0.0,0.0,0.0,0.0,0.0,0.0,0,0,0,1440,1841,2016-05-04,1848.0,77.0,24.0,0.0,0.0,0.0,0.0,0.0,0.0,1841.04,1.278,1440.0,0.0,0.0,0.0,0.0,0.0,0.0,1440.0,10.0,10.0,0.0,0.0,0.0,,,,,,,,,,,,,,,,Wednesday,2,False,5,18,0,0.0,0.0,False,,
6775888955,0,0.0,0.0,0.0,0.0,0.0,0.0,0.0,0,0,0,1440,1841,2016-05-05,1848.0,77.0,24.0,0.0,0.0,0.0,0.0,0.0,0.0,1841.04,1.278,1440.0,0.0,0.0,0.0,0.0,0.0,0.0,1440.0,10.0,10.0,0.0,0.0,0.0,,,,,,,,,,,,,,,,Thursday,3,False,5,18,0,0.0,0.0,False,,
6775888955,4697,3.37,3.37,0.0,0.47,0.93,1.93,0.0,12,35,75,1318,2496,2016-05-06,2501.0,104.208,24.0,181.0,0.126,41.0,4642.0,193.417,1500.0,2496.271,1.734,1440.0,0.126,181.0,122.0,12.0,35.0,75.0,1318.0,13.559,70.0,4642.0,3.224,112.0,98.858,71.0,135.0,96.0,12.126,2330.0,,,,,,,,,,Friday,4,False,5,18,122,8.472,9.836,False,,
6775888955,1967,1.41,1.41,0.0,0.13,0.24,1.05,0.0,2,5,49,551,1032,2016-05-07,1013.0,101.3,10.0,61.0,0.102,25.0,1892.0,189.2,738.0,1011.421,1.686,600.0,0.102,61.0,52.0,2.0,5.0,45.0,548.0,13.185,64.0,1892.0,3.153,52.0,94.222,70.0,118.0,93.0,10.734,1127.0,,,,,,,,,,Saturday,5,True,5,18,56,9.226,3.571,False,,
6962181067,10199,6.74,6.74,0.0,3.4,0.83,2.51,0.0,50,14,189,796,1994,2016-04-12,1998.0,83.25,24.0,367.0,0.255,79.0,10199.0,424.958,2812.0,1994.676,1.385,1440.0,0.255,367.0,253.0,50.0,14.0,189.0,1187.0,15.323,102.0,10199.0,7.083,249.0,85.036,47.0,176.0,77.0,20.021,9196.0,1.0,366.0,387.0,94.574,62.5,137.789,,24.39,1.0,Tuesday,1,False,4,15,253,24.118,19.763,True,False,Healthy
6962181067,5652,3.74,3.74,0.0,0.57,1.21,1.96,0.0,8,24,142,548,1718,2016-04-13,1717.0,71.542,24.0,214.0,0.149,55.0,5652.0,235.5,1754.0,1718.339,1.193,1440.0,0.149,214.0,174.0,8.0,24.0,142.0,1266.0,13.238,78.0,5652.0,3.925,174.0,80.52,59.0,149.0,78.0,10.116,8266.0,3.0,630.0,679.0,92.784,62.1,136.907,,24.24,1.0,Wednesday,2,False,4,15,174,24.1,4.598,False,True,Healthy
6962181067,1551,1.03,1.03,0.0,0.0,0.0,1.03,0.0,0,0,86,862,1466,2016-04-14,1468.0,61.167,24.0,86.0,0.06,11.0,1551.0,64.625,293.0,1466.376,1.018,1440.0,0.06,86.0,86.0,0.0,0.0,86.0,1354.0,11.328,64.0,1551.0,1.077,84.0,70.126,55.0,131.0,68.0,7.059,8089.0,2.0,508.0,535.0,94.953,61.7,136.025,,24.1,1.0,Thursday,3,False,4,15,86,9.072,0.0,False,True,Healthy
6962181067,5563,3.68,3.68,0.0,0.0,0.0,3.68,0.0,0,0,217,837,1756,2016-04-15,1755.0,73.125,24.0,217.0,0.151,44.0,5563.0,231.792,1158.0,1756.505,1.22,1440.0,0.151,217.0,217.0,0.0,0.0,217.0,1223.0,13.599,60.0,5563.0,3.863,213.0,72.992,54.0,115.0,71.0,11.218,8355.0,1.0,370.0,386.0,95.855,61.5,135.584,,24.0,1.0,Friday,4,False,4,15,217,20.588,0.0,False,False,Healthy
6962181067,13217,8.74,8.74,0.0,3.66,0.19,4.88,0.0,50,3,280,741,2173,2016-04-16,2171.0,90.458,24.0,436.0,0.303,151.0,13217.0,550.708,5692.0,2172.549,1.509,1440.0,0.303,436.0,333.0,50.0,3.0,280.0,1107.0,16.749,78.0,13217.0,9.178,330.0,82.04,55.0,142.0,77.0,18.299,9880.0,1.0,357.0,366.0,97.541,62.0,136.687,,24.21,1.0,Saturday,5,True,4,15,333,31.006,15.015,True,False,Healthy
6962181067,10145,6.71,6.71,0.0,0.33,0.68,5.69,0.0,5,13,295,634,2027,2016-04-17,2028.0,84.5,24.0,336.0,0.233,62.0,10145.0,422.708,2012.0,2027.746,1.408,1440.0,0.233,336.0,313.0,5.0,13.0,295.0,1127.0,15.709,77.0,10145.0,7.045,308.0,76.664,58.0,139.0,73.0,13.335,8265.0,1.0,427.0,446.0,95.74,61.4,135.364,,23.96,1.0,Sunday,6,True,4,15,313,33.052,1.597,True,True,Healthy
6962181067,11404,7.54,7.54,0.0,0.83,2.39,4.32,0.0,13,42,238,689,2039,2016-04-18,2040.0,85.0,24.0,361.0,0.251,127.0,11404.0,475.167,4988.0,2039.754,1.416,1440.0,0.251,361.0,293.0,13.0,42.0,238.0,1147.0,15.825,64.0,11404.0,7.919,291.0,76.917,55.0,134.0,72.0,15.347,7963.0,1.0,442.0,458.0,96.507,61.2,134.923,,23.89,1.0,Monday,0,False,4,16,293,29.837,4.437,True,True,Healthy
6962181067,10742,7.1,7.1,0.0,2.1,2.13,2.87,0.0,35,41,195,659,2046,2016-04-19,2046.0,85.25,24.0,382.0,0.265,113.0,10742.0,447.583,4083.0,2046.481,1.421,1440.0,0.265,382.0,271.0,35.0,41.0,195.0,1169.0,15.854,70.0,10742.0,7.46,264.0,77.429,58.0,135.0,74.0,15.241,8612.0,1.0,476.0,535.0,88.972,61.4,135.364,,23.96,1.0,Tuesday,1,False,4,16,271,29.14,12.915,True,True,Healthy
6962181067,13928,9.55,9.55,0.0,4.28,0.19,5.09,0.0,48,4,297,639,2174,2016-04-20,2174.0,90.583,24.0,449.0,0.312,104.0,13928.0,580.333,3837.0,2174.349,1.51,1440.0,0.312,449.0,349.0,48.0,4.0,297.0,1091.0,16.798,77.0,13928.0,9.672,345.0,74.906,50.0,137.0,70.0,14.917,8884.0,1.0,418.0,424.0,98.585,61.7,136.025,,24.1,1.0,Wednesday,2,False,4,16,349,35.324,13.754,True,False,Healthy
6962181067,11835,9.71,7.88,4.082,3.99,2.1,3.51,0.11,53,27,214,708,2179,2016-04-21,2179.0,90.792,24.0,427.0,0.297,124.0,11835.0,493.125,3935.0,2179.597,1.514,1440.0,0.297,427.0,294.0,53.0,27.0,214.0,1146.0,16.885,110.0,11835.0,8.219,283.0,83.471,49.0,173.0,74.0,25.006,9147.0,1.0,451.0,457.0,98.687,61.4,135.364,,23.96,1.0,Thursday,3,False,4,16,294,29.341,18.027,True,True,Healthy
6962181067,10725,7.09,7.09,0.0,1.77,1.55,3.77,0.0,30,33,240,659,2086,2016-04-22,2088.0,87.0,24.0,396.0,0.275,101.0,10725.0,446.875,3301.0,2086.909,1.449,1440.0,0.275,396.0,303.0,30.0,33.0,240.0,1137.0,16.167,100.0,10725.0,7.448,298.0,79.116,55.0,169.0,71.0,21.765,9065.0,1.0,425.0,435.0,97.701,61.4,135.364,,23.96,1.0,Friday,4,False,4,16,303,31.497,9.901,True,True,Healthy
6962181067,20031,13.24,13.24,0.0,4.2,2.0,7.04,0.0,58,41,347,484,2571,2016-04-23,2572.0,107.167,24.0,603.0,0.419,159.0,20031.0,834.625,5890.0,2571.43,1.786,1440.0,0.419,603.0,446.0,58.0,41.0,347.0,994.0,19.908,84.0,20031.0,13.91,441.0,84.646,52.0,152.0,81.0,21.48,9856.0,1.0,528.0,546.0,96.703,61.5,135.584,,24.0,1.0,Saturday,5,True,4,16,446,47.957,13.004,True,True,Healthy
6962181067,5029,3.32,3.32,0.0,0.0,0.0,3.32,0.0,0,0,199,720,1705,2016-04-24,1705.0,71.042,24.0,199.0,0.138,26.0,5029.0,209.542,869.0,1705.646,1.184,1440.0,0.138,199.0,199.0,0.0,0.0,199.0,1241.0,13.205,60.0,5029.0,3.492,197.0,68.823,49.0,114.0,67.0,10.849,8643.0,1.0,511.0,514.0,99.416,61.5,135.584,,24.0,1.0,Sunday,6,True,4,16,199,21.654,0.0,False,True,Healthy
6962181067,13239,9.27,9.08,2.785,3.02,1.68,4.46,0.1,35,31,282,637,2194,2016-04-25,2193.0,91.375,24.0,449.0,0.312,100.0,13239.0,551.625,3636.0,2194.395,1.524,1440.0,0.312,449.0,348.0,35.0,31.0,282.0,1092.0,16.953,78.0,13239.0,9.194,339.0,73.99,51.0,142.0,70.0,15.311,9093.0,1.0,400.0,415.0,96.386,61.7,136.025,,24.1,1.0,Monday,0,False,4,17,348,35.33,10.057,True,False,Healthy
6962181067,10433,6.9,6.9,0.0,2.58,0.42,3.9,0.0,36,7,254,680,2012,2016-04-26,2018.0,84.083,24.0,376.0,0.261,137.0,10433.0,434.708,5110.0,2016.772,1.401,1440.0,0.261,376.0,297.0,36.0,7.0,254.0,1143.0,15.581,80.0,10433.0,7.245,296.0,77.075,51.0,140.0,73.0,18.059,8917.0,1.0,441.0,446.0,98.879,,,,,,Tuesday,1,False,4,17,297,30.399,12.121,True,True,
6962181067,10320,6.82,6.82,0.0,0.55,2.02,4.25,0.0,7,38,279,697,2034,2016-04-27,2036.0,84.833,24.0,376.0,0.261,83.0,10320.0,430.0,3081.0,2034.115,1.413,1440.0,0.261,376.0,324.0,7.0,38.0,279.0,1116.0,15.781,81.0,10320.0,7.167,321.0,72.997,53.0,142.0,69.0,13.172,8595.0,1.0,455.0,467.0,97.43,61.2,134.923,,23.89,1.0,Wednesday,2,False,4,17,324,31.734,2.16,True,True,Healthy
6962181067,12627,8.35,8.35,0.0,2.51,0.24,5.59,0.0,38,8,288,621,2182,2016-04-28,2185.0,91.042,24.0,418.0,0.29,104.0,12627.0,526.125,3769.0,2182.97,1.516,1440.0,0.29,418.0,334.0,38.0,8.0,288.0,1106.0,16.936,112.0,12627.0,8.769,329.0,82.075,54.0,174.0,75.0,23.685,8928.0,1.0,440.0,453.0,97.13,61.2,134.923,,23.89,1.0,Thursday,3,False,4,17,334,34.974,11.377,True,True,Healthy
6962181067,10762,7.11,7.11,0.0,0.82,0.48,5.81,0.0,12,15,369,645,2254,2016-04-29,2253.0,93.875,24.0,435.0,0.302,69.0,10762.0,448.417,2129.0,2253.639,1.565,1440.0,0.302,435.0,396.0,12.0,15.0,369.0,1044.0,17.459,78.0,10762.0,7.474,380.0,80.964,56.0,141.0,76.0,16.64,9101.0,1.0,433.0,447.0,96.868,61.4,135.364,,23.96,1.0,Friday,4,False,4,17,396,38.04,3.03,True,True,Healthy
6962181067,10081,6.66,6.66,0.0,2.24,0.76,3.67,0.0,32,16,237,731,2002,2016-04-30,2004.0,83.5,24.0,365.0,0.253,97.0,10081.0,420.042,3293.0,2002.157,1.39,1440.0,0.253,365.0,285.0,32.0,16.0,237.0,1155.0,15.554,80.0,10081.0,7.001,285.0,80.163,53.0,141.0,73.0,19.538,8496.0,1.0,422.0,424.0,99.528,61.0,134.482,,23.82,1.0,Saturday,5,True,4,17,285,28.051,11.228,True,True,Healthy
6962181067,5454,3.61,3.61,0.0,0.0,0.0,3.61,0.0,0,0,215,722,1740,2016-05-01,1741.0,72.542,24.0,215.0,0.149,32.0,5454.0,227.25,1647.0,1740.72,1.209,1440.0,0.149,215.0,215.0,0.0,0.0,215.0,1225.0,13.448,64.0,5454.0,3.788,212.0,73.29,56.0,127.0,71.0,9.768,8096.0,1.0,411.0,426.0,96.479,61.7,136.025,,24.1,1.0,Sunday,6,True,5,17,215,22.946,0.0,False,False,Healthy
6962181067,12912,8.54,8.54,0.0,1.2,2.0,5.34,0.0,18,39,313,655,2162,2016-05-02,2161.0,90.042,24.0,445.0,0.309,72.0,12912.0,538.0,2368.0,2162.129,1.501,1440.0,0.309,445.0,370.0,18.0,39.0,313.0,1070.0,16.739,76.0,12912.0,8.967,369.0,79.674,56.0,140.0,75.0,15.142,9518.0,1.0,466.0,482.0,96.68,61.5,135.584,,24.0,1.0,Monday,0,False,5,18,370,36.098,4.865,True,True,Healthy
6962181067,12109,8.12,8.12,0.0,1.74,2.04,4.33,0.0,21,36,267,654,2072,2016-05-03,2074.0,86.417,24.0,402.0,0.279,73.0,12109.0,504.542,3053.0,2071.971,1.439,1440.0,0.279,402.0,324.0,21.0,36.0,267.0,1116.0,16.097,96.0,12109.0,8.409,323.0,75.404,53.0,157.0,70.0,14.263,8757.0,1.0,394.0,418.0,94.258,61.0,134.482,,23.82,1.0,Tuesday,1,False,5,18,324,33.129,6.481,True,False,Healthy
6962181067,10147,6.71,6.71,0.0,0.47,1.68,4.55,0.0,15,36,284,683,2086,2016-05-04,2086.0,86.917,24.0,401.0,0.278,67.0,10147.0,422.792,1809.0,2086.242,1.449,1440.0,0.278,401.0,335.0,15.0,36.0,284.0,1105.0,16.197,100.0,10147.0,7.047,333.0,79.475,55.0,174.0,72.0,20.67,9170.0,1.0,442.0,455.0,97.143,61.1,134.702,,23.85,1.0,Wednesday,2,False,5,18,335,32.908,4.478,True,True,Healthy
6962181067,10524,6.96,6.96,0.0,0.99,1.16,4.81,0.0,14,22,305,591,2066,2016-05-05,2066.0,86.083,24.0,391.0,0.272,103.0,10524.0,438.5,3673.0,2066.521,1.435,1440.0,0.272,391.0,341.0,14.0,22.0,305.0,1099.0,16.02,66.0,10524.0,7.308,337.0,76.645,54.0,128.0,72.0,14.281,7761.0,1.0,467.0,491.0,95.112,61.3,135.143,,23.93,1.0,Thursday,3,False,5,18,341,36.588,4.106,True,True,Healthy
6962181067,5908,3.91,3.91,0.0,0.0,0.0,3.91,0.0,0,0,299,717,1850,2016-05-06,1850.0,77.083,24.0,299.0,0.208,33.0,5908.0,246.167,897.0,1850.511,1.285,1440.0,0.208,299.0,299.0,0.0,0.0,299.0,1141.0,14.326,52.0,5908.0,4.103,299.0,72.334,52.0,114.0,71.0,10.077,9026.0,1.0,443.0,462.0,95.887,61.5,135.584,,24.0,1.0,Friday,4,False,5,18,299,29.429,0.0,False,True,Healthy
6962181067,6815,4.5,4.5,0.0,0.0,0.0,4.5,0.0,0,0,328,745,1947,2016-05-07,1947.0,81.125,24.0,328.0,0.228,41.0,6815.0,283.958,1026.0,1947.022,1.352,1440.0,0.228,328.0,328.0,0.0,0.0,328.0,1112.0,15.106,56.0,6815.0,4.733,327.0,76.976,57.0,125.0,76.0,10.508,8543.0,1.0,298.0,334.0,89.222,61.2,134.923,,23.89,1.0,Saturday,5,True,5,18,328,30.568,0.0,False,False,Healthy
6962181067,4188,2.77,2.77,0.0,0.0,0.52,2.25,0.0,0,14,151,709,1659,2016-05-08,1660.0,69.167,24.0,179.0,0.124,51.0,4188.0,174.5,1465.0,1659.605,1.153,1440.0,0.124,179.0,165.0,0.0,14.0,151.0,1275.0,12.876,54.0,4188.0,2.908,165.0,74.997,54.0,116.0,74.0,10.376,7235.0,1.0,541.0,569.0,95.079,61.2,134.923,,23.89,1.0,Sunday,6,True,5,18,165,18.879,0.0,False,True,Healthy
6962181067,12342,8.72,8.68,3.168,3.9,1.18,3.65,0.0,43,21,231,607,2105,2016-05-09,2105.0,87.708,24.0,402.0,0.279,112.0,12342.0,514.25,4203.0,2105.321,1.462,1440.0,0.279,402.0,295.0,43.0,21.0,231.0,1145.0,16.185,83.0,12342.0,8.571,291.0,77.018,56.0,181.0,72.0,14.298,8566.0,1.0,489.0,497.0,98.39,62.4,137.568,,24.35,1.0,Monday,0,False,5,19,295,32.705,14.576,True,True,Healthy
6962181067,15448,10.21,10.21,0.0,3.47,1.75,4.99,0.0,62,34,275,626,2361,2016-05-10,2361.0,98.375,24.0,529.0,0.367,139.0,15448.0,643.667,4269.0,2361.307,1.64,1440.0,0.367,529.0,371.0,62.0,34.0,275.0,1069.0,18.192,110.0,15448.0,10.728,369.0,83.322,57.0,184.0,75.0,22.188,9066.0,1.0,469.0,481.0,97.505,62.1,136.907,,24.24,1.0,Tuesday,1,False,5,19,371,37.212,16.712,True,True,Healthy
6962181067,6722,4.44,4.44,0.0,1.49,0.31,2.65,0.0,24,7,199,709,1855,2016-05-11,1855.0,77.292,24.0,285.0,0.198,96.0,6722.0,280.083,2873.0,1855.582,1.289,1440.0,0.198,285.0,230.0,24.0,7.0,199.0,1210.0,14.315,84.0,6722.0,4.668,230.0,79.251,53.0,145.0,74.0,18.737,9114.0,1.0,452.0,480.0,94.167,61.9,136.466,,24.17,1.0,Wednesday,2,False,5,19,230,24.494,10.435,False,True,Healthy
6962181067,3587,2.37,2.37,0.0,0.0,0.25,2.11,0.0,0,8,105,127,928,2016-05-12,925.0,77.083,12.0,121.0,0.168,34.0,3569.0,297.417,1599.0,927.026,1.288,720.0,0.168,121.0,113.0,0.0,8.0,105.0,607.0,14.303,60.0,3569.0,4.957,111.0,75.716,60.0,117.0,69.0,12.95,4123.0,1.0,516.0,535.0,96.449,61.9,136.466,,24.17,1.0,Thursday,3,False,5,19,113,47.083,0.0,False,True,Healthy
7007744171,14172,10.29,9.48,4.87,4.5,0.38,5.41,0.0,53,8,355,1024,2937,2016-04-12,2940.0,122.5,24.0,530.0,0.368,109.0,14172.0,590.5,3855.0,2937.729,2.04,1440.0,0.368,530.0,416.0,53.0,8.0,355.0,1024.0,18.869,82.0,14172.0,9.842,410.0,96.426,70.0,151.0,95.0,11.442,5506.0,,,,,,,,,,Tuesday,1,False,4,15,416,28.889,12.74,True,,
7007744171,12862,9.65,8.6,4.851,4.61,0.56,4.48,0.0,56,22,261,1101,2742,2016-04-13,2744.0,114.333,24.0,473.0,0.328,170.0,12862.0,535.917,5806.0,2742.896,1.905,1440.0,0.328,473.0,339.0,56.0,22.0,261.0,1101.0,17.617,84.0,12862.0,8.932,332.0,93.006,70.0,144.0,89.0,13.857,5936.0,,,,,,,,,,Wednesday,2,False,4,15,339,23.542,16.519,True,,
7007744171,11179,8.24,7.48,3.285,2.95,0.34,4.96,0.0,34,6,304,1096,2668,2016-04-14,2670.0,111.25,24.0,418.0,0.29,127.0,11179.0,465.792,4014.0,2668.618,1.853,1440.0,0.29,418.0,344.0,34.0,6.0,304.0,1096.0,17.14,68.0,11179.0,7.763,330.0,92.346,54.0,132.0,91.0,12.586,5982.0,,,,,,,,,,Thursday,3,False,4,15,344,23.889,9.884,True,,
7007744171,5273,3.53,3.53,0.0,0.0,0.0,3.53,0.0,0,0,202,1238,2098,2016-04-15,2099.0,87.458,24.0,202.0,0.14,34.0,5273.0,219.708,934.0,2098.501,1.457,1440.0,0.14,202.0,202.0,0.0,0.0,202.0,1238.0,13.478,68.0,5273.0,3.662,201.0,84.839,60.0,128.0,83.0,10.493,4249.0,,,,,,,,,,Friday,4,False,4,15,202,14.028,0.0,False,,
7007744171,4631,3.1,3.1,0.0,0.0,0.0,3.1,0.0,0,0,203,1155,2076,2016-04-16,2077.0,86.542,24.0,203.0,0.141,27.0,4631.0,192.958,833.0,2076.228,1.442,1440.0,0.141,203.0,203.0,0.0,0.0,203.0,1237.0,13.335,66.0,4631.0,3.216,203.0,79.952,61.0,129.0,77.0,10.918,5640.0,1.0,79.0,82.0,96.341,,,,,,Saturday,5,True,4,15,203,14.948,0.0,False,False,
7007744171,8059,5.39,5.39,0.0,0.0,0.0,5.39,0.0,0,0,305,1135,2383,2016-04-17,2383.0,99.292,24.0,305.0,0.212,48.0,8059.0,335.792,1818.0,2383.505,1.655,1440.0,0.212,305.0,305.0,0.0,0.0,305.0,1135.0,15.309,56.0,8059.0,5.597,305.0,85.978,63.0,127.0,83.0,11.708,5369.0,,,,,,,,,,Sunday,6,True,4,15,305,21.181,0.0,False,,
7007744171,14816,10.98,9.91,4.931,3.79,2.12,5.05,0.02,48,31,284,1077,2832,2016-04-18,2834.0,118.083,24.0,490.0,0.34,157.0,14816.0,617.333,5974.0,2832.42,1.967,1440.0,0.34,490.0,363.0,48.0,31.0,284.0,1077.0,18.192,76.0,14816.0,10.289,362.0,93.213,65.0,139.0,91.0,10.897,6137.0,,,,,,,,,,Monday,0,False,4,16,363,25.208,13.223,True,,
7007744171,14194,10.48,9.5,4.942,4.41,0.76,5.31,0.0,53,17,304,1066,2812,2016-04-19,2812.0,117.167,24.0,497.0,0.345,156.0,14194.0,591.417,5287.0,2811.012,1.952,1440.0,0.345,497.0,374.0,53.0,17.0,304.0,1066.0,18.055,72.0,14194.0,9.857,370.0,94.414,67.0,138.0,93.0,11.972,5737.0,,,,,,,,,,Tuesday,1,False,4,16,374,25.972,14.171,True,,
7007744171,15566,11.31,10.41,4.925,4.79,0.67,5.86,0.0,60,33,347,1000,3096,2016-04-20,3098.0,129.083,24.0,593.0,0.412,174.0,15566.0,648.583,6017.0,3096.232,2.15,1440.0,0.412,593.0,440.0,60.0,33.0,347.0,1000.0,19.887,92.0,15566.0,10.81,429.0,96.797,70.0,151.0,93.0,15.141,5886.0,,,,,,,,,,Wednesday,2,False,4,16,440,30.556,13.636,True,,
7007744171,13744,9.19,9.19,0.0,2.15,1.87,5.17,0.0,30,34,327,1049,2763,2016-04-21,2765.0,115.208,24.0,485.0,0.337,137.0,13744.0,572.667,5377.0,2763.547,1.919,1440.0,0.337,485.0,391.0,30.0,34.0,327.0,1049.0,17.75,66.0,13744.0,9.544,389.0,92.195,64.0,136.0,91.0,12.39,5820.0,,,,,,,,,,Thursday,3,False,4,16,391,27.153,7.673,True,,
7007744171,15299,10.24,10.24,0.0,4.1,1.76,4.37,0.0,64,50,261,1065,2889,2016-04-22,2891.0,120.458,24.0,553.0,0.384,153.0,15299.0,637.458,5545.0,2889.507,2.007,1440.0,0.384,553.0,375.0,64.0,50.0,261.0,1065.0,18.559,92.0,15299.0,10.624,370.0,93.929,57.0,156.0,92.0,16.344,5825.0,,,,,,,,,,Friday,4,False,4,16,375,26.042,17.067,True,,
7007744171,8093,5.41,5.41,0.0,0.13,1.13,4.15,0.0,2,25,223,1190,2284,2016-04-23,2286.0,95.25,24.0,279.0,0.194,72.0,8093.0,337.208,2567.0,2284.576,1.587,1440.0,0.194,279.0,250.0,2.0,25.0,223.0,1190.0,14.674,66.0,8093.0,5.62,250.0,93.289,66.0,135.0,94.0,11.404,3034.0,,,,,,,,,,Saturday,5,True,4,16,250,17.361,0.8,False,,
7007744171,11085,7.42,7.42,0.0,0.0,0.0,7.42,0.0,0,0,419,1021,2667,2016-04-24,2667.0,111.125,24.0,419.0,0.291,54.0,11085.0,461.875,1831.0,2667.104,1.852,1440.0,0.291,419.0,419.0,0.0,0.0,419.0,1021.0,17.131,50.0,11085.0,7.698,414.0,95.195,66.0,122.0,95.0,9.507,4138.0,,,,,,,,,,Sunday,6,True,4,16,419,29.097,0.0,True,,
7007744171,18229,13.34,12.2,4.862,4.31,1.37,7.67,0.0,51,24,379,986,3055,2016-04-25,3055.0,127.292,24.0,580.0,0.403,114.0,18229.0,759.542,3802.0,3055.471,2.122,1440.0,0.403,580.0,454.0,51.0,24.0,379.0,986.0,19.625,72.0,18229.0,12.659,450.0,94.645,60.0,137.0,94.0,13.231,6193.0,,,,,,,,,,Monday,0,False,4,17,454,31.528,11.233,True,,
7007744171,15090,10.1,10.1,0.0,0.93,0.94,8.23,0.0,16,22,424,978,2939,2016-04-26,2939.0,122.458,24.0,516.0,0.358,90.0,15090.0,628.75,2674.0,2939.675,2.041,1440.0,0.358,516.0,462.0,16.0,22.0,424.0,978.0,18.881,80.0,15090.0,10.479,462.0,90.652,63.0,143.0,88.0,13.553,7129.0,,,,,,,,,,Tuesday,1,False,4,17,462,32.083,3.463,True,,
7007744171,13541,10.22,9.06,4.886,4.27,0.66,5.29,0.0,50,12,337,1041,2830,2016-04-27,2831.0,117.958,24.0,511.0,0.355,150.0,13541.0,564.208,5165.0,2830.473,1.966,1440.0,0.355,511.0,399.0,50.0,12.0,337.0,1041.0,18.18,76.0,13541.0,9.403,393.0,95.186,71.0,137.0,93.0,12.295,5761.0,,,,,,,,,,Wednesday,2,False,4,17,399,27.708,12.531,True,,
7007744171,15128,10.12,10.12,0.0,1.09,0.77,8.26,0.0,16,16,401,1007,2836,2016-04-28,2839.0,118.292,24.0,481.0,0.334,87.0,15128.0,630.333,3163.0,2836.636,1.97,1440.0,0.334,481.0,433.0,16.0,16.0,401.0,1007.0,18.219,90.0,15128.0,10.506,433.0,89.452,58.0,152.0,90.0,15.702,6310.0,,,,,,,,,,Thursday,3,False,4,17,433,30.069,3.695,True,,
7007744171,20067,14.3,13.42,4.911,4.31,2.05,7.95,0.0,55,42,382,961,3180,2016-04-29,3183.0,132.625,24.0,631.0,0.438,121.0,20067.0,836.125,3939.0,3180.89,2.209,1440.0,0.438,631.0,479.0,55.0,42.0,382.0,961.0,20.431,86.0,20067.0,13.935,470.0,93.941,63.0,145.0,92.0,13.003,6555.0,,,,,,,,,,Friday,4,False,4,17,479,33.264,11.482,True,,
7007744171,3761,2.52,2.52,0.0,0.0,0.0,2.52,0.0,0,0,200,1240,2051,2016-04-30,2051.0,85.458,24.0,200.0,0.139,35.0,3761.0,156.708,802.0,2051.253,1.424,1440.0,0.139,200.0,200.0,0.0,0.0,200.0,1240.0,13.175,52.0,3761.0,2.612,189.0,80.323,61.0,124.0,77.0,11.663,5225.0,,,,,,,,,,Saturday,5,True,4,17,200,13.889,0.0,False,,
7007744171,5600,3.75,3.75,0.0,0.0,0.0,3.75,0.0,0,0,237,1142,2225,2016-05-01,2228.0,92.833,24.0,237.0,0.165,50.0,5600.0,233.333,1186.0,2225.758,1.546,1440.0,0.165,237.0,237.0,0.0,0.0,237.0,1203.0,14.296,60.0,5600.0,3.889,225.0,84.965,57.0,128.0,83.0,13.647,4655.0,1.0,58.0,61.0,95.082,,,,,,Sunday,6,True,5,17,237,17.186,0.0,False,False,
7007744171,13041,9.18,8.72,2.832,4.64,0.7,3.83,0.0,64,14,250,1112,2642,2016-05-02,2642.0,110.083,24.0,470.0,0.326,145.0,13041.0,543.375,4937.0,2642.02,1.835,1440.0,0.326,470.0,328.0,64.0,14.0,250.0,1112.0,16.969,84.0,13041.0,9.056,326.0,86.106,58.0,147.0,82.0,16.206,5761.0,,,,,,,,,,Monday,0,False,5,18,328,22.778,19.512,True,,
7007744171,14510,10.87,9.71,4.912,4.48,1.02,5.36,0.0,58,31,330,1021,2976,2016-05-03,2980.0,124.167,24.0,566.0,0.393,116.0,14510.0,604.583,3671.0,2976.327,2.067,1440.0,0.393,566.0,419.0,58.0,31.0,330.0,1021.0,19.117,72.0,14510.0,10.076,400.0,93.362,65.0,138.0,92.0,13.623,6039.0,,,,,,,,,,Tuesday,1,False,5,18,419,29.097,13.842,True,,
7007744171,0,0.0,0.0,0.0,0.0,0.0,0.0,0.0,0,0,0,1440,1557,2016-05-04,1560.0,65.0,24.0,0.0,0.0,0.0,0.0,0.0,0.0,1557.469,1.082,1440.0,0.0,0.0,0.0,0.0,0.0,0.0,1440.0,10.003,11.0,0.0,0.0,0.0,,,,,,,,,,,,,,,,Wednesday,2,False,5,18,0,0.0,0.0,False,,
7007744171,15010,11.1,10.04,4.878,4.33,1.29,5.48,0.0,53,23,317,1047,2933,2016-05-05,2935.0,122.292,24.0,522.0,0.362,114.0,15010.0,625.417,4094.0,2933.62,2.037,1440.0,0.362,522.0,393.0,53.0,23.0,317.0,1047.0,18.842,74.0,15010.0,10.424,384.0,97.896,70.0,133.0,97.0,10.344,4825.0,,,,,,,,,,Thursday,3,False,5,18,393,27.292,13.486,True,,
7007744171,11459,7.67,7.67,0.0,3.0,0.81,3.86,0.0,44,13,247,1136,2553,2016-05-06,2555.0,106.458,24.0,405.0,0.281,160.0,11459.0,477.458,5742.0,2553.686,1.773,1440.0,0.281,405.0,304.0,44.0,13.0,247.0,1136.0,16.402,106.0,11459.0,7.958,303.0,87.15,62.0,166.0,82.0,16.211,5880.0,,,,,,,,,,Friday,4,False,5,18,304,21.111,14.474,True,,
7007744171,0,0.0,0.0,0.0,0.0,0.0,0.0,0.0,0,0,0,111,120,2016-05-07,65.0,65.0,1.0,0.0,0.0,0.0,0.0,0.0,0.0,64.872,1.081,60.0,0.0,0.0,0.0,0.0,0.0,0.0,60.0,10.0,10.0,0.0,0.0,0.0,,,,,,,,,,,,,,,,Saturday,5,True,5,18,0,0.0,0.0,False,,
7086361926,11317,8.41,8.41,0.0,5.27,0.15,2.97,0.0,59,6,153,745,2772,2016-04-12,2773.0,115.542,24.0,342.0,0.237,158.0,11309.0,471.208,5921.0,2772.212,1.925,1440.0,0.238,342.0,218.0,59.0,6.0,153.0,1222.0,17.011,117.0,11309.0,7.853,205.0,,,,,,,1.0,514.0,525.0,97.905,,,,,,Tuesday,1,False,4,15,218,22.638,27.064,True,True,
7086361926,5813,3.62,3.62,0.0,0.56,0.21,2.84,0.0,31,26,155,744,2516,2016-04-13,2517.0,104.875,24.0,300.0,0.208,124.0,5813.0,242.208,1444.0,2516.335,1.747,1440.0,0.208,300.0,212.0,31.0,26.0,155.0,1228.0,15.441,86.0,5813.0,4.037,187.0,,,,,,,1.0,451.0,465.0,96.989,,,,,,Wednesday,2,False,4,15,212,22.176,14.623,False,True,
7086361926,9123,6.12,6.12,0.0,2.03,0.33,3.66,0.0,35,32,189,787,2734,2016-04-14,2729.0,113.708,24.0,358.0,0.249,94.0,8998.0,374.917,2604.0,2727.397,1.894,1440.0,0.249,358.0,256.0,35.0,32.0,189.0,1184.0,16.736,111.0,8998.0,6.249,232.0,,,,,,,1.0,472.0,476.0,99.16,,,,,,Thursday,3,False,4,15,256,24.545,13.672,False,True,
7086361926,8585,5.67,5.67,0.0,2.04,1.11,2.53,0.0,30,21,139,864,2395,2016-04-15,2396.0,99.833,24.0,271.0,0.188,90.0,8585.0,357.708,3448.0,2395.356,1.663,1440.0,0.188,271.0,190.0,30.0,21.0,139.0,1250.0,14.699,86.0,8585.0,5.962,186.0,,,,,,,1.0,377.0,386.0,97.668,,,,,,Friday,4,False,4,15,190,18.027,15.789,False,False,
7086361926,31,0.01,0.01,0.0,0.0,0.0,0.01,0.0,0,0,3,1437,1635,2016-04-16,1637.0,68.208,24.0,3.0,0.002,3.0,31.0,1.292,31.0,1635.193,1.136,1440.0,0.002,3.0,3.0,0.0,0.0,3.0,1437.0,10.034,26.0,31.0,0.022,3.0,,,,,,,,,,,,,,,,Saturday,5,True,4,15,3,0.208,0.0,False,,
7086361926,0,0.0,0.0,0.0,0.0,0.0,0.0,0.0,0,0,0,1440,1629,2016-04-17,1632.0,68.0,24.0,0.0,0.0,0.0,0.0,0.0,0.0,1629.648,1.132,1440.0,0.0,0.0,0.0,0.0,0.0,0.0,1440.0,10.0,10.0,0.0,0.0,0.0,,,,,,,,,,,,,,,,Sunday,6,True,4,15,0,0.0,0.0,False,,
7086361926,9827,6.71,6.71,0.0,3.17,1.22,2.31,0.0,61,51,114,1136,2743,2016-04-18,2744.0,114.333,24.0,399.0,0.277,147.0,9827.0,409.458,3837.0,2743.694,1.905,1440.0,0.277,399.0,226.0,61.0,51.0,114.0,1214.0,16.836,111.0,9827.0,6.824,198.0,,,,,,,,,,,,,,,,Monday,0,False,4,16,226,16.593,26.991,False,,
7086361926,10688,7.29,7.29,0.0,3.53,1.23,2.51,0.0,67,69,124,671,2944,2016-04-19,2945.0,122.708,24.0,463.0,0.322,131.0,10688.0,445.333,4141.0,2944.344,2.045,1440.0,0.322,463.0,260.0,67.0,69.0,124.0,1180.0,18.067,121.0,10688.0,7.422,225.0,,,,,,,1.0,472.0,483.0,97.723,,,,,,Tuesday,1,False,4,16,260,27.927,25.769,True,True,
7086361926,14365,10.64,10.64,0.0,7.64,0.45,2.54,0.0,87,13,145,797,2997,2016-04-20,2997.0,124.875,24.0,432.0,0.3,166.0,14365.0,598.542,6357.0,2996.855,2.081,1440.0,0.3,432.0,245.0,87.0,13.0,145.0,1195.0,18.39,119.0,14365.0,9.976,226.0,,,,,,,1.0,492.0,502.0,98.008,,,,,,Wednesday,2,False,4,16,245,23.512,35.51,True,True,
7086361926,9469,6.18,6.18,0.0,1.36,0.3,4.51,0.0,19,6,206,758,2463,2016-04-21,2465.0,102.708,24.0,275.0,0.191,73.0,9469.0,394.542,2530.0,2463.598,1.711,1440.0,0.191,275.0,231.0,19.0,6.0,206.0,1209.0,15.117,74.0,9469.0,6.576,229.0,,,,,,,1.0,390.0,411.0,94.891,,,,,,Thursday,3,False,4,16,231,23.357,8.225,False,False,
7086361926,9753,6.53,6.53,0.0,2.87,0.97,2.67,0.0,58,59,153,762,2846,2016-04-22,2842.0,118.417,24.0,445.0,0.309,138.0,9733.0,405.542,2810.0,2843.849,1.975,1440.0,0.309,445.0,270.0,58.0,59.0,153.0,1170.0,17.451,121.0,9733.0,6.759,247.0,,,,,,,1.0,428.0,448.0,95.536,,,,,,Friday,4,False,4,16,270,26.163,21.481,False,True,
7086361926,2817,1.81,1.81,0.0,0.0,0.0,1.8,0.0,0,0,90,1350,1965,2016-04-23,1966.0,81.917,24.0,90.0,0.062,29.0,2811.0,117.125,1594.0,1963.613,1.364,1440.0,0.062,90.0,90.0,0.0,0.0,90.0,1350.0,12.049,72.0,2811.0,1.952,90.0,,,,,,,,,,,,,,,,Saturday,5,True,4,16,90,6.25,0.0,False,,
7086361926,3520,2.16,2.16,0.0,0.0,0.0,2.15,0.0,0,0,125,566,2049,2016-04-24,2048.0,85.333,24.0,125.0,0.087,27.0,3520.0,146.667,1454.0,2049.169,1.423,1440.0,0.087,125.0,125.0,0.0,0.0,125.0,1315.0,12.574,70.0,3520.0,2.444,123.0,,,,,,,1.0,681.0,704.0,96.733,,,,,,Sunday,6,True,4,16,125,18.09,0.0,False,True,
7086361926,10091,6.82,6.82,0.0,3.75,0.7,2.37,0.0,69,39,129,706,2752,2016-04-25,2754.0,114.75,24.0,414.0,0.288,136.0,10091.0,420.458,3609.0,2752.294,1.911,1440.0,0.288,414.0,237.0,69.0,39.0,129.0,1203.0,16.889,123.0,10091.0,7.008,224.0,,,,,,,1.0,446.0,447.0,99.776,,,,,,Monday,0,False,4,17,237,25.133,29.114,True,True,
7086361926,10387,7.07,7.07,0.0,4.16,0.77,2.12,0.0,70,33,132,726,2781,2016-04-26,2780.0,115.833,24.0,408.0,0.283,112.0,10378.0,432.417,2837.0,2780.021,1.931,1440.0,0.283,408.0,235.0,70.0,33.0,132.0,1205.0,17.059,117.0,10378.0,7.207,217.0,,,,,,,1.0,485.0,500.0,97.0,,,,,,Tuesday,1,False,4,17,235,24.454,29.787,True,True,
7086361926,11107,8.34,8.34,0.0,5.63,0.18,2.53,0.0,55,6,145,829,2693,2016-04-27,2693.0,112.208,24.0,322.0,0.224,143.0,11107.0,462.792,6025.0,2692.993,1.87,1440.0,0.224,322.0,206.0,55.0,6.0,145.0,1234.0,16.525,117.0,11107.0,7.713,199.0,,,,,,,1.0,469.0,479.0,97.912,,,,,,Wednesday,2,False,4,17,206,19.903,26.699,True,True,
7086361926,11584,7.8,7.8,0.0,2.79,1.64,3.36,0.0,54,48,161,810,2862,2016-04-28,2858.0,119.083,24.0,419.0,0.291,134.0,11575.0,482.292,3859.0,2860.259,1.986,1440.0,0.291,419.0,263.0,54.0,48.0,161.0,1177.0,17.551,113.0,11575.0,8.038,241.0,,,,,,,1.0,354.0,367.0,96.458,,,,,,Thursday,3,False,4,17,263,24.511,20.532,True,False,
7086361926,7881,4.95,4.95,0.0,0.49,0.45,4.0,0.0,24,36,182,1198,2616,2016-04-29,2615.0,108.958,24.0,326.0,0.226,129.0,7881.0,328.375,2225.0,2614.453,1.816,1440.0,0.226,326.0,242.0,24.0,36.0,182.0,1198.0,16.043,84.0,7881.0,5.473,230.0,,,,,,,,,,,,,,,,Friday,4,False,4,17,242,16.806,9.917,False,,
7086361926,14560,9.41,9.41,0.0,3.12,1.04,5.24,0.0,42,17,308,584,2995,2016-04-30,2997.0,124.875,24.0,468.0,0.325,71.0,14560.0,606.667,2636.0,2995.836,2.08,1440.0,0.325,468.0,367.0,42.0,17.0,308.0,1073.0,18.383,117.0,14560.0,10.111,356.0,,,,,,,1.0,485.0,489.0,99.182,,,,,,Saturday,5,True,4,17,367,38.591,11.444,True,True,
7086361926,12390,8.07,8.07,0.0,2.3,0.9,4.85,0.0,30,15,258,685,2730,2016-05-01,2727.0,113.625,24.0,378.0,0.263,75.0,12375.0,515.625,2824.0,2729.434,1.895,1440.0,0.262,378.0,303.0,30.0,15.0,258.0,1137.0,16.749,82.0,12375.0,8.594,300.0,,,,,,,1.0,388.0,407.0,95.332,,,,,,Sunday,6,True,5,17,303,30.668,9.901,True,False,
7086361926,10052,6.81,6.81,0.0,3.48,0.66,2.66,0.0,66,26,139,737,2754,2016-05-02,2757.0,114.875,24.0,389.0,0.27,133.0,10052.0,418.833,3575.0,2754.218,1.913,1440.0,0.27,389.0,231.0,66.0,26.0,139.0,1209.0,16.901,123.0,10052.0,6.981,213.0,,,,,,,1.0,440.0,459.0,95.861,,,,,,Monday,0,False,5,18,231,23.864,28.571,True,True,
7086361926,10288,6.76,6.76,0.0,2.74,0.85,3.16,0.0,57,36,152,761,2754,2016-05-03,2755.0,114.792,24.0,395.0,0.274,134.0,10288.0,428.667,3619.0,2753.992,1.912,1440.0,0.274,395.0,245.0,57.0,36.0,152.0,1195.0,16.899,115.0,10288.0,7.144,235.0,,,,,,,1.0,456.0,461.0,98.915,,,,,,Tuesday,1,False,5,18,245,24.354,23.265,True,True,
7086361926,10988,8.31,8.31,0.0,5.28,0.12,2.9,0.0,45,12,135,843,2655,2016-05-04,2655.0,110.625,24.0,294.0,0.204,151.0,10988.0,457.833,6091.0,2655.195,1.844,1440.0,0.204,294.0,192.0,45.0,12.0,135.0,1248.0,16.293,121.0,10988.0,7.631,182.0,,,,,,,1.0,420.0,436.0,96.33,,,,,,Wednesday,2,False,5,18,192,18.551,23.438,True,True,
7086361926,8564,5.6,5.6,0.0,1.78,0.83,2.95,0.0,24,14,149,1253,2386,2016-05-05,2382.0,99.25,24.0,249.0,0.173,117.0,8525.0,355.208,4946.0,2379.399,1.652,1440.0,0.173,249.0,187.0,24.0,14.0,149.0,1253.0,14.601,120.0,8525.0,5.92,187.0,,,,,,,,,,,,,,,,Thursday,3,False,5,18,187,12.986,12.834,False,,
7086361926,12461,8.38,8.38,0.0,3.82,1.43,3.12,0.0,84,35,154,834,2924,2016-05-06,2924.0,121.833,24.0,476.0,0.331,150.0,12461.0,519.208,4869.0,2923.634,2.03,1440.0,0.331,476.0,273.0,84.0,35.0,154.0,1167.0,17.94,125.0,12461.0,8.653,249.0,,,,,,,1.0,322.0,333.0,96.697,,,,,,Friday,4,False,5,18,273,24.661,30.769,True,False,
7086361926,12827,8.48,8.48,0.0,1.46,2.33,4.68,0.0,20,42,209,621,2739,2016-05-07,2738.0,114.083,24.0,353.0,0.245,103.0,12827.0,534.458,3925.0,2739.506,1.902,1440.0,0.245,353.0,271.0,20.0,42.0,209.0,1169.0,16.81,82.0,12827.0,8.908,266.0,,,,,,,1.0,530.0,548.0,96.715,,,,,,Saturday,5,True,5,18,271,30.381,7.38,True,True,
7086361926,10677,7.1,7.1,0.0,2.31,1.53,3.25,0.0,32,27,147,695,2534,2016-05-08,2532.0,105.5,24.0,297.0,0.206,80.0,10677.0,444.875,3428.0,2534.329,1.76,1440.0,0.206,297.0,206.0,32.0,27.0,147.0,1234.0,15.551,82.0,10677.0,7.415,203.0,,,,,,,1.0,481.0,510.0,94.314,,,,,,Sunday,6,True,5,18,206,22.863,15.534,True,True,
7086361926,13566,9.11,9.11,0.0,4.26,1.71,3.12,0.0,67,50,171,743,2960,2016-05-09,2958.0,123.25,24.0,472.0,0.328,125.0,13558.0,564.917,5277.0,2958.943,2.055,1440.0,0.328,472.0,288.0,67.0,50.0,171.0,1152.0,18.157,115.0,13558.0,9.415,266.0,,,,,,,1.0,427.0,438.0,97.489,,,,,,Monday,0,False,5,19,288,27.934,23.264,True,True,
7086361926,14433,10.79,10.79,0.0,7.11,1.2,2.45,0.0,72,23,106,1182,2800,2016-05-10,2795.0,116.458,24.0,368.0,0.256,148.0,14407.0,600.292,6235.0,2795.299,1.941,1440.0,0.256,368.0,201.0,72.0,23.0,106.0,1239.0,17.153,123.0,14407.0,10.005,195.0,,,,,,,,,,,,,,,,Tuesday,1,False,5,19,201,14.534,35.821,True,,
7086361926,9572,6.52,6.52,0.0,2.89,1.39,2.23,0.0,57,40,128,757,2735,2016-05-11,2735.0,113.958,24.0,379.0,0.263,131.0,9572.0,398.833,3597.0,2735.319,1.9,1440.0,0.263,379.0,225.0,57.0,40.0,128.0,1215.0,16.785,127.0,9572.0,6.647,205.0,,,,,,,1.0,451.0,463.0,97.408,,,,,,Wednesday,2,False,5,19,225,22.912,25.333,False,True,
7086361926,3789,2.56,2.56,0.0,0.38,0.27,1.89,0.0,5,4,58,343,1199,2016-05-12,995.0,76.538,13.0,32.0,0.041,15.0,1032.0,79.385,439.0,994.991,1.276,780.0,0.041,32.0,32.0,0.0,0.0,32.0,748.0,11.272,62.0,1032.0,1.323,32.0,,,,,,,1.0,444.0,457.0,97.155,,,,,,Thursday,3,False,5,19,67,16.341,7.463,False,True,
8053475328,18060,14.12,14.12,0.0,11.64,0.39,2.1,0.0,116,8,123,1193,3186,2016-04-12,3186.0,132.75,24.0,487.0,0.338,159.0,18060.0,752.5,6773.0,3186.216,2.213,1440.0,0.338,487.0,247.0,116.0,8.0,123.0,1193.0,18.172,105.0,18060.0,12.542,247.0,,,,,,,,,,,,,,,,Tuesday,1,False,4,15,247,17.153,46.964,True,,
8053475328,16433,13.35,13.35,0.0,10.43,0.47,2.45,0.0,95,12,156,1177,3140,2016-04-13,3140.0,130.833,24.0,465.0,0.323,177.0,16433.0,684.708,7643.0,3140.921,2.181,1440.0,0.323,465.0,263.0,95.0,12.0,156.0,1177.0,17.914,103.0,16433.0,11.412,263.0,,,,,,,,,,,,,,,,Wednesday,2,False,4,15,263,18.264,36.122,True,,
8053475328,20159,15.97,15.97,0.0,12.34,0.21,3.36,0.0,119,5,193,1123,3411,2016-04-14,3407.0,141.958,24.0,560.0,0.389,140.0,20089.0,837.042,5883.0,3407.697,2.366,1440.0,0.389,560.0,317.0,119.0,5.0,193.0,1123.0,19.435,103.0,20089.0,13.951,317.0,,,,,,,,,,,,,,,,Thursday,3,False,4,15,317,22.014,37.539,True,,
8053475328,20669,16.24,16.24,0.0,13.26,0.39,2.59,0.0,132,8,158,1142,3410,2016-04-15,3410.0,142.083,24.0,570.0,0.396,168.0,20669.0,861.208,6834.0,3410.863,2.369,1440.0,0.396,570.0,298.0,132.0,8.0,158.0,1142.0,19.453,103.0,20669.0,14.353,298.0,,,,,,,,,,,,,,,,Friday,4,False,4,15,298,20.694,44.295,True,,
8053475328,14549,11.11,11.11,0.0,9.36,0.27,1.49,0.0,96,6,83,1255,2867,2016-04-16,2868.0,119.5,24.0,383.0,0.266,179.0,14549.0,606.208,7529.0,2867.935,1.992,1440.0,0.266,383.0,185.0,96.0,6.0,83.0,1255.0,16.357,101.0,14549.0,10.103,185.0,,,,,,,,,,,,,,,,Saturday,5,True,4,15,185,12.847,51.892,True,,
8053475328,18827,13.69,13.69,0.0,9.24,0.8,3.64,0.0,111,21,195,1113,3213,2016-04-17,3211.0,133.792,24.0,570.0,0.396,123.0,18827.0,784.458,4570.0,3213.003,2.231,1440.0,0.396,570.0,327.0,111.0,21.0,195.0,1113.0,18.325,82.0,18827.0,13.074,327.0,,,,,,,,,,,,,,,,Sunday,6,True,4,15,327,22.708,33.945,True,,
8053475328,17076,12.66,12.66,0.0,9.08,0.23,3.35,0.0,102,6,195,1137,3133,2016-04-18,3134.0,130.583,24.0,513.0,0.356,126.0,17076.0,711.5,4554.0,3133.372,2.176,1440.0,0.356,513.0,303.0,102.0,6.0,195.0,1137.0,17.871,101.0,17076.0,11.858,303.0,,,,,,,,,,,,,,,,Monday,0,False,4,16,303,21.042,33.663,True,,
8053475328,15929,12.48,12.48,0.0,9.22,0.31,2.95,0.0,90,7,191,1152,3114,2016-04-19,3112.0,129.667,24.0,475.0,0.33,102.0,15929.0,663.708,4177.0,3114.621,2.163,1440.0,0.33,475.0,288.0,90.0,7.0,191.0,1152.0,17.764,103.0,15929.0,11.062,288.0,,,,,,,,,,,,,,,,Tuesday,1,False,4,16,288,20.0,31.25,True,,
8053475328,15108,12.19,12.19,0.0,9.58,0.23,2.38,0.0,89,5,158,695,3043,2016-04-20,3044.0,126.833,24.0,435.0,0.302,105.0,15108.0,629.5,4206.0,3043.513,2.114,1440.0,0.302,435.0,252.0,89.0,5.0,158.0,1188.0,17.358,103.0,15108.0,10.492,252.0,,,,,,,1.0,486.0,493.0,98.58,,,,,,Wednesday,2,False,4,16,252,26.61,35.317,True,True,
8053475328,16057,12.51,12.51,0.0,9.67,0.25,2.58,0.0,100,6,170,1164,3103,2016-04-21,3103.0,129.292,24.0,482.0,0.335,121.0,16049.0,668.708,4407.0,3101.105,2.154,1440.0,0.335,482.0,276.0,100.0,6.0,170.0,1164.0,17.687,103.0,16049.0,11.145,276.0,,,,,,,,,,,,,,,,Thursday,3,False,4,16,276,19.167,36.232,True,,
8053475328,10520,8.29,8.29,0.0,6.26,0.15,1.88,0.0,60,3,117,1260,2655,2016-04-22,2655.0,110.625,24.0,303.0,0.21,100.0,10520.0,438.333,4147.0,2655.342,1.844,1440.0,0.21,303.0,180.0,60.0,3.0,117.0,1260.0,15.144,101.0,10520.0,7.306,180.0,,,,,,,,,,,,,,,,Friday,4,False,4,16,180,12.5,33.333,True,,
8053475328,22359,17.19,17.19,0.0,12.54,0.63,4.02,0.0,125,14,223,741,3554,2016-04-23,3555.0,148.125,24.0,626.0,0.435,117.0,22359.0,931.625,4669.0,3554.905,2.469,1440.0,0.435,626.0,362.0,125.0,14.0,223.0,1078.0,20.275,101.0,22359.0,15.527,362.0,,,,,,,1.0,331.0,337.0,98.22,,,,,,Saturday,5,True,4,16,362,32.82,34.53,True,False,
8053475328,22988,17.95,17.95,0.0,13.13,1.55,3.26,0.0,129,33,182,1096,3577,2016-04-24,3575.0,148.958,24.0,635.0,0.441,140.0,22988.0,957.833,5689.0,3577.187,2.484,1440.0,0.441,635.0,344.0,129.0,33.0,182.0,1096.0,20.402,103.0,22988.0,15.964,344.0,,,,,,,,,,,,,,,,Sunday,6,True,4,16,344,23.889,37.5,True,,
8053475328,20500,15.69,15.69,0.0,11.37,0.46,3.86,0.0,118,9,209,1104,3403,2016-04-25,3402.0,141.75,24.0,581.0,0.403,104.0,20500.0,854.167,4219.0,3403.679,2.364,1440.0,0.403,581.0,336.0,118.0,9.0,209.0,1104.0,19.412,103.0,20500.0,14.236,336.0,,,,,,,,,,,,,,,,Monday,0,False,4,17,336,23.333,35.119,True,,
8053475328,12685,9.62,9.62,0.0,6.31,0.2,3.1,0.0,68,5,185,1182,2846,2016-04-26,2846.0,118.583,24.0,399.0,0.277,113.0,12685.0,528.542,4083.0,2845.044,1.976,1440.0,0.277,399.0,258.0,68.0,5.0,185.0,1182.0,16.226,103.0,12685.0,8.809,258.0,,,,,,,,,,,,,,,,Tuesday,1,False,4,17,258,17.917,26.357,True,,
8053475328,12422,9.82,9.82,0.0,6.46,0.43,2.93,0.0,60,10,183,1187,2852,2016-04-27,2850.0,118.75,24.0,383.0,0.266,105.0,12422.0,517.583,4195.0,2852.593,1.981,1440.0,0.266,383.0,253.0,60.0,10.0,183.0,1187.0,16.269,103.0,12422.0,8.626,253.0,,,,,,,,,,,,,,,,Wednesday,2,False,4,17,253,17.569,23.715,True,,
8053475328,15447,12.4,12.4,0.0,9.67,0.39,2.35,0.0,90,9,153,1188,3062,2016-04-28,3062.0,127.583,24.0,441.0,0.306,102.0,15447.0,643.625,4183.0,3062.264,2.127,1440.0,0.306,441.0,252.0,90.0,9.0,153.0,1188.0,17.465,105.0,15447.0,10.727,252.0,,,,,,,,,,,,,,,,Thursday,3,False,4,17,252,17.5,35.714,True,,
8053475328,12315,9.65,9.65,0.0,6.17,0.31,3.17,0.0,58,8,159,1215,2794,2016-04-29,2793.0,116.375,24.0,349.0,0.242,106.0,12315.0,513.125,4316.0,2794.757,1.941,1440.0,0.242,349.0,225.0,58.0,8.0,159.0,1215.0,15.94,103.0,12315.0,8.552,225.0,,,,,,,,,,,,,,,,Friday,4,False,4,17,225,15.625,25.778,True,,
8053475328,7135,5.59,5.59,0.0,2.99,0.06,2.54,0.0,27,1,131,1281,2408,2016-04-30,2408.0,100.333,24.0,214.0,0.149,91.0,7135.0,297.292,3851.0,2408.9,1.673,1440.0,0.149,214.0,159.0,27.0,1.0,131.0,1281.0,13.739,135.0,7135.0,4.955,159.0,,,,,,,,,,,,,,,,Saturday,5,True,4,17,159,11.042,16.981,False,,
8053475328,1170,0.85,0.85,0.0,0.0,0.0,0.85,0.0,0,0,51,1389,1886,2016-05-01,1885.0,78.542,24.0,51.0,0.035,21.0,1170.0,48.75,410.0,1886.062,1.31,1440.0,0.035,51.0,51.0,0.0,0.0,51.0,1389.0,10.757,42.0,1170.0,0.812,51.0,,,,,,,,,,,,,,,,Sunday,6,True,5,17,51,3.542,0.0,False,,
8053475328,1969,1.43,1.43,0.0,0.0,0.0,1.43,0.0,0,0,95,1345,1988,2016-05-02,1992.0,83.0,24.0,95.0,0.066,34.0,1969.0,82.042,721.0,1988.332,1.381,1440.0,0.066,95.0,95.0,0.0,0.0,95.0,1345.0,11.373,42.0,1969.0,1.367,95.0,,,,,,,,,,,,,,,,Monday,0,False,5,18,95,6.597,0.0,False,,
8053475328,15484,11.9,11.9,0.0,8.39,0.93,2.59,0.0,87,22,165,1166,3023,2016-05-03,3022.0,125.917,24.0,470.0,0.326,121.0,15484.0,645.167,4407.0,3023.473,2.1,1440.0,0.326,470.0,274.0,87.0,22.0,165.0,1166.0,17.294,101.0,15484.0,10.753,274.0,,,,,,,,,,,,,,,,Tuesday,1,False,5,18,274,19.028,31.752,True,,
8053475328,14581,11.15,11.15,0.0,8.82,0.4,1.91,0.0,89,8,123,1220,2918,2016-05-04,2916.0,121.5,24.0,406.0,0.282,99.0,14563.0,606.792,4075.0,2916.754,2.026,1440.0,0.282,406.0,220.0,89.0,8.0,123.0,1220.0,16.683,101.0,14563.0,10.113,220.0,,,,,,,,,,,,,,,,Wednesday,2,False,5,18,220,15.278,40.455,True,,
8053475328,14990,11.51,11.51,0.0,8.85,0.45,2.21,0.0,93,9,130,1208,2950,2016-05-05,2954.0,123.083,24.0,427.0,0.297,123.0,14990.0,624.583,4501.0,2950.142,2.049,1440.0,0.297,427.0,232.0,93.0,9.0,130.0,1208.0,16.874,101.0,14990.0,10.41,232.0,,,,,,,,,,,,,,,,Thursday,3,False,5,18,232,16.111,40.086,True,,
8053475328,13953,11.0,11.0,0.0,9.1,0.69,1.21,0.0,90,15,90,1245,2859,2016-05-06,2864.0,119.333,24.0,390.0,0.271,101.0,13953.0,581.375,4251.0,2859.206,1.986,1440.0,0.271,390.0,195.0,90.0,15.0,90.0,1245.0,16.354,105.0,13953.0,9.69,195.0,,,,,,,,,,,,,,,,Friday,4,False,5,18,195,13.542,46.154,True,,
8053475328,19769,15.67,15.67,0.0,12.44,0.88,2.35,0.0,121,20,148,1076,3331,2016-05-07,3332.0,138.833,24.0,551.0,0.383,116.0,19769.0,823.708,4746.0,3331.369,2.313,1440.0,0.383,551.0,289.0,121.0,20.0,148.0,1151.0,19.055,105.0,19769.0,13.728,289.0,,,,,,,1.0,74.0,75.0,98.667,,,,,,Saturday,5,True,5,18,289,21.172,41.869,True,False,
8053475328,22026,17.65,17.65,0.0,13.4,0.59,3.66,0.0,125,14,228,1073,3589,2016-05-08,3591.0,149.625,24.0,631.0,0.438,177.0,22026.0,917.75,7617.0,3589.487,2.493,1440.0,0.438,631.0,367.0,125.0,14.0,228.0,1073.0,20.531,103.0,22026.0,15.296,367.0,,,,,,,,,,,,,,,,Sunday,6,True,5,18,367,25.486,34.06,True,,
8053475328,12465,9.38,9.38,0.0,6.12,0.57,2.69,0.0,66,12,148,1214,2765,2016-05-09,2767.0,115.292,24.0,370.0,0.257,135.0,12465.0,519.375,4983.0,2765.234,1.92,1440.0,0.257,370.0,226.0,66.0,12.0,148.0,1214.0,15.817,103.0,12465.0,8.656,226.0,,,,,,,,,,,,,,,,Monday,0,False,5,19,226,15.694,29.204,True,,
8053475328,14810,11.36,11.36,0.0,9.09,0.42,1.85,0.0,96,10,115,1219,2926,2016-05-10,2928.0,122.0,24.0,423.0,0.294,125.0,14810.0,617.083,4496.0,2926.102,2.032,1440.0,0.294,423.0,221.0,96.0,10.0,115.0,1219.0,16.737,119.0,14810.0,10.285,221.0,,,,,,,,,,,,,,,,Tuesday,1,False,5,19,221,15.347,43.439,True,,
8053475328,12209,9.4,9.4,0.0,6.08,0.28,3.04,0.0,60,7,184,1189,2809,2016-05-11,2811.0,117.125,24.0,378.0,0.263,100.0,12209.0,508.708,3960.0,2808.942,1.951,1440.0,0.262,378.0,251.0,60.0,7.0,184.0,1189.0,16.067,105.0,12209.0,8.478,251.0,,,,,,,,,,,,,,,,Wednesday,2,False,5,19,251,17.431,23.904,True,,
8053475328,4998,3.91,3.91,0.0,2.95,0.2,0.76,0.0,28,4,39,839,1505,2016-05-12,1487.0,99.133,15.0,130.0,0.144,102.0,4895.0,326.333,4266.0,1485.209,1.65,900.0,0.144,130.0,70.0,28.0,4.0,38.0,830.0,13.592,103.0,4895.0,5.439,70.0,,,,,,,,,,,,,,,,Thursday,3,False,5,19,71,7.802,39.437,False,,
8253242879,9033,7.16,7.16,0.0,5.43,0.14,1.59,0.0,40,2,154,1244,2044,2016-04-12,2039.0,84.958,24.0,278.0,0.193,98.0,9033.0,376.375,5007.0,2044.267,1.42,1440.0,0.193,278.0,196.0,40.0,2.0,154.0,1244.0,14.319,99.0,9033.0,6.273,140.0,,,,,,,,,,,,,,,,Tuesday,1,False,4,15,196,13.611,20.408,False,,
8253242879,8053,6.1,6.1,0.0,4.17,0.63,1.31,0.0,35,11,96,1298,1935,2016-04-13,1930.0,80.417,24.0,223.0,0.155,135.0,8053.0,335.542,6291.0,1935.114,1.344,1440.0,0.155,223.0,142.0,35.0,11.0,96.0,1298.0,13.555,111.0,8053.0,5.592,120.0,,,,,,,,,,,,,,,,Wednesday,2,False,4,15,142,9.861,24.648,False,,
8253242879,5234,3.46,3.46,0.0,1.93,0.99,0.54,0.0,29,16,33,1362,1705,2016-04-14,1695.0,70.625,24.0,152.0,0.106,87.0,5234.0,218.083,3181.0,1705.605,1.184,1440.0,0.106,152.0,78.0,29.0,16.0,33.0,1362.0,11.947,82.0,5234.0,3.635,70.0,,,,,,,,,,,,,,,,Thursday,3,False,4,15,78,5.417,37.179,False,,
8253242879,2672,1.77,1.77,0.0,0.0,0.0,1.76,0.0,0,0,105,1335,1632,2016-04-15,1626.0,67.75,24.0,105.0,0.073,22.0,2672.0,111.333,779.0,1632.043,1.133,1440.0,0.073,105.0,105.0,0.0,0.0,105.0,1335.0,11.432,68.0,2672.0,1.856,84.0,,,,,,,,,,,,,,,,Friday,4,False,4,15,105,7.292,0.0,False,,
8253242879,9256,6.14,6.14,0.0,0.43,3.27,2.45,0.0,6,51,115,1268,1880,2016-04-16,1876.0,78.167,24.0,235.0,0.163,74.0,9256.0,385.667,3676.0,1880.983,1.306,1440.0,0.163,235.0,172.0,6.0,51.0,115.0,1268.0,13.176,70.0,9256.0,6.428,144.0,,,,,,,,,,,,,,,,Saturday,5,True,4,15,172,11.944,3.488,False,,
8253242879,10204,7.91,7.91,0.0,5.43,0.15,2.33,0.0,41,5,157,1237,2112,2016-04-17,2108.0,87.833,24.0,290.0,0.201,137.0,10204.0,425.167,6715.0,2112.079,1.467,1440.0,0.201,290.0,203.0,41.0,5.0,157.0,1237.0,14.794,107.0,10204.0,7.086,162.0,,,,,,,,,,,,,,,,Sunday,6,True,4,15,203,14.097,20.197,True,,
8253242879,5151,3.48,3.48,0.0,1.04,0.63,1.8,0.0,16,16,130,1278,1829,2016-04-18,1824.0,76.0,24.0,210.0,0.146,78.0,5151.0,214.625,1832.0,1829.034,1.27,1440.0,0.146,210.0,162.0,16.0,16.0,130.0,1278.0,12.812,101.0,5151.0,3.577,129.0,,,,,,,,,,,,,,,,Monday,0,False,4,16,162,11.25,9.877,False,,
8253242879,4212,2.78,2.78,0.0,0.0,0.0,2.78,0.0,0,0,164,1276,1763,2016-04-19,1760.0,73.333,24.0,164.0,0.114,28.0,4212.0,175.5,878.0,1763.502,1.225,1440.0,0.114,164.0,164.0,0.0,0.0,164.0,1276.0,12.353,62.0,4212.0,2.925,116.0,,,,,,,,,,,,,,,,Tuesday,1,False,4,16,164,11.389,0.0,False,,
8253242879,6466,4.27,4.27,0.0,0.33,0.82,3.11,0.01,5,18,216,1201,1931,2016-04-20,1927.0,80.292,24.0,267.0,0.185,43.0,6466.0,269.417,1253.0,1931.445,1.341,1440.0,0.185,267.0,239.0,5.0,18.0,216.0,1201.0,13.529,74.0,6466.0,4.49,158.0,,,,,,,,,,,,,,,,Wednesday,2,False,4,16,239,16.597,2.092,False,,
8253242879,11268,8.56,8.56,0.0,5.88,0.93,1.75,0.0,49,20,172,1199,2218,2016-04-21,2214.0,92.25,24.0,359.0,0.249,145.0,11268.0,469.5,7183.0,2218.158,1.54,1440.0,0.249,359.0,241.0,49.0,20.0,172.0,1199.0,15.538,117.0,11268.0,7.825,171.0,,,,,,,,,,,,,,,,Thursday,3,False,4,16,241,16.736,20.332,True,,
8253242879,2824,1.87,1.87,0.0,0.0,0.0,1.87,0.0,0,0,120,1320,1651,2016-04-22,1644.0,68.5,24.0,120.0,0.083,27.0,2824.0,117.667,616.0,1651.078,1.147,1440.0,0.083,120.0,120.0,0.0,0.0,120.0,1320.0,11.565,46.0,2824.0,1.961,89.0,,,,,,,,,,,,,,,,Friday,4,False,4,16,120,8.333,0.0,False,,
8253242879,9282,6.26,6.26,0.0,2.09,1.04,3.13,0.0,30,26,191,1193,2132,2016-04-23,2129.0,88.708,24.0,333.0,0.231,118.0,9282.0,386.75,3274.0,2132.601,1.481,1440.0,0.231,333.0,247.0,30.0,26.0,191.0,1193.0,14.938,105.0,9282.0,6.446,187.0,,,,,,,,,,,,,,,,Saturday,5,True,4,16,247,17.153,12.146,False,,
8253242879,8905,7.13,7.13,0.0,5.6,0.19,1.34,0.0,41,4,82,1313,1976,2016-04-24,1972.0,82.167,24.0,213.0,0.148,105.0,8905.0,371.042,5348.0,1976.257,1.372,1440.0,0.148,213.0,127.0,41.0,4.0,82.0,1313.0,13.843,111.0,8905.0,6.184,106.0,,,,,,,,,,,,,,,,Sunday,6,True,4,16,127,8.819,32.283,False,,
8253242879,6829,4.51,4.51,0.0,0.36,2.39,1.77,0.0,7,54,118,1261,1909,2016-04-25,1903.0,79.292,24.0,247.0,0.172,76.0,6829.0,284.542,2308.0,1909.04,1.326,1440.0,0.172,247.0,179.0,7.0,54.0,118.0,1261.0,13.372,64.0,6829.0,4.742,154.0,,,,,,,,,,,,,,,,Monday,0,False,4,17,179,12.431,3.911,False,,
8253242879,4562,3.04,3.04,0.0,1.18,0.49,1.37,0.0,19,14,108,1299,1813,2016-04-26,1809.0,75.375,24.0,193.0,0.134,103.0,4562.0,190.083,2762.0,1813.37,1.259,1440.0,0.134,193.0,141.0,19.0,14.0,108.0,1299.0,12.702,103.0,4562.0,3.168,109.0,,,,,,,,,,,,,,,,Tuesday,1,False,4,17,141,9.792,13.475,False,,
8253242879,10232,8.18,8.18,0.0,6.24,0.23,1.7,0.0,45,5,104,1286,2008,2016-04-27,2005.0,83.542,24.0,249.0,0.173,149.0,10232.0,426.333,7652.0,2008.279,1.395,1440.0,0.173,249.0,154.0,45.0,5.0,104.0,1286.0,14.067,97.0,10232.0,7.106,121.0,,,,,,,,,,,,,,,,Wednesday,2,False,4,17,154,10.694,29.221,True,,
8253242879,2718,1.8,1.8,0.0,0.67,0.78,0.34,0.0,11,16,20,1393,1580,2016-04-28,1570.0,65.417,24.0,85.0,0.059,78.0,2718.0,113.25,2557.0,1580.292,1.097,1440.0,0.059,85.0,47.0,11.0,16.0,20.0,1393.0,11.069,70.0,2718.0,1.888,46.0,,,,,,,,,,,,,,,,Thursday,3,False,4,17,47,3.264,23.404,False,,
8253242879,6260,4.26,4.26,0.0,1.29,0.54,2.4,0.0,16,14,136,1257,1854,2016-04-29,1781.0,77.435,23.0,202.0,0.146,89.0,5937.0,258.13,3232.0,1786.999,1.295,1380.0,0.146,202.0,156.0,16.0,14.0,126.0,1224.0,13.062,89.0,5937.0,4.302,133.0,,,,,,,,,,,,,,,,Friday,4,False,4,17,166,11.665,9.639,False,,
8253242879,0,0.0,0.0,0.0,0.0,0.0,0.0,0.0,0,0,0,1440,0,2016-04-30,,,,,,,,,,,,,,,,,,,,,,,,,,,,,,,,,,,,,,,,Saturday,5,True,4,17,0,0.0,0.0,False,,
8378563200,7626,6.05,6.05,2.253,0.83,0.71,4.5,0.0,65,15,156,723,3635,2016-04-12,3636.0,151.5,24.0,381.0,0.265,165.0,7626.0,317.75,1513.0,3635.47,2.525,1440.0,0.265,381.0,236.0,65.0,15.0,156.0,1204.0,16.812,80.0,7626.0,5.296,181.0,,,,,,,1.0,338.0,356.0,94.944,,,,,,Tuesday,1,False,4,15,236,24.609,27.542,False,False,
8378563200,12386,9.82,9.82,2.092,4.96,0.65,4.21,0.0,116,14,169,680,4079,2016-04-13,4080.0,170.0,24.0,545.0,0.378,165.0,12386.0,516.083,3712.0,4079.614,2.833,1440.0,0.378,545.0,299.0,116.0,14.0,169.0,1141.0,18.867,80.0,12386.0,8.601,244.0,,,,,,,2.0,447.0,487.0,91.786,,,,,,Wednesday,2,False,4,15,299,30.541,38.796,True,True,
8378563200,13318,10.56,10.56,2.253,5.62,1.03,3.91,0.0,123,21,174,699,4163,2016-04-14,4164.0,173.5,24.0,585.0,0.406,150.0,13318.0,554.917,4741.0,4163.397,2.891,1440.0,0.406,585.0,318.0,123.0,21.0,174.0,1122.0,19.254,80.0,13318.0,9.249,263.0,,,,,,,1.0,424.0,455.0,93.187,,,,,,Thursday,3,False,4,15,318,31.268,38.679,True,True,
8378563200,14461,11.47,11.47,0.0,4.91,1.15,5.41,0.0,60,23,190,729,3666,2016-04-15,3655.0,152.292,24.0,416.0,0.289,103.0,14461.0,602.542,3512.0,3655.852,2.539,1440.0,0.289,416.0,273.0,60.0,23.0,190.0,1167.0,16.908,78.0,14461.0,10.042,273.0,,,,,,,1.0,513.0,533.0,96.248,,,,,,Friday,4,False,4,15,273,27.246,21.978,True,True,
8378563200,11207,8.89,8.89,0.0,5.37,1.07,2.44,0.0,64,21,142,563,3363,2016-04-16,3362.0,140.083,24.0,376.0,0.261,149.0,11196.0,466.5,5112.0,3363.06,2.335,1440.0,0.261,376.0,227.0,64.0,21.0,142.0,1213.0,15.554,82.0,11196.0,7.775,227.0,,,,,,,2.0,611.0,689.0,88.679,,,,,,Saturday,5,True,4,15,227,28.734,28.194,True,True,
8378563200,2132,1.69,1.69,0.0,0.0,0.0,1.69,0.0,0,0,93,599,2572,2016-04-17,2571.0,107.125,24.0,93.0,0.065,16.0,2132.0,88.833,547.0,2572.07,1.786,1440.0,0.065,93.0,93.0,0.0,0.0,93.0,1347.0,11.896,56.0,2132.0,1.481,93.0,,,,,,,2.0,525.0,591.0,88.832,,,,,,Sunday,6,True,4,15,93,13.439,0.0,False,True,
8378563200,13630,10.81,10.81,2.092,5.05,0.56,5.2,0.0,117,10,174,720,4157,2016-04-18,4159.0,173.292,24.0,545.0,0.378,165.0,13630.0,567.917,3869.0,4157.992,2.887,1440.0,0.378,545.0,301.0,117.0,10.0,174.0,1139.0,19.229,80.0,13630.0,9.465,246.0,,,,,,,1.0,398.0,451.0,88.248,,,,,,Monday,0,False,4,16,301,29.481,38.87,True,False,
8378563200,13070,10.36,10.36,2.253,5.3,0.88,4.18,0.0,120,19,154,737,4092,2016-04-19,4091.0,170.458,24.0,552.0,0.383,165.0,13070.0,544.583,3870.0,4092.226,2.842,1440.0,0.383,552.0,293.0,120.0,19.0,154.0,1147.0,18.925,80.0,13070.0,9.076,238.0,,,,,,,1.0,387.0,421.0,91.924,,,,,,Tuesday,1,False,4,16,293,28.447,40.956,True,False,
8378563200,9388,7.44,7.44,2.092,2.23,0.44,4.78,0.0,82,8,169,763,3787,2016-04-20,3787.0,157.792,24.0,431.0,0.299,165.0,9388.0,391.167,1742.0,3787.122,2.63,1440.0,0.299,431.0,259.0,82.0,8.0,169.0,1181.0,17.514,80.0,9388.0,6.519,204.0,,,,,,,1.0,381.0,409.0,93.154,,,,,,Wednesday,2,False,4,16,259,25.342,31.66,False,False,
8378563200,15148,12.01,12.01,2.253,6.9,0.82,4.29,0.0,137,16,145,677,4236,2016-04-21,4238.0,176.583,24.0,588.0,0.408,165.0,15148.0,631.167,4373.0,4236.07,2.942,1440.0,0.408,588.0,298.0,137.0,16.0,145.0,1142.0,19.59,80.0,15148.0,10.519,243.0,,,,,,,1.0,396.0,417.0,94.964,,,,,,Thursday,3,False,4,16,298,30.564,45.973,True,False,
8378563200,12200,9.67,9.67,2.092,4.91,0.59,4.18,0.0,113,12,159,769,4044,2016-04-22,4046.0,168.583,24.0,522.0,0.363,165.0,12200.0,508.333,4242.0,4044.779,2.809,1440.0,0.362,522.0,284.0,113.0,12.0,159.0,1156.0,18.706,80.0,12200.0,8.472,229.0,,,,,,,1.0,441.0,469.0,94.03,,,,,,Friday,4,False,4,16,284,26.971,39.789,True,True,
8378563200,5709,4.53,4.53,0.0,1.52,0.52,2.48,0.0,19,10,136,740,2908,2016-04-23,2910.0,121.25,24.0,213.0,0.148,92.0,5709.0,237.875,2945.0,2908.706,2.02,1440.0,0.148,213.0,165.0,19.0,10.0,136.0,1275.0,13.453,74.0,5709.0,3.965,165.0,,,,,,,1.0,565.0,591.0,95.601,,,,,,Saturday,5,True,4,16,165,18.232,11.515,False,True,
8378563200,3703,2.94,2.94,0.0,0.0,0.0,2.94,0.0,0,0,135,734,2741,2016-04-24,2743.0,114.292,24.0,135.0,0.094,18.0,3703.0,154.292,623.0,2741.439,1.904,1440.0,0.094,135.0,135.0,0.0,0.0,135.0,1305.0,12.679,66.0,3703.0,2.572,135.0,,,,,,,1.0,458.0,492.0,93.089,,,,,,Sunday,6,True,4,16,135,15.535,0.0,False,True,
8378563200,12405,9.84,9.84,2.092,5.05,0.87,3.92,0.0,117,16,141,692,4005,2016-04-25,4009.0,167.042,24.0,524.0,0.364,165.0,12405.0,516.875,3811.0,4005.44,2.782,1440.0,0.364,524.0,274.0,117.0,16.0,141.0,1166.0,18.524,80.0,12405.0,8.615,219.0,,,,,,,1.0,388.0,402.0,96.517,,,,,,Monday,0,False,4,17,274,28.364,42.701,True,False,
8378563200,16208,12.85,12.85,0.0,7.51,0.92,4.42,0.0,90,18,161,593,3763,2016-04-26,3765.0,156.875,24.0,467.0,0.324,118.0,16208.0,675.333,4168.0,3763.36,2.613,1440.0,0.324,467.0,269.0,90.0,18.0,161.0,1171.0,17.406,76.0,16208.0,11.256,269.0,,,,,,,1.0,550.0,584.0,94.178,,,,,,Tuesday,1,False,4,17,269,31.206,33.457,True,True,
8378563200,7359,5.84,5.84,0.0,0.33,0.18,5.33,0.0,4,4,192,676,3061,2016-04-27,3061.0,127.542,24.0,212.0,0.147,35.0,7359.0,306.625,1040.0,3061.559,2.126,1440.0,0.147,212.0,200.0,4.0,4.0,192.0,1240.0,14.16,72.0,7359.0,5.11,200.0,,,,,,,1.0,531.0,600.0,88.5,,,,,,Wednesday,2,False,4,17,200,22.831,2.0,False,True,
8378563200,5417,4.3,4.3,0.0,0.9,0.49,2.91,0.0,11,10,139,711,2884,2016-04-28,2884.0,120.167,24.0,192.0,0.133,31.0,5417.0,225.708,1030.0,2884.982,2.003,1440.0,0.133,192.0,160.0,11.0,10.0,139.0,1280.0,13.343,72.0,5417.0,3.762,160.0,,,,,,,1.0,506.0,556.0,91.007,,,,,,Thursday,3,False,4,17,160,18.37,6.875,False,True,
8378563200,6175,4.9,4.9,0.0,0.25,0.36,4.27,0.0,3,7,172,767,2982,2016-04-29,2982.0,124.25,24.0,195.0,0.135,35.0,6147.0,256.125,1071.0,2982.88,2.071,1440.0,0.135,195.0,182.0,3.0,7.0,172.0,1258.0,13.796,78.0,6147.0,4.269,182.0,,,,,,,1.0,527.0,562.0,93.772,,,,,,Friday,4,False,4,17,182,19.178,1.648,False,True,
8378563200,2946,2.34,2.34,0.0,0.0,0.0,2.34,0.0,0,0,121,780,2660,2016-04-30,2660.0,110.833,24.0,121.0,0.084,16.0,2946.0,122.75,554.0,2660.358,1.847,1440.0,0.084,121.0,121.0,0.0,0.0,121.0,1319.0,12.304,62.0,2946.0,2.046,121.0,,,,,,,1.0,468.0,555.0,84.324,,,,,,Saturday,5,True,4,17,121,13.43,0.0,False,True,
8378563200,11419,9.06,9.06,0.0,6.03,0.56,2.47,0.0,71,10,127,669,3369,2016-05-01,3370.0,140.417,24.0,360.0,0.25,162.0,11419.0,475.792,5661.0,3369.967,2.34,1440.0,0.25,360.0,208.0,71.0,10.0,127.0,1232.0,15.586,82.0,11419.0,7.93,208.0,,,,,,,1.0,475.0,539.0,88.126,,,,,,Sunday,6,True,5,17,208,23.717,34.135,True,True,
8378563200,6064,4.81,4.81,2.092,0.63,0.17,4.01,0.0,63,4,142,802,3491,2016-05-02,3491.0,145.458,24.0,339.0,0.235,165.0,6064.0,252.667,1209.0,3491.326,2.425,1440.0,0.235,339.0,209.0,63.0,4.0,142.0,1231.0,16.146,80.0,6064.0,4.211,154.0,,,,,,,1.0,351.0,385.0,91.169,,,,,,Monday,0,False,5,18,209,20.673,30.144,False,False,
8378563200,8712,6.91,6.91,2.253,1.34,1.06,4.5,0.0,71,20,195,822,3784,2016-05-03,3786.0,157.75,24.0,448.0,0.311,165.0,8712.0,363.0,1574.0,3784.719,2.628,1440.0,0.311,448.0,286.0,71.0,20.0,195.0,1154.0,17.503,80.0,8712.0,6.05,231.0,,,,,,,1.0,405.0,429.0,94.406,,,,,,Tuesday,1,False,5,18,286,25.812,24.825,False,False,
8378563200,7875,6.24,6.24,0.0,1.56,0.49,4.2,0.0,19,10,167,680,3110,2016-05-04,3109.0,129.542,24.0,244.0,0.169,45.0,7875.0,328.125,1417.0,3109.907,2.16,1440.0,0.169,244.0,196.0,19.0,10.0,167.0,1244.0,14.383,76.0,7875.0,5.469,196.0,,,,,,,1.0,441.0,477.0,92.453,,,,,,Wednesday,2,False,5,18,196,22.374,9.694,False,True,
8378563200,8567,6.79,6.79,2.253,0.89,0.16,5.74,0.0,66,3,214,764,3783,2016-05-05,3785.0,157.708,24.0,418.0,0.29,165.0,8567.0,356.958,1398.0,3783.818,2.628,1440.0,0.29,418.0,283.0,66.0,3.0,214.0,1157.0,17.499,80.0,8567.0,5.949,228.0,,,,,,,1.0,381.0,417.0,91.367,,,,,,Thursday,3,False,5,18,283,27.03,23.322,False,False,
8378563200,7045,5.59,5.59,2.092,1.55,0.25,3.78,0.0,74,5,166,831,3644,2016-05-06,3645.0,151.875,24.0,398.0,0.276,165.0,7045.0,293.542,1430.0,3644.779,2.531,1440.0,0.276,398.0,245.0,74.0,5.0,166.0,1195.0,16.856,80.0,7045.0,4.892,190.0,,,,,,,1.0,323.0,355.0,90.986,,,,,,Friday,4,False,5,18,245,22.77,30.204,False,False,
8378563200,4468,3.54,3.54,0.0,0.0,0.0,3.54,0.0,0,0,158,851,2799,2016-05-07,2800.0,116.667,24.0,158.0,0.11,27.0,4468.0,186.167,1112.0,2799.397,1.944,1440.0,0.11,158.0,158.0,0.0,0.0,158.0,1282.0,12.947,66.0,4468.0,3.103,158.0,,,,,,,2.0,459.0,513.0,89.474,,,,,,Saturday,5,True,5,18,158,15.659,0.0,False,True,
8378563200,2943,2.33,2.33,0.0,0.0,0.0,2.33,0.0,0,0,139,621,2685,2016-05-08,2684.0,111.833,24.0,139.0,0.097,22.0,2943.0,122.625,506.0,2685.883,1.865,1440.0,0.097,139.0,139.0,0.0,0.0,139.0,1301.0,12.422,54.0,2943.0,2.044,139.0,,,,,,,1.0,545.0,606.0,89.934,,,,,,Sunday,6,True,5,18,139,18.289,0.0,False,True,
8378563200,8382,6.65,6.65,2.092,1.27,0.66,4.72,0.0,71,13,171,772,3721,2016-05-09,3721.0,155.042,24.0,410.0,0.285,165.0,8382.0,349.25,1539.0,3721.656,2.584,1440.0,0.285,410.0,255.0,71.0,13.0,171.0,1185.0,17.211,80.0,8382.0,5.821,200.0,,,,,,,1.0,359.0,399.0,89.975,,,,,,Monday,0,False,5,19,255,24.83,27.843,False,False,
8378563200,6582,5.22,5.22,2.253,0.66,0.64,3.92,0.0,63,13,152,840,3586,2016-05-10,3588.0,149.5,24.0,367.0,0.255,165.0,6582.0,274.25,1199.0,3586.521,2.491,1440.0,0.255,367.0,228.0,63.0,13.0,152.0,1212.0,16.586,80.0,6582.0,4.571,173.0,,,,,,,1.0,342.0,391.0,87.468,,,,,,Tuesday,1,False,5,19,228,21.348,27.632,False,False,
8378563200,9143,7.25,7.25,2.092,1.39,0.59,5.27,0.0,72,10,184,763,3788,2016-05-11,3788.0,157.833,24.0,420.0,0.292,165.0,9143.0,380.958,1396.0,3788.323,2.631,1440.0,0.292,420.0,266.0,72.0,10.0,184.0,1174.0,17.519,80.0,9143.0,6.349,211.0,,,,,,,1.0,368.0,387.0,95.09,,,,,,Wednesday,2,False,5,19,266,25.85,27.068,False,False,
8378563200,4561,3.62,3.62,0.0,0.65,0.27,2.69,0.0,8,6,102,433,1976,2016-05-12,1857.0,123.8,15.0,127.0,0.141,37.0,4056.0,270.4,1173.0,1607.206,2.061,780.0,0.145,113.0,91.0,8.0,6.0,77.0,689.0,13.723,70.0,3574.0,4.582,91.0,,,,,,,1.0,496.0,546.0,90.842,,,,,,Thursday,3,False,5,19,116,21.129,6.897,False,True,
8583815059,5014,3.91,3.91,0.0,0.0,0.33,3.58,0.0,0,7,196,1237,2650,2016-04-12,2650.0,110.417,24.0,210.0,0.146,43.0,5014.0,208.917,987.0,2650.164,1.84,1440.0,0.146,210.0,203.0,0.0,7.0,196.0,1237.0,13.122,72.0,5014.0,3.482,203.0,,,,,,,,,,,,,,,,Tuesday,1,False,4,15,203,14.097,0.0,False,,
8583815059,5571,4.35,4.35,0.0,0.15,0.97,3.23,0.0,2,23,163,1252,2654,2016-04-13,2653.0,110.542,24.0,215.0,0.149,77.0,5571.0,232.125,2351.0,2654.231,1.843,1440.0,0.149,215.0,188.0,2.0,23.0,163.0,1252.0,13.142,62.0,5571.0,3.869,188.0,,,,,,,,,,,,,,,,Wednesday,2,False,4,15,188,13.056,1.064,False,,
8583815059,3135,2.45,2.45,0.0,0.0,0.0,2.43,0.0,0,0,134,1306,2443,2016-04-14,2442.0,101.75,24.0,134.0,0.093,37.0,3118.0,129.917,1225.0,2442.454,1.696,1440.0,0.093,134.0,134.0,0.0,0.0,134.0,1306.0,12.094,50.0,3118.0,2.165,134.0,,,,,,,,,,,,,,,,Thursday,3,False,4,15,134,9.306,0.0,False,,
8583815059,3430,2.68,2.68,0.0,0.0,0.0,0.9,0.0,0,0,65,1375,2505,2016-04-15,2207.0,91.958,24.0,65.0,0.045,23.0,1158.0,48.25,376.0,2207.816,1.533,1440.0,0.045,65.0,65.0,0.0,0.0,65.0,1375.0,10.932,42.0,1158.0,0.804,65.0,,,,,,,,,,,,,,,,Friday,4,False,4,15,65,4.514,0.0,False,,
8583815059,5319,4.15,4.15,0.0,0.0,0.0,0.0,0.0,0,0,0,1440,2693,2016-04-16,2016.0,84.0,24.0,0.0,0.0,0.0,0.0,0.0,0.0,2019.6,1.403,1440.0,0.0,0.0,0.0,0.0,0.0,0.0,1440.0,10.0,10.0,0.0,0.0,0.0,,,,,,,,,,,,,,,,Saturday,5,True,4,15,0,0.0,0.0,False,,
8583815059,3008,2.35,2.35,0.0,0.0,0.0,0.0,0.0,0,0,0,1440,2439,2016-04-17,2016.0,84.0,24.0,0.0,0.0,0.0,0.0,0.0,0.0,2019.6,1.403,1440.0,0.0,0.0,0.0,0.0,0.0,0.0,1440.0,10.0,10.0,0.0,0.0,0.0,,,,,,,,,,,,,,,,Sunday,6,True,4,15,0,0.0,0.0,False,,
8583815059,3864,3.01,3.01,0.0,0.31,1.06,1.35,0.0,4,22,105,1309,2536,2016-04-18,2496.0,104.0,24.0,161.0,0.112,71.0,3481.0,145.042,2096.0,2498.694,1.735,1440.0,0.112,161.0,131.0,4.0,22.0,105.0,1309.0,12.372,66.0,3481.0,2.417,131.0,,,,,,,,,,,,,,,,Monday,0,False,4,16,131,9.097,3.053,False,,
8583815059,5697,4.44,4.44,0.0,0.53,0.48,3.44,0.0,7,10,166,1257,2668,2016-04-19,2668.0,111.167,24.0,207.0,0.144,50.0,5697.0,237.375,1471.0,2668.817,1.853,1440.0,0.144,207.0,183.0,7.0,10.0,166.0,1257.0,13.215,70.0,5697.0,3.956,183.0,,,,,,,,,,,,,,,,Tuesday,1,False,4,16,183,12.708,3.825,False,,
8583815059,5273,4.11,4.11,0.0,0.0,1.04,3.07,0.0,0,27,167,1246,2647,2016-04-20,2647.0,110.292,24.0,221.0,0.153,63.0,5273.0,219.708,1653.0,2647.64,1.839,1440.0,0.153,221.0,194.0,0.0,27.0,167.0,1246.0,13.11,58.0,5273.0,3.662,194.0,,,,,,,,,,,,,,,,Wednesday,2,False,4,16,194,13.472,0.0,False,,
8583815059,8538,6.66,6.66,0.0,2.63,1.02,3.01,0.0,35,18,158,1229,2883,2016-04-21,2883.0,120.125,24.0,299.0,0.208,95.0,8538.0,355.75,3092.0,2883.119,2.002,1440.0,0.208,299.0,211.0,35.0,18.0,158.0,1229.0,14.276,72.0,8538.0,5.929,211.0,,,,,,,,,,,,,,,,Thursday,3,False,4,16,211,14.653,16.588,False,,
8583815059,8687,6.78,6.78,0.0,0.29,2.41,4.08,0.0,4,54,212,1170,2944,2016-04-22,2944.0,122.667,24.0,332.0,0.231,84.0,8687.0,361.958,2228.0,2944.409,2.045,1440.0,0.231,332.0,270.0,4.0,54.0,212.0,1170.0,14.579,66.0,8687.0,6.033,270.0,,,,,,,,,,,,,,,,Friday,4,False,4,16,270,18.75,1.481,False,,
8583815059,9423,7.35,7.35,0.0,0.53,2.03,4.75,0.0,7,44,238,1151,3012,2016-04-23,3011.0,125.458,24.0,347.0,0.241,84.0,9381.0,390.875,2575.0,3011.448,2.091,1440.0,0.241,347.0,289.0,7.0,44.0,238.0,1151.0,14.911,70.0,9381.0,6.515,289.0,,,,,,,,,,,,,,,,Saturday,5,True,4,16,289,20.069,2.422,False,,
8583815059,8286,6.46,6.46,0.0,0.15,2.05,4.27,0.0,2,44,206,1188,2889,2016-04-24,2887.0,120.292,24.0,300.0,0.208,69.0,8286.0,345.25,1888.0,2889.431,2.007,1440.0,0.208,300.0,252.0,2.0,44.0,206.0,1188.0,14.307,66.0,8286.0,5.754,252.0,,,,,,,,,,,,,,,,Sunday,6,True,4,16,252,17.5,0.794,False,,
8583815059,4503,3.51,3.51,0.0,1.47,0.24,1.81,0.0,18,6,122,1294,2547,2016-04-25,2547.0,106.125,24.0,188.0,0.131,48.0,4503.0,187.625,1447.0,2547.782,1.769,1440.0,0.131,188.0,146.0,18.0,6.0,122.0,1294.0,12.615,74.0,4503.0,3.127,146.0,,,,,,,,,,,,,,,,Monday,0,False,4,17,146,10.139,12.329,False,,
8583815059,10499,8.19,8.19,0.0,0.07,4.22,3.89,0.0,1,91,214,1134,3093,2016-04-26,3092.0,128.833,24.0,399.0,0.277,100.0,10499.0,437.458,2940.0,3093.775,2.148,1440.0,0.277,399.0,306.0,1.0,91.0,214.0,1134.0,15.319,64.0,10499.0,7.291,306.0,,,,,,,,,,,,,,,,Tuesday,1,False,4,17,306,21.25,0.327,True,,
8583815059,12474,9.73,9.73,0.0,6.6,0.27,2.87,0.0,77,5,129,1229,3142,2016-04-27,3140.0,130.833,24.0,370.0,0.257,178.0,12474.0,519.75,6503.0,3142.722,2.182,1440.0,0.257,370.0,211.0,77.0,5.0,129.0,1229.0,15.561,80.0,12474.0,8.662,211.0,,,,,,,,,,,,,,,,Wednesday,2,False,4,17,211,14.653,36.493,True,,
8583815059,6174,4.82,4.82,0.0,0.0,1.2,3.61,0.0,0,28,203,1209,2757,2016-04-28,2756.0,114.833,24.0,259.0,0.18,59.0,6174.0,257.25,1867.0,2757.315,1.915,1440.0,0.18,259.0,231.0,0.0,28.0,203.0,1209.0,13.653,62.0,6174.0,4.288,231.0,,,,,,,,,,,,,,,,Thursday,3,False,4,17,231,16.042,0.0,False,,
8583815059,15168,11.83,11.83,0.0,3.9,3.0,4.92,0.0,46,67,258,1069,3513,2016-04-29,3508.0,146.167,24.0,530.0,0.368,110.0,15156.0,631.5,3955.0,3509.897,2.437,1440.0,0.368,530.0,371.0,46.0,67.0,258.0,1069.0,17.379,76.0,15156.0,10.525,371.0,,,,,,,,,,,,,,,,Friday,4,False,4,17,371,25.764,12.399,True,,
8583815059,10085,7.87,7.87,0.0,0.15,1.28,6.43,0.0,2,28,317,1093,3164,2016-04-30,3163.0,131.792,24.0,379.0,0.263,67.0,10085.0,420.208,1823.0,3164.601,2.198,1440.0,0.263,379.0,347.0,2.0,28.0,317.0,1093.0,15.669,70.0,10085.0,7.003,347.0,,,,,,,,,,,,,,,,Saturday,5,True,4,17,347,24.097,0.576,True,,
8583815059,4512,3.52,3.52,0.0,0.78,0.12,2.04,0.0,10,2,117,1311,2596,2016-05-01,2463.0,102.625,24.0,151.0,0.105,55.0,3773.0,157.208,1361.0,2462.79,1.71,1440.0,0.105,151.0,129.0,10.0,2.0,117.0,1311.0,12.194,70.0,3773.0,2.62,129.0,,,,,,,,,,,,,,,,Sunday,6,True,5,17,129,8.958,7.752,False,,
8583815059,8469,6.61,6.61,0.0,0.0,0.0,0.0,0.0,0,0,0,1440,2894,2016-05-02,2016.0,84.0,24.0,0.0,0.0,0.0,0.0,0.0,0.0,2019.6,1.403,1440.0,0.0,0.0,0.0,0.0,0.0,0.0,1440.0,10.0,10.0,0.0,0.0,0.0,,,,,,,,,,,,,,,,Monday,0,False,5,18,0,0.0,0.0,False,,
8583815059,12015,9.37,9.37,0.0,0.0,0.0,0.0,0.0,0,0,0,1440,3212,2016-05-03,2016.0,84.0,24.0,0.0,0.0,0.0,0.0,0.0,0.0,2019.6,1.403,1440.0,0.0,0.0,0.0,0.0,0.0,0.0,1440.0,10.0,10.0,0.0,0.0,0.0,,,,,,,,,,,,,,,,Tuesday,1,False,5,18,0,0.0,0.0,True,,
8583815059,3588,2.8,2.8,0.0,0.0,0.0,0.0,0.0,0,0,0,1440,2516,2016-05-04,2016.0,84.0,24.0,0.0,0.0,0.0,0.0,0.0,0.0,2019.6,1.403,1440.0,0.0,0.0,0.0,0.0,0.0,0.0,1440.0,10.0,10.0,0.0,0.0,0.0,,,,,,,,,,,,,,,,Wednesday,2,False,5,18,0,0.0,0.0,False,,
8583815059,12427,9.69,9.69,0.0,0.0,0.0,1.18,0.0,0,0,70,1370,3266,2016-05-05,2230.0,92.917,24.0,70.0,0.049,24.0,1507.0,62.792,776.0,2233.622,1.551,1440.0,0.049,70.0,70.0,0.0,0.0,70.0,1370.0,11.06,60.0,1507.0,1.047,70.0,,,,,,,,,,,,,,,,Thursday,3,False,5,18,70,4.861,0.0,True,,
8583815059,5843,4.56,4.56,0.0,0.14,1.19,3.23,0.0,2,22,166,1250,2683,2016-05-06,2681.0,111.708,24.0,216.0,0.15,55.0,5843.0,243.458,1608.0,2682.562,1.863,1440.0,0.15,216.0,190.0,2.0,22.0,166.0,1250.0,13.283,68.0,5843.0,4.058,190.0,,,,,,,,,,,,,,,,Friday,4,False,5,18,190,13.194,1.053,False,,
8583815059,6117,4.77,4.77,0.0,0.0,0.0,4.77,0.0,0,0,250,1190,2810,2016-05-07,2809.0,117.042,24.0,250.0,0.174,26.0,6117.0,254.875,889.0,2810.75,1.952,1440.0,0.174,250.0,250.0,0.0,0.0,250.0,1190.0,13.917,70.0,6117.0,4.248,250.0,,,,,,,,,,,,,,,,Saturday,5,True,5,18,250,17.361,0.0,False,,
8583815059,9217,7.19,7.19,0.0,0.22,3.31,3.66,0.0,3,72,182,1183,2940,2016-05-08,2939.0,122.458,24.0,335.0,0.233,83.0,9217.0,384.042,2484.0,2940.201,2.042,1440.0,0.233,335.0,257.0,3.0,72.0,182.0,1183.0,14.558,66.0,9217.0,6.401,257.0,,,,,,,,,,,,,,,,Sunday,6,True,5,18,257,17.847,1.167,False,,
8583815059,9877,7.7,7.7,0.0,5.76,0.17,1.73,0.0,66,4,110,1260,2947,2016-05-09,2938.0,122.417,24.0,316.0,0.219,176.0,9834.0,409.75,6554.0,2940.061,2.042,1440.0,0.219,316.0,180.0,66.0,4.0,110.0,1260.0,14.558,80.0,9834.0,6.829,180.0,,,,,,,,,,,,,,,,Monday,0,False,5,19,180,12.5,36.667,False,,
8583815059,8240,6.43,6.43,0.0,0.69,2.01,3.72,0.0,9,43,162,1226,2846,2016-05-10,2839.0,118.292,24.0,275.0,0.191,82.0,8217.0,342.375,2631.0,2842.307,1.974,1440.0,0.191,275.0,214.0,9.0,43.0,162.0,1226.0,14.074,74.0,8217.0,5.706,214.0,,,,,,,,,,,,,,,,Tuesday,1,False,5,19,214,14.861,4.206,False,,
8583815059,8701,6.79,6.79,0.0,0.37,3.24,3.17,0.0,5,71,177,1106,2804,2016-05-11,2729.0,124.045,22.0,327.0,0.248,97.0,8597.0,390.773,2751.0,2730.527,2.069,1320.0,0.248,327.0,246.0,5.0,71.0,170.0,1074.0,14.749,70.0,8597.0,6.513,246.0,,,,,,,,,,,,,,,,Wednesday,2,False,5,19,253,18.617,1.976,False,,
8583815059,0,0.0,0.0,0.0,0.0,0.0,0.0,0.0,0,0,0,1440,0,2016-05-12,,,,,,,,,,,,,,,,,,,,,,,,,,,,,,,,,,,,,,,,Thursday,3,False,5,19,0,0.0,0.0,False,,
8792009665,2564,1.64,1.64,0.0,0.0,0.0,1.64,0.0,0,0,116,831,2044,2016-04-12,2040.0,85.0,24.0,116.0,0.081,29.0,2556.0,106.5,781.0,2044.368,1.42,1440.0,0.081,116.0,116.0,0.0,0.0,116.0,1324.0,12.106,66.0,2556.0,1.775,112.0,68.922,48.0,135.0,66.0,12.121,7587.0,1.0,458.0,493.0,92.901,,,,,,Tuesday,1,False,4,15,116,12.249,0.0,False,True,
8792009665,1320,0.84,0.84,0.0,0.0,0.0,0.84,0.0,0,0,82,806,1934,2016-04-13,1936.0,80.667,24.0,82.0,0.057,12.0,1320.0,55.0,206.0,1934.838,1.344,1440.0,0.057,82.0,82.0,0.0,0.0,82.0,1358.0,11.458,56.0,1320.0,0.917,82.0,68.506,43.0,121.0,67.0,10.212,8044.0,1.0,531.0,552.0,96.196,,,,,,Wednesday,2,False,4,15,82,9.234,0.0,False,True,
8792009665,1219,0.78,0.78,0.0,0.0,0.0,0.78,0.0,0,0,84,853,1963,2016-04-14,1960.0,81.667,24.0,84.0,0.058,15.0,1219.0,50.792,279.0,1963.217,1.363,1440.0,0.058,84.0,84.0,0.0,0.0,84.0,1356.0,11.626,68.0,1219.0,0.847,78.0,69.089,46.0,124.0,69.0,11.388,7461.0,1.0,486.0,503.0,96.62,,,,,,Thursday,3,False,4,15,84,8.965,0.0,False,True,
8792009665,2483,1.59,1.59,0.0,0.0,0.0,1.59,0.0,0,0,126,937,2009,2016-04-15,2008.0,83.667,24.0,126.0,0.088,29.0,2483.0,103.458,724.0,2009.656,1.396,1440.0,0.088,126.0,126.0,0.0,0.0,126.0,1314.0,11.901,46.0,2483.0,1.724,126.0,66.864,49.0,116.0,65.0,8.088,3605.0,1.0,363.0,377.0,96.286,,,,,,Friday,4,False,4,15,126,11.853,0.0,False,False,
8792009665,244,0.16,0.16,0.0,0.0,0.0,0.16,0.0,0,0,12,1428,1721,2016-04-16,1713.0,71.375,24.0,12.0,0.008,8.0,244.0,10.167,146.0,1721.406,1.195,1440.0,0.008,12.0,12.0,0.0,0.0,12.0,1428.0,10.194,36.0,244.0,0.169,12.0,,,,,,,,,,,,,,,,Saturday,5,True,4,15,12,0.833,0.0,False,,
8792009665,0,0.0,0.0,0.0,0.0,0.0,0.0,0.0,0,0,0,1440,1688,2016-04-17,1680.0,70.0,24.0,0.0,0.0,0.0,0.0,0.0,0.0,1688.688,1.173,1440.0,0.0,0.0,0.0,0.0,0.0,0.0,1440.0,10.0,10.0,0.0,0.0,0.0,,,,,,,,,,,,,,,,Sunday,6,True,4,15,0,0.0,0.0,False,,
8792009665,0,0.0,0.0,0.0,0.0,0.0,0.0,0.0,0,0,0,1440,1688,2016-04-18,1680.0,70.0,24.0,0.0,0.0,0.0,0.0,0.0,0.0,1688.688,1.173,1440.0,0.0,0.0,0.0,0.0,0.0,0.0,1440.0,10.0,10.0,0.0,0.0,0.0,,,,,,,,,,,,,,,,Monday,0,False,4,16,0,0.0,0.0,False,,
8792009665,0,0.0,0.0,0.0,0.0,0.0,0.0,0.0,0,0,0,1440,1688,2016-04-19,1680.0,70.0,24.0,0.0,0.0,0.0,0.0,0.0,0.0,1688.688,1.173,1440.0,0.0,0.0,0.0,0.0,0.0,0.0,1440.0,10.0,10.0,0.0,0.0,0.0,,,,,,,,,,,,,,,,Tuesday,1,False,4,16,0,0.0,0.0,False,,
8792009665,3147,2.01,2.01,0.0,0.0,0.28,1.74,0.0,0,10,139,744,2188,2016-04-20,2189.0,91.208,24.0,159.0,0.11,47.0,3147.0,131.125,1125.0,2188.727,1.52,1440.0,0.11,159.0,149.0,0.0,10.0,139.0,1291.0,12.961,60.0,3147.0,2.185,143.0,69.618,44.0,120.0,69.0,13.526,7765.0,1.0,528.0,547.0,96.527,,,,,,Wednesday,2,False,4,16,149,16.685,0.0,False,True,
8792009665,144,0.09,0.09,0.0,0.0,0.0,0.09,0.0,0,0,9,1431,1720,2016-04-21,1712.0,71.333,24.0,9.0,0.006,9.0,144.0,6.0,144.0,1720.586,1.195,1440.0,0.006,9.0,9.0,0.0,0.0,9.0,1431.0,10.189,48.0,144.0,0.1,9.0,80.804,66.0,108.0,74.0,12.743,184.0,,,,,,,,,,Thursday,3,False,4,16,9,0.625,0.0,False,,
8792009665,4068,2.6,2.6,0.0,0.05,0.28,2.27,0.0,1,20,195,817,2419,2016-04-22,2420.0,100.833,24.0,238.0,0.165,46.0,4068.0,169.5,1009.0,2419.749,1.68,1440.0,0.165,238.0,216.0,1.0,20.0,195.0,1224.0,14.329,77.0,4068.0,2.825,198.0,70.261,44.0,131.0,67.0,13.833,8429.0,1.0,391.0,407.0,96.069,,,,,,Friday,4,False,4,16,216,20.91,0.463,False,False,
8792009665,5245,3.36,3.36,0.0,0.16,0.44,2.75,0.0,8,45,232,795,2748,2016-04-23,2746.0,114.417,24.0,346.0,0.24,84.0,5245.0,218.542,794.0,2748.105,1.908,1440.0,0.24,346.0,285.0,8.0,45.0,232.0,1155.0,16.274,98.0,5245.0,3.642,249.0,77.826,48.0,141.0,75.0,14.842,9095.0,1.0,339.0,360.0,94.167,,,,,,Saturday,5,True,4,16,285,26.389,2.807,False,False,
8792009665,400,0.26,0.26,0.0,0.04,0.05,0.16,0.0,3,8,19,1410,1799,2016-04-24,1792.0,74.667,24.0,44.0,0.031,38.0,400.0,16.667,329.0,1799.977,1.25,1440.0,0.031,44.0,30.0,3.0,8.0,19.0,1410.0,10.659,62.0,400.0,0.278,26.0,76.039,55.0,120.0,66.0,18.727,673.0,,,,,,,,,,Sunday,6,True,4,16,30,2.083,10.0,False,,
8792009665,0,0.0,0.0,0.0,0.0,0.0,0.0,0.0,0,0,0,1440,1688,2016-04-25,1680.0,70.0,24.0,0.0,0.0,0.0,0.0,0.0,0.0,1688.688,1.173,1440.0,0.0,0.0,0.0,0.0,0.0,0.0,1440.0,10.0,10.0,0.0,0.0,0.0,,,,,,,,,,,,,,,,Monday,0,False,4,17,0,0.0,0.0,False,,
8792009665,1321,0.85,0.85,0.0,0.0,0.0,0.85,0.0,0,0,80,1360,1928,2016-04-26,1922.0,80.083,24.0,80.0,0.056,19.0,1321.0,55.042,420.0,1928.271,1.339,1440.0,0.056,80.0,80.0,0.0,0.0,80.0,1360.0,11.419,50.0,1321.0,0.917,80.0,69.843,54.0,114.0,67.0,9.807,5348.0,,,,,,,,,,Tuesday,1,False,4,17,80,5.556,0.0,False,,
8792009665,1758,1.13,1.13,0.0,0.0,0.0,1.13,0.0,0,0,112,900,2067,2016-04-27,2066.0,86.083,24.0,112.0,0.078,15.0,1758.0,73.25,288.0,2066.297,1.435,1440.0,0.078,112.0,112.0,0.0,0.0,112.0,1328.0,12.236,65.0,1758.0,1.221,100.0,68.792,43.0,132.0,68.0,12.226,8406.0,1.0,423.0,428.0,98.832,,,,,,Wednesday,2,False,4,17,112,11.067,0.0,False,True,
8792009665,6157,3.94,3.94,0.0,0.0,0.0,3.94,0.0,0,0,310,714,2780,2016-04-28,2780.0,115.833,24.0,310.0,0.215,41.0,6157.0,256.542,951.0,2780.355,1.931,1440.0,0.215,310.0,310.0,0.0,0.0,310.0,1130.0,16.465,82.0,6157.0,4.276,279.0,76.702,44.0,134.0,76.0,16.471,9374.0,1.0,402.0,416.0,96.635,,,,,,Thursday,3,False,4,17,310,30.273,0.0,False,False,
8792009665,8360,5.35,5.35,0.0,0.14,0.28,4.93,0.0,6,14,380,634,3101,2016-04-29,3100.0,129.167,24.0,426.0,0.296,74.0,8360.0,348.333,1332.0,3101.674,2.154,1440.0,0.296,426.0,400.0,6.0,14.0,380.0,1040.0,18.367,72.0,8360.0,5.806,363.0,80.912,48.0,158.0,81.0,15.841,8907.0,1.0,398.0,406.0,98.03,,,,,,Friday,4,False,4,17,400,38.685,1.5,False,False,
8792009665,7174,4.59,4.59,0.0,0.33,0.36,3.91,0.0,10,20,301,749,2896,2016-04-30,2897.0,120.708,24.0,371.0,0.258,48.0,7174.0,298.917,809.0,2896.921,2.012,1440.0,0.258,371.0,331.0,10.0,20.0,301.0,1109.0,17.155,78.0,7174.0,4.982,322.0,81.465,48.0,132.0,81.0,14.073,9022.0,1.0,343.0,360.0,95.278,,,,,,Saturday,5,True,4,17,331,30.648,3.021,False,False,
8792009665,1619,1.04,1.04,0.0,0.0,0.0,1.04,0.0,0,0,79,834,1962,2016-05-01,1963.0,81.792,24.0,79.0,0.055,11.0,1619.0,67.458,306.0,1962.748,1.363,1440.0,0.055,79.0,79.0,0.0,0.0,79.0,1361.0,11.623,61.0,1619.0,1.124,77.0,67.81,43.0,123.0,66.0,9.893,8613.0,1.0,503.0,527.0,95.446,,,,,,Sunday,6,True,5,17,79,8.653,0.0,False,True,
8792009665,1831,1.17,1.17,0.0,0.0,0.0,1.17,0.0,0,0,101,916,2015,2016-05-02,2013.0,83.875,24.0,101.0,0.07,19.0,1831.0,76.292,351.0,2013.878,1.399,1440.0,0.07,101.0,101.0,0.0,0.0,101.0,1339.0,11.926,62.0,1831.0,1.272,98.0,67.404,45.0,129.0,65.0,10.397,8217.0,1.0,415.0,423.0,98.109,,,,,,Monday,0,False,5,18,101,9.931,0.0,False,False,
8792009665,2421,1.55,1.55,0.0,0.0,0.0,1.55,0.0,0,0,156,739,2297,2016-05-03,2298.0,95.75,24.0,156.0,0.108,28.0,2421.0,100.875,623.0,2297.788,1.596,1440.0,0.108,156.0,156.0,0.0,0.0,156.0,1284.0,13.607,65.0,2421.0,1.681,142.0,74.372,45.0,119.0,74.0,12.617,8496.0,1.0,516.0,545.0,94.679,,,,,,Tuesday,1,False,5,18,156,17.43,0.0,False,True,
8792009665,2283,1.46,1.46,0.0,0.0,0.0,1.46,0.0,0,0,129,848,2067,2016-05-04,2065.0,86.042,24.0,129.0,0.09,24.0,2283.0,95.125,559.0,2067.236,1.436,1440.0,0.09,129.0,129.0,0.0,0.0,129.0,1311.0,12.242,60.0,2283.0,1.585,126.0,74.978,51.0,114.0,74.0,8.896,3615.0,1.0,439.0,463.0,94.816,,,,,,Wednesday,2,False,5,18,129,13.204,0.0,False,True,
8792009665,0,0.0,0.0,0.0,0.0,0.0,0.0,0.0,0,0,0,1440,1688,2016-05-05,1680.0,70.0,24.0,0.0,0.0,0.0,0.0,0.0,0.0,1688.805,1.173,1440.0,0.0,0.0,0.0,0.0,0.0,0.0,1440.0,10.001,11.0,0.0,0.0,0.0,,,,,,,,,,,,,,,,Thursday,3,False,5,18,0,0.0,0.0,False,,
8792009665,0,0.0,0.0,0.0,0.0,0.0,0.0,0.0,0,0,0,1440,1688,2016-05-06,1680.0,70.0,24.0,0.0,0.0,0.0,0.0,0.0,0.0,1688.688,1.173,1440.0,0.0,0.0,0.0,0.0,0.0,0.0,1440.0,10.0,10.0,0.0,0.0,0.0,,,,,,,,,,,,,,,,Friday,4,False,5,18,0,0.0,0.0,False,,
8792009665,0,0.0,0.0,0.0,0.0,0.0,0.0,0.0,0,0,0,1440,1688,2016-05-07,1680.0,70.0,24.0,0.0,0.0,0.0,0.0,0.0,0.0,1688.688,1.173,1440.0,0.0,0.0,0.0,0.0,0.0,0.0,1440.0,10.0,10.0,0.0,0.0,0.0,,,,,,,,,,,,,,,,Saturday,5,True,5,18,0,0.0,0.0,False,,
8792009665,0,0.0,0.0,0.0,0.0,0.0,0.0,0.0,0,0,0,1440,1688,2016-05-08,1680.0,70.0,24.0,0.0,0.0,0.0,0.0,0.0,0.0,1688.688,1.173,1440.0,0.0,0.0,0.0,0.0,0.0,0.0,1440.0,10.0,10.0,0.0,0.0,0.0,,,,,,,,,,,,,,,,Sunday,6,True,5,18,0,0.0,0.0,False,,
8792009665,0,0.0,0.0,0.0,0.0,0.0,0.0,0.0,0,0,0,1440,1688,2016-05-09,1680.0,70.0,24.0,0.0,0.0,0.0,0.0,0.0,0.0,1688.688,1.173,1440.0,0.0,0.0,0.0,0.0,0.0,0.0,1440.0,10.0,10.0,0.0,0.0,0.0,,,,,,,,,,,,,,,,Monday,0,False,5,19,0,0.0,0.0,False,,
8792009665,0,0.0,0.0,0.0,0.0,0.0,0.0,0.0,0,0,0,48,57,2016-05-10,,,,,,,,,,,,,,,,,,,,,,,,,,,,,,,,,,,,,,,,Tuesday,1,False,5,19,0,0.0,0.0,False,,
8877689391,23186,20.4,20.4,0.0,12.22,0.34,7.82,0.0,85,7,312,1036,3921,2016-04-12,3916.0,163.167,24.0,581.0,0.403,158.0,23186.0,966.083,8043.0,3920.585,2.723,1440.0,0.403,581.0,404.0,85.0,7.0,312.0,1036.0,22.229,125.0,23186.0,16.101,400.0,86.548,47.0,164.0,74.0,31.611,8280.0,,,,,85.8,189.157,,25.68,1.0,Tuesday,1,False,4,15,404,28.056,21.04,True,,Overweight
8877689391,15337,9.58,9.58,0.0,3.55,0.38,5.64,0.0,108,18,216,1098,3566,2016-04-13,3565.0,148.542,24.0,576.0,0.4,160.0,15337.0,639.042,3922.0,3566.184,2.477,1440.0,0.4,576.0,342.0,108.0,18.0,216.0,1098.0,20.324,111.0,15337.0,10.651,328.0,84.744,50.0,160.0,71.0,28.652,8577.0,,,,,84.9,187.172,,25.41,1.0,Wednesday,2,False,4,15,342,23.75,31.579,True,,Overweight
8877689391,21129,18.98,18.98,0.0,10.55,0.59,7.75,0.02,68,13,298,1061,3793,2016-04-14,3790.0,157.917,24.0,528.0,0.367,148.0,21071.0,877.958,8318.0,3789.383,2.632,1440.0,0.367,528.0,379.0,68.0,13.0,298.0,1061.0,21.635,135.0,21071.0,14.633,376.0,85.321,50.0,169.0,73.0,33.469,8096.0,,,,,84.5,186.291,,25.31,1.0,Thursday,3,False,4,15,379,26.319,17.942,True,,Overweight
8877689391,13422,7.17,7.17,0.0,0.05,0.05,7.01,0.01,106,1,281,1052,3934,2016-04-15,3920.0,163.333,24.0,601.0,0.417,180.0,13375.0,557.292,2251.0,3918.554,2.721,1440.0,0.417,601.0,388.0,106.0,1.0,281.0,1052.0,22.373,118.0,13375.0,9.288,378.0,91.932,48.0,165.0,77.0,30.715,9743.0,,,,,,,,,,Friday,4,False,4,15,388,26.944,27.32,True,,
8877689391,29326,25.29,25.29,0.0,13.24,1.21,10.71,0.0,94,29,429,888,4547,2016-04-16,4534.0,188.917,24.0,769.0,0.534,140.0,29204.0,1216.833,7973.0,4537.924,3.151,1440.0,0.534,769.0,552.0,94.0,29.0,429.0,888.0,25.776,135.0,29204.0,20.281,544.0,92.056,54.0,172.0,81.0,30.85,8431.0,,,,,85.5,188.495,,25.59,1.0,Saturday,5,True,4,15,552,38.333,17.029,True,,Overweight
8877689391,15118,8.87,8.87,0.0,0.0,0.07,8.79,0.0,58,15,307,1060,3545,2016-04-17,3538.0,147.417,24.0,511.0,0.355,161.0,15118.0,629.917,2851.0,3540.527,2.459,1440.0,0.355,511.0,380.0,58.0,15.0,307.0,1060.0,20.11,114.0,15118.0,10.499,368.0,87.874,51.0,167.0,77.0,29.966,8071.0,,,,,,,,,,Sunday,6,True,4,15,380,26.389,15.263,True,,
8877689391,11423,8.67,8.67,0.0,2.44,0.27,5.94,0.0,29,5,191,1215,2761,2016-04-18,2757.0,114.875,24.0,288.0,0.2,98.0,11409.0,475.375,3721.0,2759.229,1.916,1440.0,0.2,288.0,225.0,29.0,5.0,191.0,1215.0,15.644,96.0,11409.0,7.923,224.0,66.039,48.0,139.0,62.0,13.136,6542.0,,,,,85.8,189.157,,25.68,1.0,Monday,0,False,4,16,225,15.625,12.889,True,,Overweight
8877689391,18785,17.4,17.4,0.0,12.15,0.18,5.03,0.0,82,13,214,1131,3676,2016-04-19,3670.0,152.917,24.0,486.0,0.338,173.0,18748.0,781.167,9392.0,3671.162,2.549,1440.0,0.338,486.0,309.0,82.0,13.0,214.0,1131.0,20.873,141.0,18748.0,13.019,296.0,86.589,49.0,178.0,71.0,37.191,7877.0,,,,,85.3,188.054,,25.53,1.0,Tuesday,1,False,4,16,309,21.458,26.537,True,,Overweight
8877689391,19948,18.11,18.11,0.0,11.02,0.69,6.34,0.0,73,19,225,1123,3679,2016-04-20,3671.0,152.958,24.0,482.0,0.335,173.0,19881.0,828.375,8361.0,3673.046,2.551,1440.0,0.335,482.0,317.0,73.0,19.0,225.0,1123.0,20.933,137.0,19881.0,13.806,304.0,85.494,51.0,173.0,70.0,35.173,7807.0,,,,,84.9,187.172,,25.41,1.0,Wednesday,2,False,4,16,317,22.014,23.028,True,,Overweight
8877689391,19377,17.62,17.62,0.0,12.29,0.42,4.89,0.0,82,13,226,1119,3659,2016-04-21,3661.0,152.542,24.0,498.0,0.346,110.0,19377.0,807.375,5301.0,3659.379,2.541,1440.0,0.346,498.0,321.0,82.0,13.0,226.0,1119.0,20.903,135.0,19377.0,13.456,315.0,87.134,53.0,170.0,72.0,34.282,7582.0,,,,,84.5,186.291,,25.29,1.0,Thursday,3,False,4,16,321,22.292,25.545,True,,Overweight
8877689391,18258,16.31,16.31,0.0,10.23,0.03,5.97,0.05,61,2,236,1141,3427,2016-04-22,3414.0,142.25,24.0,423.0,0.294,133.0,18225.0,759.375,7409.0,3412.835,2.37,1440.0,0.294,423.0,299.0,61.0,2.0,236.0,1141.0,19.495,125.0,18225.0,12.656,297.0,82.805,47.0,163.0,70.0,31.554,7885.0,,,,,,,,,,Friday,4,False,4,16,299,20.764,20.401,True,,
8877689391,11200,7.43,7.43,0.0,0.0,0.0,7.4,0.01,102,6,300,1032,3891,2016-04-23,3886.0,161.917,24.0,618.0,0.429,178.0,11191.0,466.292,1367.0,3888.968,2.701,1440.0,0.429,618.0,408.0,102.0,6.0,300.0,1032.0,22.09,119.0,11191.0,7.772,367.0,93.944,53.0,165.0,82.0,29.051,9225.0,,,,,85.5,188.495,,25.59,1.0,Saturday,5,True,4,16,408,28.333,25.0,True,,Overweight
8877689391,16674,15.74,15.74,0.0,11.01,0.01,4.69,0.0,64,1,227,1148,3455,2016-04-24,3449.0,143.708,24.0,421.0,0.292,157.0,16660.0,694.167,9062.0,3452.867,2.398,1440.0,0.292,421.0,292.0,64.0,1.0,227.0,1148.0,19.612,135.0,16660.0,11.569,288.0,87.282,51.0,171.0,72.0,35.307,7100.0,,,,,85.5,188.495,,25.59,1.0,Sunday,6,True,4,16,292,20.278,21.918,True,,Overweight
8877689391,12986,8.74,8.74,0.0,2.37,0.07,6.27,0.01,113,8,218,1101,3802,2016-04-25,3798.0,158.25,24.0,573.0,0.398,159.0,12957.0,539.875,3025.0,3799.32,2.638,1440.0,0.398,573.0,339.0,113.0,8.0,218.0,1101.0,21.591,134.0,12957.0,8.998,318.0,89.803,49.0,176.0,76.0,31.928,9312.0,,,,,85.4,188.275,,25.56,1.0,Monday,0,False,4,17,339,23.542,33.333,True,,Overweight
8877689391,11101,8.43,8.43,0.0,1.76,0.13,6.5,0.0,22,3,258,1157,2860,2016-04-26,2854.0,118.917,24.0,330.0,0.229,64.0,11070.0,461.25,2310.0,2855.37,1.983,1440.0,0.229,330.0,283.0,22.0,3.0,258.0,1157.0,16.248,94.0,11070.0,7.688,283.0,67.56,49.0,125.0,65.0,11.467,7066.0,,,,,85.1,187.613,,25.49,1.0,Tuesday,1,False,4,17,283,19.653,7.774,True,,Overweight
8877689391,23629,20.65,20.65,0.0,13.07,0.44,7.1,0.0,93,8,235,1104,3808,2016-04-27,3800.0,158.333,24.0,530.0,0.368,157.0,23603.0,983.458,8586.0,3803.842,2.642,1440.0,0.368,530.0,336.0,93.0,8.0,235.0,1104.0,21.617,129.0,23603.0,16.391,335.0,84.78,46.0,163.0,72.0,32.609,7991.0,,,,,85.4,188.275,,25.56,1.0,Wednesday,2,False,4,17,336,23.333,27.679,True,,Overweight
8877689391,14890,11.3,11.3,0.0,4.93,0.38,5.97,0.0,58,8,231,1143,3060,2016-04-28,3058.0,127.417,24.0,421.0,0.292,108.0,14885.0,620.208,4092.0,3058.933,2.124,1440.0,0.292,421.0,297.0,58.0,8.0,231.0,1143.0,17.406,116.0,14885.0,10.337,297.0,66.809,47.0,153.0,61.0,15.596,6847.0,,,,,85.1,187.613,,25.49,1.0,Thursday,3,False,4,17,297,20.625,19.529,True,,Overweight
8877689391,9733,7.39,7.39,0.0,1.38,0.17,5.79,0.0,18,5,210,1207,2698,2016-04-29,2694.0,112.25,24.0,274.0,0.19,53.0,9700.0,404.167,1940.0,2695.322,1.872,1440.0,0.19,274.0,233.0,18.0,5.0,210.0,1207.0,15.361,88.0,9700.0,6.736,233.0,64.456,47.0,131.0,62.0,11.236,6974.0,,,,,84.9,187.172,,25.41,1.0,Friday,4,False,4,17,233,16.181,7.725,False,,Overweight
8877689391,27745,26.72,26.72,0.0,21.66,0.08,4.93,0.0,124,4,223,1089,4398,2016-04-30,4388.0,182.833,24.0,603.0,0.419,180.0,27710.0,1154.583,10554.0,4393.169,3.051,1440.0,0.419,603.0,351.0,124.0,4.0,223.0,1089.0,24.953,137.0,27710.0,19.243,348.0,102.18,49.0,170.0,81.0,41.585,8066.0,,,,,85.5,188.495,,25.59,1.0,Saturday,5,True,4,17,351,24.375,35.328,True,,Overweight
8877689391,10930,8.32,8.32,0.0,3.13,0.57,4.57,0.0,36,12,166,1226,2786,2016-05-01,2780.0,115.833,24.0,298.0,0.207,58.0,10890.0,453.75,2525.0,2783.082,1.933,1440.0,0.207,298.0,214.0,36.0,12.0,166.0,1226.0,15.824,100.0,10890.0,7.562,214.0,70.714,48.0,145.0,67.0,12.703,5983.0,,,,,85.3,188.054,,25.53,1.0,Sunday,6,True,5,17,214,14.861,16.822,True,,Overweight
8877689391,4790,3.64,3.64,0.0,0.0,0.0,3.56,0.0,0,0,105,1335,2189,2016-05-02,2181.0,90.875,24.0,105.0,0.073,23.0,4699.0,195.792,1219.0,2183.985,1.517,1440.0,0.073,105.0,105.0,0.0,0.0,105.0,1335.0,12.417,94.0,4699.0,3.263,105.0,65.862,47.0,108.0,63.0,9.15,2928.0,,,,,,,,,,Monday,0,False,5,18,105,7.292,0.0,False,,
8877689391,10818,8.21,8.21,0.0,1.39,0.1,6.67,0.01,19,3,229,1189,2817,2016-05-03,2813.0,117.208,24.0,292.0,0.203,43.0,10791.0,449.625,1322.0,2813.395,1.954,1440.0,0.203,292.0,251.0,19.0,3.0,229.0,1189.0,16.034,102.0,10791.0,7.494,248.0,67.47,48.0,150.0,64.0,12.372,7133.0,,,,,84.9,187.172,,25.41,1.0,Tuesday,1,False,5,18,251,17.431,7.57,True,,Overweight
8877689391,18193,16.3,16.3,0.0,10.42,0.31,5.53,0.0,66,8,212,1154,3477,2016-05-04,3472.0,144.667,24.0,426.0,0.296,168.0,18165.0,756.875,8741.0,3472.391,2.411,1440.0,0.296,426.0,286.0,66.0,8.0,212.0,1154.0,19.845,133.0,18165.0,12.615,284.0,88.372,56.0,168.0,74.0,32.533,7191.0,,,,,84.4,186.07,,25.26,1.0,Wednesday,2,False,5,18,286,19.861,23.077,True,,Overweight
8877689391,14055,10.67,10.67,0.0,5.46,0.82,4.37,0.0,67,15,188,1170,3052,2016-05-05,3050.0,127.083,24.0,419.0,0.291,132.0,14055.0,585.625,4870.0,3047.835,2.117,1440.0,0.291,419.0,270.0,67.0,15.0,188.0,1170.0,17.419,96.0,14055.0,9.76,270.0,72.851,53.0,142.0,69.0,13.217,6092.0,,,,,,,,,,Thursday,3,False,5,18,270,18.75,24.815,True,,
8877689391,21727,19.34,19.34,0.0,12.79,0.29,6.16,0.0,96,17,232,1095,4015,2016-05-06,4003.0,166.792,24.0,554.0,0.385,176.0,21622.0,900.917,9769.0,4003.037,2.78,1440.0,0.385,554.0,345.0,96.0,17.0,232.0,1095.0,22.803,137.0,21622.0,15.015,323.0,92.84,47.0,177.0,83.0,32.094,7662.0,,,,,85.0,187.393,,25.44,1.0,Friday,4,False,5,18,345,23.958,27.826,True,,Overweight
8877689391,12332,8.13,8.13,0.0,0.08,0.96,6.99,0.0,105,28,271,1036,4142,2016-05-07,4125.0,171.875,24.0,642.0,0.446,180.0,12212.0,508.833,1427.0,4127.629,2.866,1440.0,0.446,642.0,404.0,105.0,28.0,271.0,1036.0,23.512,117.0,12212.0,8.481,371.0,100.997,56.0,166.0,86.0,31.261,8699.0,,,,,,,,,,Saturday,5,True,5,18,404,28.056,25.99,True,,
8877689391,10686,8.11,8.11,0.0,1.08,0.2,6.8,0.0,17,4,245,1174,2847,2016-05-08,2840.0,118.333,24.0,304.0,0.211,54.0,10665.0,444.375,2298.0,2843.594,1.975,1440.0,0.211,304.0,266.0,17.0,4.0,245.0,1174.0,16.16,88.0,10665.0,7.406,264.0,72.551,54.0,137.0,70.0,11.03,6403.0,,,,,85.4,188.275,,25.56,1.0,Sunday,6,True,5,18,266,18.472,6.391,True,,Overweight
8877689391,20226,18.25,18.25,0.0,11.1,0.8,6.24,0.05,73,19,217,1131,3710,2016-05-09,3695.0,153.958,24.0,474.0,0.329,133.0,20156.0,839.833,7278.0,3700.18,2.57,1440.0,0.329,474.0,309.0,73.0,19.0,217.0,1131.0,21.007,139.0,20156.0,13.997,302.0,89.616,51.0,176.0,78.0,34.752,7612.0,,,,,85.5,188.495,,25.61,1.0,Monday,0,False,5,19,309,21.458,23.625,True,,Overweight
8877689391,10733,8.15,8.15,0.0,1.35,0.46,6.28,0.0,18,11,224,1187,2832,2016-05-10,2826.0,117.75,24.0,300.0,0.208,71.0,10693.0,445.542,2508.0,2829.995,1.965,1440.0,0.208,300.0,253.0,18.0,11.0,224.0,1187.0,16.067,98.0,10693.0,7.426,253.0,71.544,50.0,141.0,69.0,12.071,6242.0,,,,,,,,,,Tuesday,1,False,5,19,253,17.569,7.115,True,,
8877689391,21420,19.56,19.56,0.0,13.22,0.41,5.89,0.0,88,12,213,1127,3832,2016-05-11,3827.0,159.458,24.0,501.0,0.348,163.0,21391.0,891.292,8357.0,3828.037,2.658,1440.0,0.348,501.0,313.0,88.0,12.0,213.0,1127.0,21.754,141.0,21391.0,14.855,305.0,89.149,48.0,180.0,74.0,37.411,7913.0,,,,,85.4,188.275,,25.56,1.0,Wednesday,2,False,5,19,313,21.736,28.115,True,,Overweight
8877689391,8064,6.12,6.12,0.0,1.82,0.04,4.25,0.0,23,1,137,770,1849,2016-05-12,1771.0,118.067,15.0,197.0,0.219,93.0,7577.0,505.133,3135.0,1657.578,1.973,840.0,0.224,188.0,141.0,23.0,1.0,117.0,699.0,16.277,88.0,7120.0,8.476,140.0,71.087,53.0,122.0,66.0,13.952,3511.0,,,,,84.0,185.188,,25.14,1.0,Thursday,3,False,5,19,161,17.293,14.286,False,,Overweight
